"Order";"Symbol";"Name";"AtomicNumber";"Group";"Period";"Type";"Subtype";"State";"Valence";"AmountOfValences";"OrderGeneralValences";"OrderValenceOnElement";"SelectedValence";"RomanValence";"AtomicWeight._uma";"density_g_mL";"BoilingPoint";"FusionPoint";"Type_Metal";"Type_NonMetal";"Type_Metalloide";"Type_NobleGas";"State_Solid";"State_Liquid";"State_Gas";"State_Dude";"Subtype_Halogen";"Status_oxyde"
1;"H";"Hydrogen";1;1;1;"Non-metal";"Other Non-Metals";"Gas";"1";1;1;1;"1";"I";1.007975;6.99e-5;-252.9;-259.1;FALSE;TRUE;FALSE;FALSE;FALSE;FALSE;TRUE;FALSE;FALSE;TRUE
2;"He";"Helium";2;18;1;"Noble gas";"-";"Gas";"0";1;2;1;"0";"";4.002602;1.79e-4;-268.9;-272.2;FALSE;FALSE;FALSE;TRUE;FALSE;FALSE;TRUE;FALSE;FALSE;FALSE
3;"Li";"Lithium";3;1;2;"Metal";"Alkaline";"Solid";"1";1;3;1;"1";"I";6.9675;543;1342;180.5;TRUE;FALSE;FALSE;FALSE;TRUE;FALSE;FALSE;FALSE;FALSE;TRUE
4;"Be";"Beryllium";4;2;2;"Metal";"Alkaline earths";"Solid";"2";1;4;1;"2";"II";9.0121831;1.85;2970;1278;TRUE;FALSE;FALSE;FALSE;TRUE;FALSE;FALSE;FALSE;FALSE;TRUE
5;"B";"Boron";5;13;2;"Metalloid";"-";"Solid";"3";1;5;1;"3";"III";10.8135;2.34;2550;2079;FALSE;FALSE;FALSE;FALSE;TRUE;FALSE;FALSE;FALSE;FALSE;TRUE
6;"C";"Carbon";6;14;2;"Non-metal";"Other Non-Metals";"Solid";"2,4";2;6;1;"2";"II";12.0106;2.25;4827;3367;FALSE;TRUE;FALSE;FALSE;TRUE;FALSE;FALSE;FALSE;FALSE;TRUE
7;"C";"Carbon";6;14;2;"Non-metal";"Other Non-Metals";"Solid";"2,4";2;7;2;"4";"IV";12.0106;2.25;4827;3367;FALSE;TRUE;FALSE;FALSE;TRUE;FALSE;FALSE;FALSE;FALSE;TRUE
8;"N";"Nitrogen";7;15;2;"Non-metal";"Other Non-Metals";"Gas";"2,3,4,5";4;8;1;"2";"II";14.006855;0.00125;-195.8;-209.9;FALSE;TRUE;FALSE;FALSE;FALSE;FALSE;TRUE;FALSE;FALSE;TRUE
9;"N";"Nitrogen";7;15;2;"Non-metal";"Other Non-Metals";"Gas";"2,3,4,5";4;9;2;"3";"III";14.006855;0.00125;-195.8;-209.9;FALSE;TRUE;FALSE;FALSE;FALSE;FALSE;TRUE;FALSE;FALSE;TRUE
10;"N";"Nitrogen";7;15;2;"Non-metal";"Other Non-Metals";"Gas";"2,3,4,5";4;10;3;"4";"IV";14.006855;0.00125;-195.8;-209.9;FALSE;TRUE;FALSE;FALSE;FALSE;FALSE;TRUE;FALSE;FALSE;TRUE
11;"N";"Nitrogen";7;15;2;"Non-metal";"Other Non-Metals";"Gas";"2,3,4,5";4;11;4;"5";"V";14.006855;0.00125;-195.8;-209.9;FALSE;TRUE;FALSE;FALSE;FALSE;FALSE;TRUE;FALSE;FALSE;TRUE
12;"O";"Oxygen";8;16;2;"Non-metal";"Other Non-Metals";"Gas";"2";1;12;1;"2";"II";15.9994;0.00143;-183;-218.4;FALSE;TRUE;FALSE;FALSE;FALSE;FALSE;TRUE;FALSE;FALSE;FALSE
13;"F";"Fluorine";9;17;2;"Non-metal";"Halogens";"Gas";"1";1;13;1;"1";"I";18.99840316;0.0017;-188.1;-219.8;FALSE;TRUE;FALSE;FALSE;FALSE;FALSE;TRUE;FALSE;TRUE;TRUE
14;"Ne";"Neon";10;18;2;"Noble gas";"-";"Gas";"0";1;14;1;"0";"";20.1797;9e-4;-248.7;-248;FALSE;FALSE;FALSE;TRUE;FALSE;FALSE;TRUE;FALSE;FALSE;FALSE
15;"Na";"Sodium";11;1;3;"Metal";"Alkaline";"Solid";"1";1;15;1;"1";"I";22.98976928;971;883;97.8;TRUE;FALSE;FALSE;FALSE;TRUE;FALSE;FALSE;FALSE;FALSE;TRUE
16;"Mg";"Magnesium";12;2;3;"Metal";"Alkaline earths";"Solid";"2";1;16;1;"2";"II";24.3055;1.74;1090;649;TRUE;FALSE;FALSE;FALSE;TRUE;FALSE;FALSE;FALSE;FALSE;TRUE
17;"Al";"Aluminum";13;13;3;"Metal";"Metals from Block p";"Solid";"3";1;17;1;"3";"III";26.9815385;2.7;2467;660;TRUE;FALSE;FALSE;FALSE;TRUE;FALSE;FALSE;FALSE;FALSE;TRUE
18;"Si";"Silicon";14;14;3;"Metalloid";"-";"Solid";"4";1;18;1;"4";"IV";28085;2.33;2355;1410;FALSE;FALSE;FALSE;FALSE;TRUE;FALSE;FALSE;FALSE;FALSE;TRUE
19;"P";"Match";15;15;3;"Non-metal";"Other Non-Metals";"Solid";"3,4,5";3;19;1;"3";"III";30.973762;1.82;280;44.1;FALSE;TRUE;FALSE;FALSE;TRUE;FALSE;FALSE;FALSE;FALSE;TRUE
20;"P";"Match";15;15;3;"Non-metal";"Other Non-Metals";"Solid";"3,4,5";3;20;2;"4";"IV";30.973762;1.82;280;44.1;FALSE;TRUE;FALSE;FALSE;TRUE;FALSE;FALSE;FALSE;FALSE;TRUE
21;"P";"Match";15;15;3;"Non-metal";"Other Non-Metals";"Solid";"3,4,5";3;21;3;"5";"V";30.973762;1.82;280;44.1;FALSE;TRUE;FALSE;FALSE;TRUE;FALSE;FALSE;FALSE;FALSE;TRUE
22;"S";"Sulfur";16;16;3;"Non-metal";"Other Non-Metals";"Solid";"2,4,6";3;22;1;"2";"II";32.0675;2.07;444.7;112.8;FALSE;TRUE;FALSE;FALSE;TRUE;FALSE;FALSE;FALSE;FALSE;TRUE
23;"S";"Sulfur";16;16;3;"Non-metal";"Other Non-Metals";"Solid";"2,4,6";3;23;2;"4";"IV";32.0675;2.07;444.7;112.8;FALSE;TRUE;FALSE;FALSE;TRUE;FALSE;FALSE;FALSE;FALSE;TRUE
24;"S";"Sulfur";16;16;3;"Non-metal";"Other Non-Metals";"Solid";"2,4,6";3;24;3;"6";"VI";32.0675;2.07;444.7;112.8;FALSE;TRUE;FALSE;FALSE;TRUE;FALSE;FALSE;FALSE;FALSE;TRUE
25;"Cl";"Chlorine";17;17;3;"Non-metal";"Halogens";"Gas";"1,3,5,7";4;25;1;"1";"I";35.4515;0.00321;-34.6;-101;FALSE;TRUE;FALSE;FALSE;FALSE;FALSE;TRUE;FALSE;TRUE;TRUE
26;"Cl";"Chlorine";17;17;3;"Non-metal";"Halogens";"Gas";"1,3,5,7";4;26;2;"3";"III";35.4515;0.00321;-34.6;-101;FALSE;TRUE;FALSE;FALSE;FALSE;FALSE;TRUE;FALSE;TRUE;TRUE
27;"Cl";"Chlorine";17;17;3;"Non-metal";"Halogens";"Gas";"1,3,5,7";4;27;3;"5";"V";35.4515;0.00321;-34.6;-101;FALSE;TRUE;FALSE;FALSE;FALSE;FALSE;TRUE;FALSE;TRUE;TRUE
28;"Cl";"Chlorine";17;17;3;"Non-metal";"Halogens";"Gas";"1,3,5,7";4;28;4;"7";"VII";35.4515;0.00321;-34.6;-101;FALSE;TRUE;FALSE;FALSE;FALSE;FALSE;TRUE;FALSE;TRUE;TRUE
29;"Ar";"Argon";18;18;3;"Noble gas";"-";"Gas";"0";1;29;1;"0";"";39948;0.00178;-185.7;-189.2;FALSE;FALSE;FALSE;TRUE;FALSE;FALSE;TRUE;FALSE;FALSE;FALSE
30;"K";"Potassium";19;1;4;"Metal";"Alkaline";"Solid";"1";1;30;1;"1";"I";39.0983;0.86;760;63.25;TRUE;FALSE;FALSE;FALSE;TRUE;FALSE;FALSE;FALSE;FALSE;TRUE
31;"Ca";"Calcium";20;2;4;"Metal";"Alkaline earths";"Solid";"2";1;31;1;"2";"II";40078;1.55;1484;839;TRUE;FALSE;FALSE;FALSE;TRUE;FALSE;FALSE;FALSE;FALSE;TRUE
32;"Sc";"Scandium";21;3;4;"Metal";"Transition Metals";"Solid";"3";1;32;1;"3";"III";44.955908;2.99;2832;1541;TRUE;FALSE;FALSE;FALSE;TRUE;FALSE;FALSE;FALSE;FALSE;TRUE
33;"Ti";"Titanium";22;4;4;"Metal";"Transition Metals";"Solid";"3,4";2;33;1;"3";"III";47867;4.54;3287;1660;TRUE;FALSE;FALSE;FALSE;TRUE;FALSE;FALSE;FALSE;FALSE;TRUE
34;"Ti";"Titanium";22;4;4;"Metal";"Transition Metals";"Solid";"3,4";2;34;2;"4";"IV";47867;4.54;3287;1660;TRUE;FALSE;FALSE;FALSE;TRUE;FALSE;FALSE;FALSE;FALSE;TRUE
35;"V";"Vanadium";23;5;4;"Metal";"Transition Metals";"Solid";"2,3,4,5";4;35;1;"2";"II";50.9415;6.11;3380;1890;TRUE;FALSE;FALSE;FALSE;TRUE;FALSE;FALSE;FALSE;FALSE;TRUE
36;"V";"Vanadium";23;5;4;"Metal";"Transition Metals";"Solid";"2,3,4,5";4;36;2;"3";"III";50.9415;6.11;3380;1890;TRUE;FALSE;FALSE;FALSE;TRUE;FALSE;FALSE;FALSE;FALSE;TRUE
37;"V";"Vanadium";23;5;4;"Metal";"Transition Metals";"Solid";"2,3,4,5";4;37;3;"4";"IV";50.9415;6.11;3380;1890;TRUE;FALSE;FALSE;FALSE;TRUE;FALSE;FALSE;FALSE;FALSE;TRUE
38;"V";"Vanadium";23;5;4;"Metal";"Transition Metals";"Solid";"2,3,4,5";4;38;4;"5";"V";50.9415;6.11;3380;1890;TRUE;FALSE;FALSE;FALSE;TRUE;FALSE;FALSE;FALSE;FALSE;TRUE
39;"Cr";"Chrome";24;6;4;"Metal";"Transition Metals";"Solid";"2,3,6";3;39;1;"2";"II";51.9961;7.19;2672;1857;TRUE;FALSE;FALSE;FALSE;TRUE;FALSE;FALSE;FALSE;FALSE;TRUE
40;"Cr";"Chrome";24;6;4;"Metal";"Transition Metals";"Solid";"2,3,6";3;40;2;"3";"III";51.9961;7.19;2672;1857;TRUE;FALSE;FALSE;FALSE;TRUE;FALSE;FALSE;FALSE;FALSE;TRUE
41;"Cr";"Chrome";24;6;4;"Metal";"Transition Metals";"Solid";"2,3,6";3;41;3;"6";"VI";51.9961;7.19;2672;1857;TRUE;FALSE;FALSE;FALSE;TRUE;FALSE;FALSE;FALSE;FALSE;TRUE
42;"Mn";"Manganese";25;7;4;"Metal";"Transition Metals";"Solid";"2,3,4,6,7";5;42;1;"2";"II";54.938044;7.43;1962;1244;TRUE;FALSE;FALSE;FALSE;TRUE;FALSE;FALSE;FALSE;FALSE;TRUE
43;"Mn";"Manganese";25;7;4;"Metal";"Transition Metals";"Solid";"2,3,4,6,7";5;43;2;"3";"III";54.938044;7.43;1962;1244;TRUE;FALSE;FALSE;FALSE;TRUE;FALSE;FALSE;FALSE;FALSE;TRUE
44;"Mn";"Manganese";25;7;4;"Metal";"Transition Metals";"Solid";"2,3,4,6,7";5;44;3;"4";"IV";54.938044;7.43;1962;1244;TRUE;FALSE;FALSE;FALSE;TRUE;FALSE;FALSE;FALSE;FALSE;TRUE
45;"Mn";"Manganese";25;7;4;"Metal";"Transition Metals";"Solid";"2,3,4,6,7";5;45;4;"6";"VI";54.938044;7.43;1962;1244;TRUE;FALSE;FALSE;FALSE;TRUE;FALSE;FALSE;FALSE;FALSE;TRUE
46;"Mn";"Manganese";25;7;4;"Metal";"Transition Metals";"Solid";"2,3,4,6,7";5;46;5;"7";"VII";54.938044;7.43;1962;1244;TRUE;FALSE;FALSE;FALSE;TRUE;FALSE;FALSE;FALSE;FALSE;TRUE
47;"Fe";"Iron";26;8;4;"Metal";"Transition Metals";"Solid";"2,3";2;47;1;"2";"II";55845;7.86;2750;1535;TRUE;FALSE;FALSE;FALSE;TRUE;FALSE;FALSE;FALSE;FALSE;TRUE
48;"Fe";"Iron";26;8;4;"Metal";"Transition Metals";"Solid";"2,3";2;48;2;"3";"III";55845;7.86;2750;1535;TRUE;FALSE;FALSE;FALSE;TRUE;FALSE;FALSE;FALSE;FALSE;TRUE
49;"Co";"Cobalt";27;9;4;"Metal";"Transition Metals";"Solid";"2,3";2;49;1;"2";"II";58.933194;8.9;2870;1495;TRUE;FALSE;FALSE;FALSE;TRUE;FALSE;FALSE;FALSE;FALSE;TRUE
50;"Co";"Cobalt";27;9;4;"Metal";"Transition Metals";"Solid";"2,3";2;50;2;"3";"III";58.933194;8.9;2870;1495;TRUE;FALSE;FALSE;FALSE;TRUE;FALSE;FALSE;FALSE;FALSE;TRUE
51;"Ni";"Nickel";28;10;4;"Metal";"Transition Metals";"Solid";"2,3";2;51;1;"2";"II";58.6934;8.9;2730;1453;TRUE;FALSE;FALSE;FALSE;TRUE;FALSE;FALSE;FALSE;FALSE;TRUE
52;"Ni";"Nickel";28;10;4;"Metal";"Transition Metals";"Solid";"2,3";2;52;2;"3";"III";58.6934;8.9;2730;1453;TRUE;FALSE;FALSE;FALSE;TRUE;FALSE;FALSE;FALSE;FALSE;TRUE
53;"Cu";"Copper";29;11;4;"Metal";"Transition Metals";"Solid";"1,2";2;53;1;"1";"I";63546;8.96;2567;1083;TRUE;FALSE;FALSE;FALSE;TRUE;FALSE;FALSE;FALSE;FALSE;TRUE
54;"Cu";"Copper";29;11;4;"Metal";"Transition Metals";"Solid";"1,2";2;54;2;"2";"II";63546;8.96;2567;1083;TRUE;FALSE;FALSE;FALSE;TRUE;FALSE;FALSE;FALSE;FALSE;TRUE
55;"Zn";"Zinc";30;12;4;"Metal";"Transition Metals";"Solid";"2";1;55;1;"2";"II";65.38;7.13;906;419.6;TRUE;FALSE;FALSE;FALSE;TRUE;FALSE;FALSE;FALSE;FALSE;TRUE
56;"Ga";"Gallium";31;13;4;"Metal";"Metals from Block p";"Liquid";"3";1;56;1;"3";"III";69723;5.9;2403;29.8;TRUE;FALSE;FALSE;FALSE;FALSE;TRUE;FALSE;FALSE;FALSE;TRUE
57;"Ge";"Germanium";32;14;4;"Metalloid";"-";"Solid";"4";1;57;1;"4";"IV";72.63;5.32;2830;947.4;FALSE;FALSE;FALSE;FALSE;TRUE;FALSE;FALSE;FALSE;FALSE;TRUE
58;"As";"Arsenic";33;15;4;"Metalloid";"-";"Solid";"3,5";2;58;1;"3";"III";74.921595;5.73;617;817;FALSE;FALSE;FALSE;FALSE;TRUE;FALSE;FALSE;FALSE;FALSE;TRUE
59;"As";"Arsenic";33;15;4;"Metalloid";"-";"Solid";"3,5";2;59;2;"5";"V";74.921595;5.73;617;817;FALSE;FALSE;FALSE;FALSE;TRUE;FALSE;FALSE;FALSE;FALSE;TRUE
60;"Se";"Selenium";34;16;4;"Non-metal";"Other Non-Metals";"Solid";"4,6";2;60;1;"4";"IV";78971;4.79;685;217;FALSE;TRUE;FALSE;FALSE;TRUE;FALSE;FALSE;FALSE;FALSE;TRUE
61;"Se";"Selenium";34;16;4;"Non-metal";"Other Non-Metals";"Solid";"4,6";2;61;2;"6";"VI";78971;4.79;685;217;FALSE;TRUE;FALSE;FALSE;TRUE;FALSE;FALSE;FALSE;FALSE;TRUE
62;"Br";"Bromine";35;17;4;"Non-metal";"Halogens";"Liquid";"1,5";2;62;1;"1";"I";79904;3.12;58.8;-7.2;FALSE;TRUE;FALSE;FALSE;FALSE;TRUE;FALSE;FALSE;TRUE;TRUE
63;"Br";"Bromine";35;17;4;"Non-metal";"Halogens";"Liquid";"1,5";2;63;2;"5";"V";79904;3.12;58.8;-7.2;FALSE;TRUE;FALSE;FALSE;FALSE;TRUE;FALSE;FALSE;TRUE;TRUE
64;"Kr";"Krypton";36;18;4;"Noble gas";"-";"Gas";"0";1;64;1;"0";"";83798;0.00374;-152;-157;FALSE;FALSE;FALSE;TRUE;FALSE;FALSE;TRUE;FALSE;FALSE;FALSE
65;"Rb";"Rubidium";37;1;5;"Metal";"Alkaline";"Solid";"1";1;65;1;"1";"I";85.4678;1.53;686;38.9;TRUE;FALSE;FALSE;FALSE;TRUE;FALSE;FALSE;FALSE;FALSE;TRUE
66;"Sr";"Strontium";38;2;5;"Metal";"Alkaline earths";"Solid";"2";1;66;1;"2";"II";87.62;2.54;1384;769;TRUE;FALSE;FALSE;FALSE;TRUE;FALSE;FALSE;FALSE;FALSE;TRUE
67;"Y";"Yttrium";39;3;5;"Metal";"Transition Metals";"Solid";"3";1;67;1;"3";"III";88.90584;4.47;3337;1523;TRUE;FALSE;FALSE;FALSE;TRUE;FALSE;FALSE;FALSE;FALSE;TRUE
68;"Zr";"Zirconium";40;4;5;"Metal";"Transition Metals";"Solid";"4";1;68;1;"4";"IV";91224;6.51;4377;1852;TRUE;FALSE;FALSE;FALSE;TRUE;FALSE;FALSE;FALSE;FALSE;TRUE
69;"Nb";"Niobium";41;5;5;"Metal";"Transition Metals";"Solid";"3,5";2;69;1;"3";"III";92.90637;8.57;4742;2468;TRUE;FALSE;FALSE;FALSE;TRUE;FALSE;FALSE;FALSE;FALSE;TRUE
70;"Nb";"Niobium";41;5;5;"Metal";"Transition Metals";"Solid";"3,5";2;70;2;"5";"V";92.90637;8.57;4742;2468;TRUE;FALSE;FALSE;FALSE;TRUE;FALSE;FALSE;FALSE;FALSE;TRUE
71;"Mo";"Molybdenum";42;6;5;"Metal";"Transition Metals";"Solid";"2,3,4,5,6";5;71;1;"2";"II";95.95;10.2;4612;2617;TRUE;FALSE;FALSE;FALSE;TRUE;FALSE;FALSE;FALSE;FALSE;TRUE
72;"Mo";"Molybdenum";42;6;5;"Metal";"Transition Metals";"Solid";"2,3,4,5,6";5;72;2;"3";"III";95.95;10.2;4612;2617;TRUE;FALSE;FALSE;FALSE;TRUE;FALSE;FALSE;FALSE;FALSE;TRUE
73;"Mo";"Molybdenum";42;6;5;"Metal";"Transition Metals";"Solid";"2,3,4,5,6";5;73;3;"4";"IV";95.95;10.2;4612;2617;TRUE;FALSE;FALSE;FALSE;TRUE;FALSE;FALSE;FALSE;FALSE;TRUE
74;"Mo";"Molybdenum";42;6;5;"Metal";"Transition Metals";"Solid";"2,3,4,5,6";5;74;4;"5";"V";95.95;10.2;4612;2617;TRUE;FALSE;FALSE;FALSE;TRUE;FALSE;FALSE;FALSE;FALSE;TRUE
75;"Mo";"Molybdenum";42;6;5;"Metal";"Transition Metals";"Solid";"2,3,4,5,6";5;75;5;"6";"VI";95.95;10.2;4612;2617;TRUE;FALSE;FALSE;FALSE;TRUE;FALSE;FALSE;FALSE;FALSE;TRUE
76;"Tc";"Technetium";43;7;5;"Metal";"Transition Metals";"Solid";"7";1;76;1;"7";"VII";98;11.5;4877;2172;TRUE;FALSE;FALSE;FALSE;TRUE;FALSE;FALSE;FALSE;FALSE;TRUE
77;"Ru";"Ruthenium";44;8;5;"Metal";"Transition Metals";"Solid";"2,3,4,6,8";5;77;1;"2";"II";101.07;12.4;3900;2310;TRUE;FALSE;FALSE;FALSE;TRUE;FALSE;FALSE;FALSE;FALSE;TRUE
78;"Ru";"Ruthenium";44;8;5;"Metal";"Transition Metals";"Solid";"2,3,4,6,8";5;78;2;"3";"III";101.07;12.4;3900;2310;TRUE;FALSE;FALSE;FALSE;TRUE;FALSE;FALSE;FALSE;FALSE;TRUE
79;"Ru";"Ruthenium";44;8;5;"Metal";"Transition Metals";"Solid";"2,3,4,6,8";5;79;3;"4";"IV";101.07;12.4;3900;2310;TRUE;FALSE;FALSE;FALSE;TRUE;FALSE;FALSE;FALSE;FALSE;TRUE
80;"Ru";"Ruthenium";44;8;5;"Metal";"Transition Metals";"Solid";"2,3,4,6,8";5;80;4;"6";"VI";101.07;12.4;3900;2310;TRUE;FALSE;FALSE;FALSE;TRUE;FALSE;FALSE;FALSE;FALSE;TRUE
81;"Ru";"Ruthenium";44;8;5;"Metal";"Transition Metals";"Solid";"2,3,4,6,8";5;81;5;"8";"VIII";101.07;12.4;3900;2310;TRUE;FALSE;FALSE;FALSE;TRUE;FALSE;FALSE;FALSE;FALSE;TRUE
82;"Rh";"Rhodium";45;9;5;"Metal";"Transition Metals";"Solid";"2,3,4";3;82;1;"2";"II";102.9055;12.4;3727;1966;TRUE;FALSE;FALSE;FALSE;TRUE;FALSE;FALSE;FALSE;FALSE;TRUE
83;"Rh";"Rhodium";45;9;5;"Metal";"Transition Metals";"Solid";"2,3,4";3;83;2;"3";"III";102.9055;12.4;3727;1966;TRUE;FALSE;FALSE;FALSE;TRUE;FALSE;FALSE;FALSE;FALSE;TRUE
84;"Rh";"Rhodium";45;9;5;"Metal";"Transition Metals";"Solid";"2,3,4";3;84;3;"4";"IV";102.9055;12.4;3727;1966;TRUE;FALSE;FALSE;FALSE;TRUE;FALSE;FALSE;FALSE;FALSE;TRUE
85;"Pd";"Palladium";46;10;5;"Metal";"Transition Metals";"Solid";"2,4";2;85;1;"2";"II";106.42;12;3140;1554;TRUE;FALSE;FALSE;FALSE;TRUE;FALSE;FALSE;FALSE;FALSE;TRUE
86;"Pd";"Palladium";46;10;5;"Metal";"Transition Metals";"Solid";"2,4";2;86;2;"4";"IV";106.42;12;3140;1554;TRUE;FALSE;FALSE;FALSE;TRUE;FALSE;FALSE;FALSE;FALSE;TRUE
87;"Ag";"Silver";47;11;5;"Metal";"Transition Metals";"Solid";"1";1;87;1;"1";"I";107.8682;10.5;2212;962;TRUE;FALSE;FALSE;FALSE;TRUE;FALSE;FALSE;FALSE;FALSE;TRUE
88;"Cd";"Cadmium";48;12;5;"Metal";"Transition Metals";"Solid";"2";1;88;1;"2";"II";112414;8.65;765;320.9;TRUE;FALSE;FALSE;FALSE;TRUE;FALSE;FALSE;FALSE;FALSE;TRUE
89;"In";"Indian";49;13;5;"Metal";"Metals from Block p";"Solid";"3";1;89;1;"3";"III";114818;7.31;2080;156.6;TRUE;FALSE;FALSE;FALSE;TRUE;FALSE;FALSE;FALSE;FALSE;TRUE
90;"Sn";"Tin";50;14;5;"Metal";"Metals from Block p";"Solid";"2,4";2;90;1;"2";"II";118.71;7.31;2270;232;TRUE;FALSE;FALSE;FALSE;TRUE;FALSE;FALSE;FALSE;FALSE;TRUE
91;"Sn";"Tin";50;14;5;"Metal";"Metals from Block p";"Solid";"2,4";2;91;2;"4";"IV";118.71;7.31;2270;232;TRUE;FALSE;FALSE;FALSE;TRUE;FALSE;FALSE;FALSE;FALSE;TRUE
92;"Sb";"Antimony";51;15;5;"Metalloid";"-";"Solid";"3,5";2;92;1;"3";"III";121.76;6.69;1950;631;FALSE;FALSE;FALSE;FALSE;TRUE;FALSE;FALSE;FALSE;FALSE;TRUE
93;"Sb";"Antimony";51;15;5;"Metalloid";"-";"Solid";"3,5";2;93;2;"5";"V";121.76;6.69;1950;631;FALSE;FALSE;FALSE;FALSE;TRUE;FALSE;FALSE;FALSE;FALSE;TRUE
94;"Te";"Tellurium";52;16;5;"Metalloid";"-";"Solid";"2,4,6";3;94;1;"2";"II";127.6;6.24;989.8;449.5;FALSE;FALSE;FALSE;FALSE;TRUE;FALSE;FALSE;FALSE;FALSE;TRUE
95;"Te";"Tellurium";52;16;5;"Metalloid";"-";"Solid";"2,4,6";3;95;2;"4";"IV";127.6;6.24;989.8;449.5;FALSE;FALSE;FALSE;FALSE;TRUE;FALSE;FALSE;FALSE;FALSE;TRUE
96;"Te";"Tellurium";52;16;5;"Metalloid";"-";"Solid";"2,4,6";3;96;3;"6";"VI";127.6;6.24;989.8;449.5;FALSE;FALSE;FALSE;FALSE;TRUE;FALSE;FALSE;FALSE;FALSE;TRUE
97;"I";"Iodine";53;17;5;"Non-metal";"Halogens";"Solid";"1,5,7";3;97;1;"1";"I";126.90447;4.93;184;113.5;FALSE;TRUE;FALSE;FALSE;TRUE;FALSE;FALSE;FALSE;TRUE;TRUE
98;"I";"Iodine";53;17;5;"Non-metal";"Halogens";"Solid";"1,5,7";3;98;2;"5";"V";126.90447;4.93;184;113.5;FALSE;TRUE;FALSE;FALSE;TRUE;FALSE;FALSE;FALSE;TRUE;TRUE
99;"I";"Iodine";53;17;5;"Non-metal";"Halogens";"Solid";"1,5,7";3;99;3;"7";"VII";126.90447;4.93;184;113.5;FALSE;TRUE;FALSE;FALSE;TRUE;FALSE;FALSE;FALSE;TRUE;TRUE
100;"Xe";"Xenon";54;18;5;"Noble gas";"-";"Gas";"0";1;100;1;"0";"";131293;0.00589;-107.1;-111.8;FALSE;FALSE;FALSE;TRUE;FALSE;FALSE;TRUE;FALSE;FALSE;FALSE
101;"Cs";"Cesium";55;1;6;"Metal";"Alkaline";"Liquid";"1";1;101;1;"1";"I";132.905452;1.87;669;28.4;TRUE;FALSE;FALSE;FALSE;FALSE;TRUE;FALSE;FALSE;FALSE;TRUE
102;"Ba";"Barium";56;2;6;"Metal";"Alkaline earths";"Solid";"2";1;102;1;"2";"II";137327;3.5;1640;725;TRUE;FALSE;FALSE;FALSE;TRUE;FALSE;FALSE;FALSE;FALSE;TRUE
103;"La";"Lanthanum";57;3;6;"Metal";"Lanthanides";"Solid";"3";1;103;1;"3";"III";138.90547;6.15;3454;920;TRUE;FALSE;FALSE;FALSE;TRUE;FALSE;FALSE;FALSE;FALSE;TRUE
104;"Ce";"Cerium";58;3;6;"Metal";"Lanthanides";"Solid";"3,4";2;104;1;"3";"III";140116;6.66;3257;798;TRUE;FALSE;FALSE;FALSE;TRUE;FALSE;FALSE;FALSE;FALSE;TRUE
105;"Ce";"Cerium";58;3;6;"Metal";"Lanthanides";"Solid";"3,4";2;105;2;"4";"IV";140116;6.66;3257;798;TRUE;FALSE;FALSE;FALSE;TRUE;FALSE;FALSE;FALSE;FALSE;TRUE
106;"Pr";"Praseodymium";59;3;6;"Metal";"Lanthanides";"Solid";"3,4";2;106;1;"3";"III";140.90766;6.77;3017;931;TRUE;FALSE;FALSE;FALSE;TRUE;FALSE;FALSE;FALSE;FALSE;TRUE
107;"Pr";"Praseodymium";59;3;6;"Metal";"Lanthanides";"Solid";"3,4";2;107;2;"4";"IV";140.90766;6.77;3017;931;TRUE;FALSE;FALSE;FALSE;TRUE;FALSE;FALSE;FALSE;FALSE;TRUE
108;"Nd";"Neodymium";60;3;6;"Metal";"Lanthanides";"Solid";"3";1;108;1;"3";"III";144242;7;3127;1016;TRUE;FALSE;FALSE;FALSE;TRUE;FALSE;FALSE;FALSE;FALSE;TRUE
109;"Pm";"Promise";61;3;6;"Metal";"Lanthanides";"Solid";"3";1;109;1;"3";"III";145;7.26;3000;1042;TRUE;FALSE;FALSE;FALSE;TRUE;FALSE;FALSE;FALSE;FALSE;TRUE
110;"Sm";"Samarium";62;3;6;"Metal";"Lanthanides";"Solid";"2,3";2;110;1;"2";"II";150.36;7.52;1794;1074;TRUE;FALSE;FALSE;FALSE;TRUE;FALSE;FALSE;FALSE;FALSE;TRUE
111;"Sm";"Samarium";62;3;6;"Metal";"Lanthanides";"Solid";"2,3";2;111;2;"3";"III";150.36;7.52;1794;1074;TRUE;FALSE;FALSE;FALSE;TRUE;FALSE;FALSE;FALSE;FALSE;TRUE
112;"Eu";"Europium";63;3;6;"Metal";"Lanthanides";"Solid";"2,3";2;112;1;"2";"II";151964;5.24;1529;822;TRUE;FALSE;FALSE;FALSE;TRUE;FALSE;FALSE;FALSE;FALSE;TRUE
113;"Eu";"Europium";63;3;6;"Metal";"Lanthanides";"Solid";"2,3";2;113;2;"3";"III";151964;5.24;1529;822;TRUE;FALSE;FALSE;FALSE;TRUE;FALSE;FALSE;FALSE;FALSE;TRUE
114;"Gd";"Gadolinium";64;3;6;"Metal";"Lanthanides";"Solid";"3";1;114;1;"3";"III";157.25;7.9;3273;1313;TRUE;FALSE;FALSE;FALSE;TRUE;FALSE;FALSE;FALSE;FALSE;TRUE
115;"Tb";"Terbium";65;3;6;"Metal";"Lanthanides";"Solid";"3,4";2;115;1;"3";"III";158.92535;8.23;3230;1365;TRUE;FALSE;FALSE;FALSE;TRUE;FALSE;FALSE;FALSE;FALSE;TRUE
116;"Tb";"Terbium";65;3;6;"Metal";"Lanthanides";"Solid";"3,4";2;116;2;"4";"IV";158.92535;8.23;3230;1365;TRUE;FALSE;FALSE;FALSE;TRUE;FALSE;FALSE;FALSE;FALSE;TRUE
117;"Dy";"Dysprosium";66;3;6;"Metal";"Lanthanides";"Solid";"3";1;117;1;"3";"III";162.5;8.55;2567;1412;TRUE;FALSE;FALSE;FALSE;TRUE;FALSE;FALSE;FALSE;FALSE;TRUE
118;"Ho";"Holmium";67;3;6;"Metal";"Lanthanides";"Solid";"3";1;118;1;"3";"III";164.93033;8.8;2700;1474;TRUE;FALSE;FALSE;FALSE;TRUE;FALSE;FALSE;FALSE;FALSE;TRUE
119;"Er";"Erbium";68;3;6;"Metal";"Lanthanides";"Solid";"3";1;119;1;"3";"III";167259;9.07;2868;1529;TRUE;FALSE;FALSE;FALSE;TRUE;FALSE;FALSE;FALSE;FALSE;TRUE
120;"Tm";"Thulium";69;3;6;"Metal";"Lanthanides";"Solid";"3,2";2;120;2;"3";"III";168.93422;9.32;1950;1545;TRUE;FALSE;FALSE;FALSE;TRUE;FALSE;FALSE;FALSE;FALSE;TRUE
121;"Tm";"Thulium";69;3;6;"Metal";"Lanthanides";"Solid";"3,2";2;121;1;"2";"II";168.93422;9.32;1950;1545;TRUE;FALSE;FALSE;FALSE;TRUE;FALSE;FALSE;FALSE;FALSE;TRUE
122;"Yb";"Ytterbium";70;3;6;"Metal";"Lanthanides";"Solid";"2,3";2;122;1;"2";"II";173054;6.97;1196;819;TRUE;FALSE;FALSE;FALSE;TRUE;FALSE;FALSE;FALSE;FALSE;TRUE
123;"Yb";"Ytterbium";70;3;6;"Metal";"Lanthanides";"Solid";"2,3";2;123;2;"3";"III";173054;6.97;1196;819;TRUE;FALSE;FALSE;FALSE;TRUE;FALSE;FALSE;FALSE;FALSE;TRUE
124;"Lu";"Lutetium";71;3;6;"Metal";"Lanthanides";"Solid";"3";1;124;1;"3";"III";174.9668;9.84;3402;1663;TRUE;FALSE;FALSE;FALSE;TRUE;FALSE;FALSE;FALSE;FALSE;TRUE
125;"Hf";"Hafnium";72;4;6;"Metal";"Lanthanides";"Solid";"4";1;125;1;"4";"IV";178.49;13.3;4600;2227;TRUE;FALSE;FALSE;FALSE;TRUE;FALSE;FALSE;FALSE;FALSE;TRUE
126;"Ta";"Tantalum";73;5;6;"Metal";"Lanthanides";"Solid";"5";1;126;1;"5";"V";180.94788;16.6;5425;2996;TRUE;FALSE;FALSE;FALSE;TRUE;FALSE;FALSE;FALSE;FALSE;TRUE
127;"W";"Tungsten";74;6;6;"Metal";"Lanthanides";"Solid";"2,3,4,5,6";5;127;1;"2";"II";183.84;19.3;5660;3410;TRUE;FALSE;FALSE;FALSE;TRUE;FALSE;FALSE;FALSE;FALSE;TRUE
128;"W";"Tungsten";74;6;6;"Metal";"Lanthanides";"Solid";"2,3,4,5,6";5;128;2;"3";"III";183.84;19.3;5660;3410;TRUE;FALSE;FALSE;FALSE;TRUE;FALSE;FALSE;FALSE;FALSE;TRUE
129;"W";"Tungsten";74;6;6;"Metal";"Lanthanides";"Solid";"2,3,4,5,6";5;129;3;"4";"IV";183.84;19.3;5660;3410;TRUE;FALSE;FALSE;FALSE;TRUE;FALSE;FALSE;FALSE;FALSE;TRUE
130;"W";"Tungsten";74;6;6;"Metal";"Lanthanides";"Solid";"2,3,4,5,6";5;130;4;"5";"V";183.84;19.3;5660;3410;TRUE;FALSE;FALSE;FALSE;TRUE;FALSE;FALSE;FALSE;FALSE;TRUE
131;"W";"Tungsten";74;6;6;"Metal";"Lanthanides";"Solid";"2,3,4,5,6";5;131;5;"6";"VI";183.84;19.3;5660;3410;TRUE;FALSE;FALSE;FALSE;TRUE;FALSE;FALSE;FALSE;FALSE;TRUE
132;"Re";"Rhenium";75;7;6;"Metal";"Lanthanides";"Solid";"1,2,4,6,7";5;132;1;"1";"I";186207;21;5600;3180;TRUE;FALSE;FALSE;FALSE;TRUE;FALSE;FALSE;FALSE;FALSE;TRUE
133;"Re";"Rhenium";75;7;6;"Metal";"Lanthanides";"Solid";"1,2,4,6,7";5;133;2;"2";"II";186207;21;5600;3180;TRUE;FALSE;FALSE;FALSE;TRUE;FALSE;FALSE;FALSE;FALSE;TRUE
134;"Re";"Rhenium";75;7;6;"Metal";"Lanthanides";"Solid";"1,2,4,6,7";5;134;3;"4";"IV";186207;21;5600;3180;TRUE;FALSE;FALSE;FALSE;TRUE;FALSE;FALSE;FALSE;FALSE;TRUE
135;"Re";"Rhenium";75;7;6;"Metal";"Lanthanides";"Solid";"1,2,4,6,7";5;135;4;"6";"VI";186207;21;5600;3180;TRUE;FALSE;FALSE;FALSE;TRUE;FALSE;FALSE;FALSE;FALSE;TRUE
136;"Re";"Rhenium";75;7;6;"Metal";"Lanthanides";"Solid";"1,2,4,6,7";5;136;5;"7";"VII";186207;21;5600;3180;TRUE;FALSE;FALSE;FALSE;TRUE;FALSE;FALSE;FALSE;FALSE;TRUE
137;"Os";"Osmium";76;8;6;"Metal";"Lanthanides";"Solid";"2,3,4,6,8";5;137;1;"2";"II";190.23;22.6;5030;3045;TRUE;FALSE;FALSE;FALSE;TRUE;FALSE;FALSE;FALSE;FALSE;TRUE
138;"Os";"Osmium";76;8;6;"Metal";"Lanthanides";"Solid";"2,3,4,6,8";5;138;2;"3";"III";190.23;22.6;5030;3045;TRUE;FALSE;FALSE;FALSE;TRUE;FALSE;FALSE;FALSE;FALSE;TRUE
139;"Os";"Osmium";76;8;6;"Metal";"Lanthanides";"Solid";"2,3,4,6,8";5;139;3;"4";"IV";190.23;22.6;5030;3045;TRUE;FALSE;FALSE;FALSE;TRUE;FALSE;FALSE;FALSE;FALSE;TRUE
140;"Os";"Osmium";76;8;6;"Metal";"Lanthanides";"Solid";"2,3,4,6,8";5;140;4;"6";"VI";190.23;22.6;5030;3045;TRUE;FALSE;FALSE;FALSE;TRUE;FALSE;FALSE;FALSE;FALSE;TRUE
141;"Os";"Osmium";76;8;6;"Metal";"Lanthanides";"Solid";"2,3,4,6,8";5;141;5;"8";"VIII";190.23;22.6;5030;3045;TRUE;FALSE;FALSE;FALSE;TRUE;FALSE;FALSE;FALSE;FALSE;TRUE
142;"Ir";"Iridium";77;9;6;"Metal";"Lanthanides";"Solid";"2,3,4,6";4;142;1;"2";"II";192217;22.4;4130;2410;TRUE;FALSE;FALSE;FALSE;TRUE;FALSE;FALSE;FALSE;FALSE;TRUE
143;"Ir";"Iridium";77;9;6;"Metal";"Lanthanides";"Solid";"2,3,4,6";4;143;2;"3";"III";192217;22.4;4130;2410;TRUE;FALSE;FALSE;FALSE;TRUE;FALSE;FALSE;FALSE;FALSE;TRUE
144;"Ir";"Iridium";77;9;6;"Metal";"Lanthanides";"Solid";"2,3,4,6";4;144;3;"4";"IV";192217;22.4;4130;2410;TRUE;FALSE;FALSE;FALSE;TRUE;FALSE;FALSE;FALSE;FALSE;TRUE
145;"Ir";"Iridium";77;9;6;"Metal";"Lanthanides";"Solid";"2,3,4,6";4;145;4;"6";"VI";192217;22.4;4130;2410;TRUE;FALSE;FALSE;FALSE;TRUE;FALSE;FALSE;FALSE;FALSE;TRUE
146;"Pt";"Platinum";78;10;6;"Metal";"Lanthanides";"Solid";"2,4";2;146;1;"2";"II";195084;21.4;3827;1772;TRUE;FALSE;FALSE;FALSE;TRUE;FALSE;FALSE;FALSE;FALSE;TRUE
147;"Pt";"Platinum";78;10;6;"Metal";"Lanthanides";"Solid";"2,4";2;147;2;"4";"IV";195084;21.4;3827;1772;TRUE;FALSE;FALSE;FALSE;TRUE;FALSE;FALSE;FALSE;FALSE;TRUE
148;"Au";"Gold";79;11;6;"Metal";"Lanthanides";"Solid";"1,3";2;148;1;"1";"I";196.966569;19.3;3080;1064;TRUE;FALSE;FALSE;FALSE;TRUE;FALSE;FALSE;FALSE;FALSE;TRUE
149;"Au";"Gold";79;11;6;"Metal";"Lanthanides";"Solid";"1,3";2;149;2;"3";"III";196.966569;19.3;3080;1064;TRUE;FALSE;FALSE;FALSE;TRUE;FALSE;FALSE;FALSE;FALSE;TRUE
150;"Hg";"Mercury";80;12;6;"Metal";"Lanthanides";"Liquid";"1,2";2;150;1;"1";"I";200592;13.5;357;-38.9;TRUE;FALSE;FALSE;FALSE;FALSE;TRUE;FALSE;FALSE;FALSE;TRUE
151;"Hg";"Mercury";80;12;6;"Metal";"Lanthanides";"Liquid";"1,2";2;151;2;"2";"II";200592;13.5;357;-38.9;TRUE;FALSE;FALSE;FALSE;FALSE;TRUE;FALSE;FALSE;FALSE;TRUE
152;"Tl";"Thallium";81;13;6;"Metal";"Lanthanides";"Solid";"1,3";2;152;1;"1";"I";204.3835;11.9;1457;303;TRUE;FALSE;FALSE;FALSE;TRUE;FALSE;FALSE;FALSE;FALSE;TRUE
153;"Tl";"Thallium";81;13;6;"Metal";"Lanthanides";"Solid";"1,3";2;153;2;"3";"III";204.3835;11.9;1457;303;TRUE;FALSE;FALSE;FALSE;TRUE;FALSE;FALSE;FALSE;FALSE;TRUE
154;"Pb";"Lead";82;14;6;"Metal";"Lanthanides";"Solid";"2,4";2;154;1;"2";"II";207.2;11.4;1740;327.5;TRUE;FALSE;FALSE;FALSE;TRUE;FALSE;FALSE;FALSE;FALSE;TRUE
155;"Pb";"Lead";82;14;6;"Metal";"Lanthanides";"Solid";"2,4";2;155;2;"4";"IV";207.2;11.4;1740;327.5;TRUE;FALSE;FALSE;FALSE;TRUE;FALSE;FALSE;FALSE;FALSE;TRUE
156;"Bi";"Bismuth";83;15;6;"Metal";"Lanthanides";"Solid";"3,5";2;156;1;"3";"III";208.9804;9.75;1560;271;TRUE;FALSE;FALSE;FALSE;TRUE;FALSE;FALSE;FALSE;FALSE;TRUE
157;"Bi";"Bismuth";83;15;6;"Metal";"Lanthanides";"Solid";"3,5";2;157;2;"5";"V";208.9804;9.75;1560;271;TRUE;FALSE;FALSE;FALSE;TRUE;FALSE;FALSE;FALSE;FALSE;TRUE
158;"Po";"Polonium";84;16;6;"Metalloid";"-";"Solid";"2,4";2;158;1;"2";"II";209;9.32;962;254;FALSE;FALSE;FALSE;FALSE;TRUE;FALSE;FALSE;FALSE;FALSE;TRUE
159;"Po";"Polonium";84;16;6;"Metalloid";"-";"Solid";"2,4";2;159;2;"4";"IV";209;9.32;962;254;FALSE;FALSE;FALSE;FALSE;TRUE;FALSE;FALSE;FALSE;FALSE;TRUE
160;"At";"Astatus";85;17;6;"Non-metal";"Halogens";"Solid";"1,3,5,7";4;160;1;"1";"I";210;NA;337;302;FALSE;TRUE;FALSE;FALSE;TRUE;FALSE;FALSE;FALSE;TRUE;TRUE
161;"At";"Astatus";85;17;6;"Non-metal";"Halogens";"Solid";"1,3,5,7";4;161;2;"3";"III";210;NA;337;302;FALSE;TRUE;FALSE;FALSE;TRUE;FALSE;FALSE;FALSE;TRUE;TRUE
162;"At";"Astatus";85;17;6;"Non-metal";"Halogens";"Solid";"1,3,5,7";4;162;3;"5";"V";210;NA;337;302;FALSE;TRUE;FALSE;FALSE;TRUE;FALSE;FALSE;FALSE;TRUE;TRUE
163;"At";"Astatus";85;17;6;"Non-metal";"Halogens";"Solid";"1,3,5,7";4;163;4;"7";"VII";210;NA;337;302;FALSE;TRUE;FALSE;FALSE;TRUE;FALSE;FALSE;FALSE;TRUE;TRUE
164;"Rn";"Radon";86;18;6;"Noble gas";"-";"Gas";"0";1;164;1;"0";"";222;0.00973;-61.8;-71;FALSE;FALSE;FALSE;TRUE;FALSE;FALSE;TRUE;FALSE;FALSE;FALSE
165;"Fr";"Francius";87;1;7;"Metal";"Alkaline";"Liquid";"1";1;165;1;"1";"I";223;NA;677;27;TRUE;FALSE;FALSE;FALSE;FALSE;TRUE;FALSE;FALSE;FALSE;TRUE
166;"Ra";"Radio";88;2;7;"Metal";"Alkaline earths";"Solid";"2";1;166;1;"2";"II";226;5;1140;700;TRUE;FALSE;FALSE;FALSE;TRUE;FALSE;FALSE;FALSE;FALSE;TRUE
167;"Ac";"Actinium";89;3;7;"Metal";"Actinides";"Solid";"3";1;167;1;"3";"III";227;10.1;3200;1050;TRUE;FALSE;FALSE;FALSE;TRUE;FALSE;FALSE;FALSE;FALSE;TRUE
168;"Th";"Thorium";90;3;7;"Metal";"Actinides";"Solid";"4";1;168;1;"4";"IV";232.0377;11.7;4790;1750;TRUE;FALSE;FALSE;FALSE;TRUE;FALSE;FALSE;FALSE;FALSE;TRUE
169;"Pa";"Protactinium";91;3;7;"Metal";"Actinides";"Solid";"4,5";2;169;1;"4";"IV";231.03588;15.4;4000;1570;TRUE;FALSE;FALSE;FALSE;TRUE;FALSE;FALSE;FALSE;FALSE;TRUE
170;"Pa";"Protactinium";91;3;7;"Metal";"Actinides";"Solid";"4,5";2;170;2;"5";"V";231.03588;15.4;4000;1570;TRUE;FALSE;FALSE;FALSE;TRUE;FALSE;FALSE;FALSE;FALSE;TRUE
171;"U";"Uranium";92;3;7;"Metal";"Actinides";"Solid";"3,4,5,6";4;171;1;"3";"III";238.02891;19;3818;1132;TRUE;FALSE;FALSE;FALSE;TRUE;FALSE;FALSE;FALSE;FALSE;TRUE
172;"U";"Uranium";92;3;7;"Metal";"Actinides";"Solid";"3,4,5,6";4;172;2;"4";"IV";238.02891;19;3818;1132;TRUE;FALSE;FALSE;FALSE;TRUE;FALSE;FALSE;FALSE;FALSE;TRUE
173;"U";"Uranium";92;3;7;"Metal";"Actinides";"Solid";"3,4,5,6";4;173;3;"5";"V";238.02891;19;3818;1132;TRUE;FALSE;FALSE;FALSE;TRUE;FALSE;FALSE;FALSE;FALSE;TRUE
174;"U";"Uranium";92;3;7;"Metal";"Actinides";"Solid";"3,4,5,6";4;174;4;"6";"VI";238.02891;19;3818;1132;TRUE;FALSE;FALSE;FALSE;TRUE;FALSE;FALSE;FALSE;FALSE;TRUE
175;"Np";"Neptunium";93;3;7;"Metal";"Actinides";"???";"3,4,5,6";4;175;1;"3";"III";237;20.2;3900;640;TRUE;FALSE;FALSE;FALSE;FALSE;FALSE;FALSE;TRUE;FALSE;TRUE
176;"Np";"Neptunium";93;3;7;"Metal";"Actinides";"???";"3,4,5,6";4;176;2;"4";"IV";237;20.2;3900;640;TRUE;FALSE;FALSE;FALSE;FALSE;FALSE;FALSE;TRUE;FALSE;TRUE
177;"Np";"Neptunium";93;3;7;"Metal";"Actinides";"???";"3,4,5,6";4;177;3;"5";"V";237;20.2;3900;640;TRUE;FALSE;FALSE;FALSE;FALSE;FALSE;FALSE;TRUE;FALSE;TRUE
178;"Np";"Neptunium";93;3;7;"Metal";"Actinides";"???";"3,4,5,6";4;178;4;"6";"VI";237;20.2;3900;640;TRUE;FALSE;FALSE;FALSE;FALSE;FALSE;FALSE;TRUE;FALSE;TRUE
179;"Pu";"Plutonium";94;3;7;"Metal";"Actinides";"???";"3,4,5,6";4;179;1;"3";"III";244;19.8;3232;641;TRUE;FALSE;FALSE;FALSE;FALSE;FALSE;FALSE;TRUE;FALSE;TRUE
180;"Pu";"Plutonium";94;3;7;"Metal";"Actinides";"???";"3,4,5,6";4;180;2;"4";"IV";244;19.8;3232;641;TRUE;FALSE;FALSE;FALSE;FALSE;FALSE;FALSE;TRUE;FALSE;TRUE
181;"Pu";"Plutonium";94;3;7;"Metal";"Actinides";"???";"3,4,5,6";4;181;3;"5";"V";244;19.8;3232;641;TRUE;FALSE;FALSE;FALSE;FALSE;FALSE;FALSE;TRUE;FALSE;TRUE
182;"Pu";"Plutonium";94;3;7;"Metal";"Actinides";"???";"3,4,5,6";4;182;4;"6";"VI";244;19.8;3232;641;TRUE;FALSE;FALSE;FALSE;FALSE;FALSE;FALSE;TRUE;FALSE;TRUE
183;"Am";"Americium";95;3;7;"Metal";"Actinides";"???";"3,4,5,6";4;183;1;"3";"III";243;13.7;2607;994;TRUE;FALSE;FALSE;FALSE;FALSE;FALSE;FALSE;TRUE;FALSE;TRUE
184;"Am";"Americium";95;3;7;"Metal";"Actinides";"???";"3,4,5,6";4;184;2;"4";"IV";243;13.7;2607;994;TRUE;FALSE;FALSE;FALSE;FALSE;FALSE;FALSE;TRUE;FALSE;TRUE
185;"Am";"Americium";95;3;7;"Metal";"Actinides";"???";"3,4,5,6";4;185;3;"5";"V";243;13.7;2607;994;TRUE;FALSE;FALSE;FALSE;FALSE;FALSE;FALSE;TRUE;FALSE;TRUE
186;"Am";"Americium";95;3;7;"Metal";"Actinides";"???";"3,4,5,6";4;186;4;"6";"VI";243;13.7;2607;994;TRUE;FALSE;FALSE;FALSE;FALSE;FALSE;FALSE;TRUE;FALSE;TRUE
187;"Cm";"Curium";96;3;7;"Metal";"Actinides";"???";"3";1;187;1;"3";"III";247;13.5;NA;1340;TRUE;FALSE;FALSE;FALSE;FALSE;FALSE;FALSE;TRUE;FALSE;TRUE
188;"Bk";"Berkelium";97;3;7;"Metal";"Actinides";"???";"3,4";2;188;1;"3";"III";247;14;NA;986;TRUE;FALSE;FALSE;FALSE;FALSE;FALSE;FALSE;TRUE;FALSE;TRUE
189;"Bk";"Berkelium";97;3;7;"Metal";"Actinides";"???";"3,4";2;189;2;"4";"IV";247;14;NA;986;TRUE;FALSE;FALSE;FALSE;FALSE;FALSE;FALSE;TRUE;FALSE;TRUE
190;"Cf";"Californium";98;3;7;"Metal";"Actinides";"???";"3";1;190;1;"3";"III";251;NA;NA;NA;TRUE;FALSE;FALSE;FALSE;FALSE;FALSE;FALSE;TRUE;FALSE;TRUE
191;"Es";"Einsteinium";99;3;7;"Metal";"Actinides";"???";"4";1;191;1;"4";"IV";252;NA;NA;NA;TRUE;FALSE;FALSE;FALSE;FALSE;FALSE;FALSE;TRUE;FALSE;TRUE
192;"Fm";"Fermium";100;3;7;"Metal";"Actinides";"???";"4";1;192;1;"4";"IV";257;NA;NA;NA;TRUE;FALSE;FALSE;FALSE;FALSE;FALSE;FALSE;TRUE;FALSE;TRUE
193;"Md";"Mendelevium";101;3;7;"Metal";"Actinides";"???";"3,4";2;193;1;"3";"III";258;NA;NA;NA;TRUE;FALSE;FALSE;FALSE;FALSE;FALSE;FALSE;TRUE;FALSE;TRUE
194;"Md";"Mendelevium";101;3;7;"Metal";"Actinides";"???";"3,4";2;194;2;"4";"IV";258;NA;NA;NA;TRUE;FALSE;FALSE;FALSE;FALSE;FALSE;FALSE;TRUE;FALSE;TRUE
195;"No";"Nobelio";102;3;7;"Metal";"Actinides";"???";"3,4";2;195;1;"3";"III";259;NA;NA;NA;TRUE;FALSE;FALSE;FALSE;FALSE;FALSE;FALSE;TRUE;FALSE;TRUE
196;"No";"Nobelio";102;3;7;"Metal";"Actinides";"???";"3,4";2;196;2;"4";"IV";259;NA;NA;NA;TRUE;FALSE;FALSE;FALSE;FALSE;FALSE;FALSE;TRUE;FALSE;TRUE
197;"Lr";"Laurencio";103;3;7;"Metal";"Actinides";"???";"3,4";2;197;1;"3";"III";262;NA;NA;NA;TRUE;FALSE;FALSE;FALSE;FALSE;FALSE;FALSE;TRUE;FALSE;TRUE
198;"Lr";"Laurencio";103;3;7;"Metal";"Actinides";"???";"3,4";2;198;2;"4";"IV";262;NA;NA;NA;TRUE;FALSE;FALSE;FALSE;FALSE;FALSE;FALSE;TRUE;FALSE;TRUE
199;"Rf";"Rutherfordio";104;3;7;"Metal";"Actinides";"???";"4";1;199;1;"4";"IV";267;NA;NA;NA;TRUE;FALSE;FALSE;FALSE;FALSE;FALSE;FALSE;TRUE;FALSE;TRUE
200;"Db";"Dubnium";105;3;7;"Metal";"Actinides";"???";"4";1;200;1;"4";"IV";268;NA;NA;NA;TRUE;FALSE;FALSE;FALSE;FALSE;FALSE;FALSE;TRUE;FALSE;TRUE
201;"Sg";"Seaborgio";106;3;7;"Metal";"Actinides";"???";"4";1;201;1;"4";"IV";271;NA;NA;NA;TRUE;FALSE;FALSE;FALSE;FALSE;FALSE;FALSE;TRUE;FALSE;TRUE
202;"Bh";"Bohrio";107;3;7;"Metal";"Actinides";"???";"3,4,5";3;202;1;"3";"III";272;NA;NA;NA;TRUE;FALSE;FALSE;FALSE;FALSE;FALSE;FALSE;TRUE;FALSE;TRUE
203;"Bh";"Bohrio";107;3;7;"Metal";"Actinides";"???";"3,4,5";3;203;2;"4";"IV";272;NA;NA;NA;TRUE;FALSE;FALSE;FALSE;FALSE;FALSE;FALSE;TRUE;FALSE;TRUE
204;"Bh";"Bohrio";107;3;7;"Metal";"Actinides";"???";"3,4,5";3;204;3;"5";"V";272;NA;NA;NA;TRUE;FALSE;FALSE;FALSE;FALSE;FALSE;FALSE;TRUE;FALSE;TRUE
205;"Hs";"Hassio";108;3;7;"Metal";"Actinides";"???";"2,4,6,7";4;205;1;"2";"II";270;NA;NA;NA;TRUE;FALSE;FALSE;FALSE;FALSE;FALSE;FALSE;TRUE;FALSE;TRUE
206;"Hs";"Hassio";108;3;7;"Metal";"Actinides";"???";"2,4,6,7";4;206;2;"4";"IV";270;NA;NA;NA;TRUE;FALSE;FALSE;FALSE;FALSE;FALSE;FALSE;TRUE;FALSE;TRUE
207;"Hs";"Hassio";108;3;7;"Metal";"Actinides";"???";"2,4,6,7";4;207;3;"6";"VI";270;NA;NA;NA;TRUE;FALSE;FALSE;FALSE;FALSE;FALSE;FALSE;TRUE;FALSE;TRUE
208;"Hs";"Hassio";108;3;7;"Metal";"Actinides";"???";"2,4,6,7";4;208;4;"7";"VII";270;NA;NA;NA;TRUE;FALSE;FALSE;FALSE;FALSE;FALSE;FALSE;TRUE;FALSE;TRUE
209;"Mt";"Meitnerius";109;3;7;"Metal";"Actinides";"???";"2,3,4,6";4;209;1;"2";"II";276;NA;NA;NA;TRUE;FALSE;FALSE;FALSE;FALSE;FALSE;FALSE;TRUE;FALSE;TRUE
210;"Mt";"Meitnerius";109;3;7;"Metal";"Actinides";"???";"2,3,4,6";4;210;2;"3";"III";276;NA;NA;NA;TRUE;FALSE;FALSE;FALSE;FALSE;FALSE;FALSE;TRUE;FALSE;TRUE
211;"Mt";"Meitnerius";109;3;7;"Metal";"Actinides";"???";"2,3,4,6";4;211;3;"4";"IV";276;NA;NA;NA;TRUE;FALSE;FALSE;FALSE;FALSE;FALSE;FALSE;TRUE;FALSE;TRUE
212;"Mt";"Meitnerius";109;3;7;"Metal";"Actinides";"???";"2,3,4,6";4;212;4;"6";"VI";276;NA;NA;NA;TRUE;FALSE;FALSE;FALSE;FALSE;FALSE;FALSE;TRUE;FALSE;TRUE
213;"Ds";"Darmstadtium";110;3;7;"Metal";"Actinides";"???";"2,4";2;213;1;"2";"II";281;NA;NA;NA;TRUE;FALSE;FALSE;FALSE;FALSE;FALSE;FALSE;TRUE;FALSE;TRUE
214;"Ds";"Darmstadtium";110;3;7;"Metal";"Actinides";"???";"2,4";2;214;2;"4";"IV";281;NA;NA;NA;TRUE;FALSE;FALSE;FALSE;FALSE;FALSE;FALSE;TRUE;FALSE;TRUE
215;"Rg";"Roentgenio";111;3;7;"Metal";"Actinides";"???";"2,3";2;215;1;"2";"II";280;NA;NA;NA;TRUE;FALSE;FALSE;FALSE;FALSE;FALSE;FALSE;TRUE;FALSE;TRUE
216;"Rg";"Roentgenio";111;3;7;"Metal";"Actinides";"???";"2,3";2;216;2;"3";"III";280;NA;NA;NA;TRUE;FALSE;FALSE;FALSE;FALSE;FALSE;FALSE;TRUE;FALSE;TRUE
217;"Cn";"Copernicus";112;3;7;"Metal";"Actinides";"???";"1,2";2;217;1;"1";"I";285;NA;NA;NA;TRUE;FALSE;FALSE;FALSE;FALSE;FALSE;FALSE;TRUE;FALSE;TRUE
218;"Cn";"Copernicus";112;3;7;"Metal";"Actinides";"???";"1,2";2;218;2;"2";"II";285;NA;NA;NA;TRUE;FALSE;FALSE;FALSE;FALSE;FALSE;FALSE;TRUE;FALSE;TRUE
219;"Nh";"Nihonium";113;3;7;"Metal";"Actinides";"???";"3";1;219;1;"3";"III";284;NA;NA;NA;TRUE;FALSE;FALSE;FALSE;FALSE;FALSE;FALSE;TRUE;FALSE;TRUE
220;"Fl";"Flerovio";114;3;7;"Metal";"Actinides";"???";"2,4,6";3;220;1;"2";"II";289;NA;NA;NA;TRUE;FALSE;FALSE;FALSE;FALSE;FALSE;FALSE;TRUE;FALSE;TRUE
221;"Fl";"Flerovio";114;3;7;"Metal";"Actinides";"???";"2,4,6";3;221;2;"4";"IV";289;NA;NA;NA;TRUE;FALSE;FALSE;FALSE;FALSE;FALSE;FALSE;TRUE;FALSE;TRUE
222;"Fl";"Flerovio";114;3;7;"Metal";"Actinides";"???";"2,4,6";3;222;3;"6";"VI";289;NA;NA;NA;TRUE;FALSE;FALSE;FALSE;FALSE;FALSE;FALSE;TRUE;FALSE;TRUE
223;"Mc";"Moscovio";115;3;7;"Metal";"Actinides";"???";"1,4,5";3;223;1;"1";"I";288;NA;NA;NA;TRUE;FALSE;FALSE;FALSE;FALSE;FALSE;FALSE;TRUE;FALSE;TRUE
224;"Mc";"Moscovio";115;3;7;"Metal";"Actinides";"???";"1,4,5";3;224;2;"4";"IV";288;NA;NA;NA;TRUE;FALSE;FALSE;FALSE;FALSE;FALSE;FALSE;TRUE;FALSE;TRUE
225;"Mc";"Moscovio";115;3;7;"Metal";"Actinides";"???";"1,4,5";3;225;3;"5";"V";288;NA;NA;NA;TRUE;FALSE;FALSE;FALSE;FALSE;FALSE;FALSE;TRUE;FALSE;TRUE
226;"Lv";"Livermorio";116;3;7;"Metal";"Actinides";"???";"3,4,5";3;226;1;"3";"III";293;NA;NA;NA;TRUE;FALSE;FALSE;FALSE;FALSE;FALSE;FALSE;TRUE;FALSE;TRUE
227;"Lv";"Livermorio";116;3;7;"Metal";"Actinides";"???";"3,4,5";3;227;2;"4";"IV";293;NA;NA;NA;TRUE;FALSE;FALSE;FALSE;FALSE;FALSE;FALSE;TRUE;FALSE;TRUE
228;"Lv";"Livermorio";116;3;7;"Metal";"Actinides";"???";"3,4,5";3;228;3;"5";"V";293;NA;NA;NA;TRUE;FALSE;FALSE;FALSE;FALSE;FALSE;FALSE;TRUE;FALSE;TRUE
229;"Ts";"Tenesino";117;3;7;"Metal";"Actinides";"???";"1,2,3";3;229;1;"1";"I";292;NA;NA;NA;TRUE;FALSE;FALSE;FALSE;FALSE;FALSE;FALSE;TRUE;FALSE;TRUE
230;"Ts";"Tenesino";117;3;7;"Metal";"Actinides";"???";"1,2,3";3;230;2;"2";"II";292;NA;NA;NA;TRUE;FALSE;FALSE;FALSE;FALSE;FALSE;FALSE;TRUE;FALSE;TRUE
231;"Ts";"Tenesino";117;3;7;"Metal";"Actinides";"???";"1,2,3";3;231;3;"3";"III";292;NA;NA;NA;TRUE;FALSE;FALSE;FALSE;FALSE;FALSE;FALSE;TRUE;FALSE;TRUE
232;"Og";"Oganeson";118;3;7;"Metal";"Actinides";"???";"4,7";2;232;1;"4";"IV";294;NA;NA;NA;TRUE;FALSE;FALSE;FALSE;FALSE;FALSE;FALSE;TRUE;FALSE;TRUE
233;"Og";"Oganeson";118;3;7;"Metal";"Actinides";"???";"4,7";2;233;2;"7";"VII";294;NA;NA;NA;TRUE;FALSE;FALSE;FALSE;FALSE;FALSE;FALSE;TRUE;FALSE;TRUE
