"Order";"Symbol";"Name";"AtomicNumber";"Group";"Period";"Type";"Subtype";"State";"Valence";"AmountOfValences";"OrderGeneralValences";"OrderValenceOnElement";"SelectedValence";"RomanValence";"Type_Metal";"Type_NonMetal";"Type_Metalloide";"Type_NobleGas";"State_Solid";"State_Liquid";"State_Gas";"State_Dude";"Subtype_Halogen";"Status_oxyde";"ChemFormule_pure";"Name_Classic_Oxyde";"Name_IUPAC_Oxyde";"amount01_oxyde_Stock";"amount02_oxyde_Stock";"OxydeFullName_Stock"
1;"H";"Hidrógeno";1;1;1;"No Metal";"Otros no metales";"Gas";"1";1;1;1;"1";"I";FALSE;TRUE;FALSE;FALSE;FALSE;FALSE;TRUE;FALSE;FALSE;TRUE;"H2O1";"Óxido de Hidrógeno";"Óxido de Hidrógeno (I)";"Di";"Mono";"DiÓxido de MonoHidrógeno"
2;"He";"Helio";2;18;1;"Gas Noble";"-";"Gas";"0";1;2;1;"0";"";FALSE;FALSE;FALSE;TRUE;FALSE;FALSE;TRUE;FALSE;FALSE;FALSE;"----";"----";"----";"----";"----";"----"
3;"Li";"Litio";3;1;2;"Metal";"Alcalino";"Sólido";"1";1;3;1;"1";"I";TRUE;FALSE;FALSE;FALSE;TRUE;FALSE;FALSE;FALSE;FALSE;TRUE;"Li2O1";"Óxido de Litio";"Óxido de Litio (I)";"Di";"Mono";"DiÓxido de MonoLitio"
4;"Be";"Berilio";4;2;2;"Metal";"Tierras alcalinas";"Sólido";"2";1;4;1;"2";"II";TRUE;FALSE;FALSE;FALSE;TRUE;FALSE;FALSE;FALSE;FALSE;TRUE;"Be1O1";"Óxido de Berilio";"Óxido de Berilio (II)";"Mono";"Mono";"MonoÓxido de MonoBerilio"
5;"B";"Boro";5;13;2;"Metaloide";"-";"Sólido";"3";1;5;1;"3";"III";FALSE;FALSE;FALSE;FALSE;TRUE;FALSE;FALSE;FALSE;FALSE;TRUE;"B2O3";"Óxido de Boro";"Óxido de Boro (III)";"Di";"Tri";"DiÓxido de TriBoro"
6;"C";"Carbón";6;14;2;"No Metal";"Otros no metales";"Sólido";"2,4";2;6;1;"2";"II";FALSE;TRUE;FALSE;FALSE;TRUE;FALSE;FALSE;FALSE;FALSE;TRUE;"C1O1";"Óxido Carbonoso";"Óxido de Carbón (II)";"Mono";"Mono";"MonoÓxido de MonoCarbón"
7;"C";"Carbón";6;14;2;"No Metal";"Otros no metales";"Sólido";"2,4";2;7;2;"4";"IV";FALSE;TRUE;FALSE;FALSE;TRUE;FALSE;FALSE;FALSE;FALSE;TRUE;"C1O2";"Óxido Carbónico";"Óxido de Carbón (IV)";"Mono";"Di";"MonoÓxido de DiCarbón"
8;"N";"Nitrógeno";7;15;2;"No Metal";"Otros no metales";"Gas";"2,3,4,5";4;8;1;"2";"II";FALSE;TRUE;FALSE;FALSE;FALSE;FALSE;TRUE;FALSE;FALSE;TRUE;"N1O1";"Óxido HipoNitrogenoso";"Óxido de Nitrógeno (II)";"Mono";"Mono";"MonoÓxido de MonoNitrógeno"
9;"N";"Nitrógeno";7;15;2;"No Metal";"Otros no metales";"Gas";"2,3,4,5";4;9;2;"3";"III";FALSE;TRUE;FALSE;FALSE;FALSE;FALSE;TRUE;FALSE;FALSE;TRUE;"N2O3";"Óxido Nitrogenoso";"Óxido de Nitrógeno (III)";"Di";"Tri";"DiÓxido de TriNitrógeno"
10;"N";"Nitrógeno";7;15;2;"No Metal";"Otros no metales";"Gas";"2,3,4,5";4;10;3;"4";"IV";FALSE;TRUE;FALSE;FALSE;FALSE;FALSE;TRUE;FALSE;FALSE;TRUE;"N1O2";"Óxido Nítrico";"Óxido de Nitrógeno (IV)";"Mono";"Di";"MonoÓxido de DiNitrógeno"
11;"N";"Nitrógeno";7;15;2;"No Metal";"Otros no metales";"Gas";"2,3,4,5";4;11;4;"5";"V";FALSE;TRUE;FALSE;FALSE;FALSE;FALSE;TRUE;FALSE;FALSE;TRUE;"N2O5";"Óxido PerNítrico";"Óxido de Nitrógeno (V)";"Di";"Penta";"DiÓxido de PentaNitrógeno"
12;"O";"Oxígeno";8;16;2;"No Metal";"Otros no metales";"Gas";"2";1;12;1;"2";"II";FALSE;TRUE;FALSE;FALSE;FALSE;FALSE;TRUE;FALSE;FALSE;FALSE;"----";"----";"Óxido de Oxígeno (II)";"----";"----";"----"
13;"F";"Flúor";9;17;2;"No Metal";"Halógenos";"Gas";"1";1;13;1;"1";"I";FALSE;TRUE;FALSE;FALSE;FALSE;FALSE;TRUE;FALSE;TRUE;TRUE;"F2O1";"Óxido de Flúor";"Óxido de Flúor (I)";"Di";"Mono";"DiÓxido de MonoFlúor"
14;"Ne";"Neón";10;18;2;"Gas Noble";"-";"Gas";"0";1;14;1;"0";"";FALSE;FALSE;FALSE;TRUE;FALSE;FALSE;TRUE;FALSE;FALSE;FALSE;"----";"----";"----";"----";"----";"----"
15;"Na";"Sodio";11;1;3;"Metal";"Alcalino";"Sólido";"1";1;15;1;"1";"I";TRUE;FALSE;FALSE;FALSE;TRUE;FALSE;FALSE;FALSE;FALSE;TRUE;"Na2O1";"Óxido de Sodio";"Óxido de Sodio (I)";"Di";"Mono";"DiÓxido de MonoSodio"
16;"Mg";"Magnesio";12;2;3;"Metal";"Tierras alcalinas";"Sólido";"2";1;16;1;"2";"II";TRUE;FALSE;FALSE;FALSE;TRUE;FALSE;FALSE;FALSE;FALSE;TRUE;"Mg1O1";"Óxido de Magnesio";"Óxido de Magnesio (II)";"Mono";"Mono";"MonoÓxido de MonoMagnesio"
17;"Al";"Aluminio";13;13;3;"Metal";"Metales del Bloque p";"Sólido";"3";1;17;1;"3";"III";TRUE;FALSE;FALSE;FALSE;TRUE;FALSE;FALSE;FALSE;FALSE;TRUE;"Al2O3";"Óxido de Aluminio";"Óxido de Aluminio (III)";"Di";"Tri";"DiÓxido de TriAluminio"
18;"Si";"Silicio";14;14;3;"Metaloide";"-";"Sólido";"4";1;18;1;"4";"IV";FALSE;FALSE;FALSE;FALSE;TRUE;FALSE;FALSE;FALSE;FALSE;TRUE;"Si1O2";"Óxido de Silicio";"Óxido de Silicio (IV)";"Mono";"Di";"MonoÓxido de DiSilicio"
19;"P";"Fósforo";15;15;3;"No Metal";"Otros no metales";"Sólido";"3,4,5";3;19;1;"3";"III";FALSE;TRUE;FALSE;FALSE;TRUE;FALSE;FALSE;FALSE;FALSE;TRUE;"P2O3";"Óxido HipoFosforoso";"Óxido de Fósforo (III)";"Di";"Tri";"DiÓxido de TriFósforo"
20;"P";"Fósforo";15;15;3;"No Metal";"Otros no metales";"Sólido";"3,4,5";3;20;2;"4";"IV";FALSE;TRUE;FALSE;FALSE;TRUE;FALSE;FALSE;FALSE;FALSE;TRUE;"P1O2";"Óxido Fosforoso";"Óxido de Fósforo (IV)";"Mono";"Di";"MonoÓxido de DiFósforo"
21;"P";"Fósforo";15;15;3;"No Metal";"Otros no metales";"Sólido";"3,4,5";3;21;3;"5";"V";FALSE;TRUE;FALSE;FALSE;TRUE;FALSE;FALSE;FALSE;FALSE;TRUE;"P2O5";"Óxido Fosfórico";"Óxido de Fósforo (V)";"Di";"Penta";"DiÓxido de PentaFósforo"
22;"S";"Azufre";16;16;3;"No Metal";"Otros no metales";"Sólido";"2,4,6";3;22;1;"2";"II";FALSE;TRUE;FALSE;FALSE;TRUE;FALSE;FALSE;FALSE;FALSE;TRUE;"S1O1";"Óxido HipoSulfuroso";"Óxido de Azufre (II)";"Mono";"Mono";"MonoÓxido de MonoAzufre"
23;"S";"Azufre";16;16;3;"No Metal";"Otros no metales";"Sólido";"2,4,6";3;23;2;"4";"IV";FALSE;TRUE;FALSE;FALSE;TRUE;FALSE;FALSE;FALSE;FALSE;TRUE;"S1O2";"Óxido Sulfuroso";"Óxido de Azufre (IV)";"Mono";"Di";"MonoÓxido de DiAzufre"
24;"S";"Azufre";16;16;3;"No Metal";"Otros no metales";"Sólido";"2,4,6";3;24;3;"6";"VI";FALSE;TRUE;FALSE;FALSE;TRUE;FALSE;FALSE;FALSE;FALSE;TRUE;"S1O3";"Óxido Sulfúrico";"Óxido de Azufre (VI)";"Mono";"Tri";"MonoÓxido de TriAzufre"
25;"Cl";"Cloro";17;17;3;"No Metal";"Halógenos";"Gas";"1,3,5,7";4;25;1;"1";"I";FALSE;TRUE;FALSE;FALSE;FALSE;FALSE;TRUE;FALSE;TRUE;TRUE;"Cl2O1";"Óxido HipoCloroso";"Óxido de Cloro (I)";"Di";"Mono";"DiÓxido de MonoCloro"
26;"Cl";"Cloro";17;17;3;"No Metal";"Halógenos";"Gas";"1,3,5,7";4;26;2;"3";"III";FALSE;TRUE;FALSE;FALSE;FALSE;FALSE;TRUE;FALSE;TRUE;TRUE;"Cl2O3";"Óxido Cloroso";"Óxido de Cloro (III)";"Di";"Tri";"DiÓxido de TriCloro"
27;"Cl";"Cloro";17;17;3;"No Metal";"Halógenos";"Gas";"1,3,5,7";4;27;3;"5";"V";FALSE;TRUE;FALSE;FALSE;FALSE;FALSE;TRUE;FALSE;TRUE;TRUE;"Cl2O5";"Óxido Clórico";"Óxido de Cloro (V)";"Di";"Penta";"DiÓxido de PentaCloro"
28;"Cl";"Cloro";17;17;3;"No Metal";"Halógenos";"Gas";"1,3,5,7";4;28;4;"7";"VII";FALSE;TRUE;FALSE;FALSE;FALSE;FALSE;TRUE;FALSE;TRUE;TRUE;"Cl2O7";"Óxido PerClórico";"Óxido de Cloro (VII)";"Di";"Hepta";"DiÓxido de HeptaCloro"
29;"Ar";"Argón";18;18;3;"Gas Noble";"-";"Gas";"0";1;29;1;"0";"";FALSE;FALSE;FALSE;TRUE;FALSE;FALSE;TRUE;FALSE;FALSE;FALSE;"----";"----";"----";"----";"----";"----"
30;"K";"Potasio";19;1;4;"Metal";"Alcalino";"Sólido";"1";1;30;1;"1";"I";TRUE;FALSE;FALSE;FALSE;TRUE;FALSE;FALSE;FALSE;FALSE;TRUE;"K2O1";"Óxido de Potasio";"Óxido de Potasio (I)";"Di";"Mono";"DiÓxido de MonoPotasio"
31;"Ca";"Calcio";20;2;4;"Metal";"Tierras alcalinas";"Sólido";"2";1;31;1;"2";"II";TRUE;FALSE;FALSE;FALSE;TRUE;FALSE;FALSE;FALSE;FALSE;TRUE;"Ca1O1";"Óxido de Calcio";"Óxido de Calcio (II)";"Mono";"Mono";"MonoÓxido de MonoCalcio"
32;"Sc";"Escandio";21;3;4;"Metal";"Metales de transición";"Sólido";"3";1;32;1;"3";"III";TRUE;FALSE;FALSE;FALSE;TRUE;FALSE;FALSE;FALSE;FALSE;TRUE;"Sc2O3";"Óxido de Escandio";"Óxido de Escandio (III)";"Di";"Tri";"DiÓxido de TriEscandio"
33;"Ti";"Titanio";22;4;4;"Metal";"Metales de transición";"Sólido";"3,4";2;33;1;"3";"III";TRUE;FALSE;FALSE;FALSE;TRUE;FALSE;FALSE;FALSE;FALSE;TRUE;"Ti2O3";"Óxido Titanoso";"Óxido de Titanio (III)";"Di";"Tri";"DiÓxido de TriTitanio"
34;"Ti";"Titanio";22;4;4;"Metal";"Metales de transición";"Sólido";"3,4";2;34;2;"4";"IV";TRUE;FALSE;FALSE;FALSE;TRUE;FALSE;FALSE;FALSE;FALSE;TRUE;"Ti1O2";"Óxido Titánico";"Óxido de Titanio (IV)";"Mono";"Di";"MonoÓxido de DiTitanio"
35;"V";"Vanadio";23;5;4;"Metal";"Metales de transición";"Sólido";"2,3,4,5";4;35;1;"2";"II";TRUE;FALSE;FALSE;FALSE;TRUE;FALSE;FALSE;FALSE;FALSE;TRUE;"V1O1";"Óxido HipoVanadoso";"Óxido de Vanadio (II)";"Mono";"Mono";"MonoÓxido de MonoVanadio"
36;"V";"Vanadio";23;5;4;"Metal";"Metales de transición";"Sólido";"2,3,4,5";4;36;2;"3";"III";TRUE;FALSE;FALSE;FALSE;TRUE;FALSE;FALSE;FALSE;FALSE;TRUE;"V2O3";"Óxido Vanadoso";"Óxido de Vanadio (III)";"Di";"Tri";"DiÓxido de TriVanadio"
37;"V";"Vanadio";23;5;4;"Metal";"Metales de transición";"Sólido";"2,3,4,5";4;37;3;"4";"IV";TRUE;FALSE;FALSE;FALSE;TRUE;FALSE;FALSE;FALSE;FALSE;TRUE;"V1O2";"Óxido Vanádico";"Óxido de Vanadio (IV)";"Mono";"Di";"MonoÓxido de DiVanadio"
38;"V";"Vanadio";23;5;4;"Metal";"Metales de transición";"Sólido";"2,3,4,5";4;38;4;"5";"V";TRUE;FALSE;FALSE;FALSE;TRUE;FALSE;FALSE;FALSE;FALSE;TRUE;"V2O5";"Óxido PerVanádico";"Óxido de Vanadio (V)";"Di";"Penta";"DiÓxido de PentaVanadio"
39;"Cr";"Cromo";24;6;4;"Metal";"Metales de transición";"Sólido";"2,3,6";3;39;1;"2";"II";TRUE;FALSE;FALSE;FALSE;TRUE;FALSE;FALSE;FALSE;FALSE;TRUE;"Cr1O1";"Óxido HipoCromoso";"Óxido de Cromo (II)";"Mono";"Mono";"MonoÓxido de MonoCromo"
40;"Cr";"Cromo";24;6;4;"Metal";"Metales de transición";"Sólido";"2,3,6";3;40;2;"3";"III";TRUE;FALSE;FALSE;FALSE;TRUE;FALSE;FALSE;FALSE;FALSE;TRUE;"Cr2O3";"Óxido Cromoso";"Óxido de Cromo (III)";"Di";"Tri";"DiÓxido de TriCromo"
41;"Cr";"Cromo";24;6;4;"Metal";"Metales de transición";"Sólido";"2,3,6";3;41;3;"6";"VI";TRUE;FALSE;FALSE;FALSE;TRUE;FALSE;FALSE;FALSE;FALSE;TRUE;"Cr1O3";"Óxido Crómico";"Óxido de Cromo (VI)";"Mono";"Tri";"MonoÓxido de TriCromo"
42;"Mn";"Manganeso";25;7;4;"Metal";"Metales de transición";"Sólido";"2,3,4,6,7";5;42;1;"2";"II";TRUE;FALSE;FALSE;FALSE;TRUE;FALSE;FALSE;FALSE;FALSE;TRUE;"Mn1O1";"Óxido HipoManganoso";"Óxido de Manganeso (II)";"Mono";"Mono";"MonoÓxido de MonoManganeso"
43;"Mn";"Manganeso";25;7;4;"Metal";"Metales de transición";"Sólido";"2,3,4,6,7";5;43;2;"3";"III";TRUE;FALSE;FALSE;FALSE;TRUE;FALSE;FALSE;FALSE;FALSE;TRUE;"Mn2O3";"Óxido Manganoso";"Óxido de Manganeso (III)";"Di";"Tri";"DiÓxido de TriManganeso"
44;"Mn";"Manganeso";25;7;4;"Metal";"Metales de transición";"Sólido";"2,3,4,6,7";5;44;3;"4";"IV";TRUE;FALSE;FALSE;FALSE;TRUE;FALSE;FALSE;FALSE;FALSE;TRUE;"Mn1O2";"Óxido Mangánico";"Óxido de Manganeso (IV)";"Mono";"Di";"MonoÓxido de DiManganeso"
45;"Mn";"Manganeso";25;7;4;"Metal";"Metales de transición";"Sólido";"2,3,4,6,7";5;45;4;"6";"VI";TRUE;FALSE;FALSE;FALSE;TRUE;FALSE;FALSE;FALSE;FALSE;TRUE;"Mn1O3";"Óxido PerMangánico";"Óxido de Manganeso (VI)";"Mono";"Tri";"MonoÓxido de TriManganeso"
46;"Mn";"Manganeso";25;7;4;"Metal";"Metales de transición";"Sólido";"2,3,4,6,7";5;46;5;"7";"VII";TRUE;FALSE;FALSE;FALSE;TRUE;FALSE;FALSE;FALSE;FALSE;TRUE;"Mn2O7";"Óxido SuperMangánico";"Óxido de Manganeso (VII)";"Di";"Hepta";"DiÓxido de HeptaManganeso"
47;"Fe";"Hierro";26;8;4;"Metal";"Metales de transición";"Sólido";"2,3";2;47;1;"2";"II";TRUE;FALSE;FALSE;FALSE;TRUE;FALSE;FALSE;FALSE;FALSE;TRUE;"Fe1O1";"Óxido Ferroso";"Óxido de Hierro (II)";"Mono";"Mono";"MonoÓxido de MonoHierro"
48;"Fe";"Hierro";26;8;4;"Metal";"Metales de transición";"Sólido";"2,3";2;48;2;"3";"III";TRUE;FALSE;FALSE;FALSE;TRUE;FALSE;FALSE;FALSE;FALSE;TRUE;"Fe2O3";"Óxido Férrico";"Óxido de Hierro (III)";"Di";"Tri";"DiÓxido de TriHierro"
49;"Co";"Cobalto";27;9;4;"Metal";"Metales de transición";"Sólido";"2,3";2;49;1;"2";"II";TRUE;FALSE;FALSE;FALSE;TRUE;FALSE;FALSE;FALSE;FALSE;TRUE;"Co1O1";"Óxido Cobaltoso";"Óxido de Cobalto (II)";"Mono";"Mono";"MonoÓxido de MonoCobalto"
50;"Co";"Cobalto";27;9;4;"Metal";"Metales de transición";"Sólido";"2,3";2;50;2;"3";"III";TRUE;FALSE;FALSE;FALSE;TRUE;FALSE;FALSE;FALSE;FALSE;TRUE;"Co2O3";"Óxido Cobáltico";"Óxido de Cobalto (III)";"Di";"Tri";"DiÓxido de TriCobalto"
51;"Ni";"Níquel";28;10;4;"Metal";"Metales de transición";"Sólido";"2,3";2;51;1;"2";"II";TRUE;FALSE;FALSE;FALSE;TRUE;FALSE;FALSE;FALSE;FALSE;TRUE;"Ni1O1";"Óxido Niqueloso";"Óxido de Níquel (II)";"Mono";"Mono";"MonoÓxido de MonoNíquel"
52;"Ni";"Níquel";28;10;4;"Metal";"Metales de transición";"Sólido";"2,3";2;52;2;"3";"III";TRUE;FALSE;FALSE;FALSE;TRUE;FALSE;FALSE;FALSE;FALSE;TRUE;"Ni2O3";"Óxido Niquélico";"Óxido de Níquel (III)";"Di";"Tri";"DiÓxido de TriNíquel"
53;"Cu";"Cobre";29;11;4;"Metal";"Metales de transición";"Sólido";"1,2";2;53;1;"1";"I";TRUE;FALSE;FALSE;FALSE;TRUE;FALSE;FALSE;FALSE;FALSE;TRUE;"Cu2O1";"Óxido Cuproso";"Óxido de Cobre (I)";"Di";"Mono";"DiÓxido de MonoCobre"
54;"Cu";"Cobre";29;11;4;"Metal";"Metales de transición";"Sólido";"1,2";2;54;2;"2";"II";TRUE;FALSE;FALSE;FALSE;TRUE;FALSE;FALSE;FALSE;FALSE;TRUE;"Cu1O1";"Óxido Cúprico";"Óxido de Cobre (II)";"Mono";"Mono";"MonoÓxido de MonoCobre"
55;"Zn";"Zinc";30;12;4;"Metal";"Metales de transición";"Sólido";"2";1;55;1;"2";"II";TRUE;FALSE;FALSE;FALSE;TRUE;FALSE;FALSE;FALSE;FALSE;TRUE;"Zn1O1";"Óxido de Zinc";"Óxido de Zinc (II)";"Mono";"Mono";"MonoÓxido de MonoZinc"
56;"Ga";"Galio";31;13;4;"Metal";"Metales del Bloque p";"Líquido";"3";1;56;1;"3";"III";TRUE;FALSE;FALSE;FALSE;FALSE;TRUE;FALSE;FALSE;FALSE;TRUE;"Ga2O3";"Óxido de Galio";"Óxido de Galio (III)";"Di";"Tri";"DiÓxido de TriGalio"
57;"Ge";"Germanio";32;14;4;"Metaloide";"-";"Sólido";"4";1;57;1;"4";"IV";FALSE;FALSE;FALSE;FALSE;TRUE;FALSE;FALSE;FALSE;FALSE;TRUE;"Ge1O2";"Óxido de Germanio";"Óxido de Germanio (IV)";"Mono";"Di";"MonoÓxido de DiGermanio"
58;"As";"Arsénico";33;15;4;"Metaloide";"-";"Sólido";"3,5";2;58;1;"3";"III";FALSE;FALSE;FALSE;FALSE;TRUE;FALSE;FALSE;FALSE;FALSE;TRUE;"As2O3";"Óxido Arsenoso";"Óxido de Arsénico (III)";"Di";"Tri";"DiÓxido de TriArsénico"
59;"As";"Arsénico";33;15;4;"Metaloide";"-";"Sólido";"3,5";2;59;2;"5";"V";FALSE;FALSE;FALSE;FALSE;TRUE;FALSE;FALSE;FALSE;FALSE;TRUE;"As2O5";"Óxido Arsénico";"Óxido de Arsénico (V)";"Di";"Penta";"DiÓxido de PentaArsénico"
60;"Se";"Selenio";34;16;4;"No Metal";"Otros no metales";"Sólido";"4,6";2;60;1;"4";"IV";FALSE;TRUE;FALSE;FALSE;TRUE;FALSE;FALSE;FALSE;FALSE;TRUE;"Se1O2";"Óxido Selenoso";"Óxido de Selenio (IV)";"Mono";"Di";"MonoÓxido de DiSelenio"
61;"Se";"Selenio";34;16;4;"No Metal";"Otros no metales";"Sólido";"4,6";2;61;2;"6";"VI";FALSE;TRUE;FALSE;FALSE;TRUE;FALSE;FALSE;FALSE;FALSE;TRUE;"Se1O3";"Óxido Selénico";"Óxido de Selenio (VI)";"Mono";"Tri";"MonoÓxido de TriSelenio"
62;"Br";"Bromo";35;17;4;"No Metal";"Halógenos";"Líquido";"1,5";2;62;1;"1";"I";FALSE;TRUE;FALSE;FALSE;FALSE;TRUE;FALSE;FALSE;TRUE;TRUE;"Br2O1";"Óxido Brosomo";"Óxido de Bromo (I)";"Di";"Mono";"DiÓxido de MonoBromo"
63;"Br";"Bromo";35;17;4;"No Metal";"Halógenos";"Líquido";"1,5";2;63;2;"5";"V";FALSE;TRUE;FALSE;FALSE;FALSE;TRUE;FALSE;FALSE;TRUE;TRUE;"Br2O5";"Óxido Brómico";"Óxido de Bromo (V)";"Di";"Penta";"DiÓxido de PentaBromo"
64;"Kr";"Criptón";36;18;4;"Gas Noble";"-";"Gas";"0";1;64;1;"0";"";FALSE;FALSE;FALSE;TRUE;FALSE;FALSE;TRUE;FALSE;FALSE;FALSE;"----";"----";"----";"----";"----";"----"
65;"Rb";"Rubidio";37;1;5;"Metal";"Alcalino";"Sólido";"1";1;65;1;"1";"I";TRUE;FALSE;FALSE;FALSE;TRUE;FALSE;FALSE;FALSE;FALSE;TRUE;"Rb2O1";"Óxido de Rubidio";"Óxido de Rubidio (I)";"Di";"Mono";"DiÓxido de MonoRubidio"
66;"Sr";"Estroncio";38;2;5;"Metal";"Tierras alcalinas";"Sólido";"2";1;66;1;"2";"II";TRUE;FALSE;FALSE;FALSE;TRUE;FALSE;FALSE;FALSE;FALSE;TRUE;"Sr1O1";"Óxido de Estroncio";"Óxido de Estroncio (II)";"Mono";"Mono";"MonoÓxido de MonoEstroncio"
67;"Y";"Yodo";39;3;5;"Metal";"Metales de transición";"Sólido";"3";1;67;1;"3";"III";TRUE;FALSE;FALSE;FALSE;TRUE;FALSE;FALSE;FALSE;FALSE;TRUE;"Y2O3";"Óxido de Yodo";"Óxido de Yodo (III)";"Di";"Tri";"DiÓxido de TriYodo"
68;"Zr";"Circonio";40;4;5;"Metal";"Metales de transición";"Sólido";"4";1;68;1;"4";"IV";TRUE;FALSE;FALSE;FALSE;TRUE;FALSE;FALSE;FALSE;FALSE;TRUE;"Zr1O2";"Óxido de Circonio";"Óxido de Circonio (IV)";"Mono";"Di";"MonoÓxido de DiCirconio"
69;"Nb";"Niobio";41;5;5;"Metal";"Metales de transición";"Sólido";"3,5";2;69;1;"3";"III";TRUE;FALSE;FALSE;FALSE;TRUE;FALSE;FALSE;FALSE;FALSE;TRUE;"Nb2O3";"Óxido Nioboso";"Óxido de Niobio (III)";"Di";"Tri";"DiÓxido de TriNiobio"
70;"Nb";"Niobio";41;5;5;"Metal";"Metales de transición";"Sólido";"3,5";2;70;2;"5";"V";TRUE;FALSE;FALSE;FALSE;TRUE;FALSE;FALSE;FALSE;FALSE;TRUE;"Nb2O5";"Óxido Niúbico";"Óxido de Niobio (V)";"Di";"Penta";"DiÓxido de PentaNiobio"
71;"Mo";"Molibdeno";42;6;5;"Metal";"Metales de transición";"Sólido";"2,3,4,5,6";5;71;1;"2";"II";TRUE;FALSE;FALSE;FALSE;TRUE;FALSE;FALSE;FALSE;FALSE;TRUE;"Mo1O1";"Óxido HipoMolibdoso";"Óxido de Molibdeno (II)";"Mono";"Mono";"MonoÓxido de MonoMolibdeno"
72;"Mo";"Molibdeno";42;6;5;"Metal";"Metales de transición";"Sólido";"2,3,4,5,6";5;72;2;"3";"III";TRUE;FALSE;FALSE;FALSE;TRUE;FALSE;FALSE;FALSE;FALSE;TRUE;"Mo2O3";"Óxido Molibdoso";"Óxido de Molibdeno (III)";"Di";"Tri";"DiÓxido de TriMolibdeno"
73;"Mo";"Molibdeno";42;6;5;"Metal";"Metales de transición";"Sólido";"2,3,4,5,6";5;73;3;"4";"IV";TRUE;FALSE;FALSE;FALSE;TRUE;FALSE;FALSE;FALSE;FALSE;TRUE;"Mo1O2";"Óxido Molibdénico";"Óxido de Molibdeno (IV)";"Mono";"Di";"MonoÓxido de DiMolibdeno"
74;"Mo";"Molibdeno";42;6;5;"Metal";"Metales de transición";"Sólido";"2,3,4,5,6";5;74;4;"5";"V";TRUE;FALSE;FALSE;FALSE;TRUE;FALSE;FALSE;FALSE;FALSE;TRUE;"Mo2O5";"Óxido PerMolibdénico";"Óxido de Molibdeno (V)";"Di";"Penta";"DiÓxido de PentaMolibdeno"
75;"Mo";"Molibdeno";42;6;5;"Metal";"Metales de transición";"Sólido";"2,3,4,5,6";5;75;5;"6";"VI";TRUE;FALSE;FALSE;FALSE;TRUE;FALSE;FALSE;FALSE;FALSE;TRUE;"Mo1O3";"Óxido SuperMolibdénico";"Óxido de Molibdeno (VI)";"Mono";"Tri";"MonoÓxido de TriMolibdeno"
76;"Tc";"Tecnecio";43;7;5;"Metal";"Metales de transición";"Sólido";"7";1;76;1;"7";"VII";TRUE;FALSE;FALSE;FALSE;TRUE;FALSE;FALSE;FALSE;FALSE;TRUE;"Tc2O7";"Óxido de Tecnecio";"Óxido de Tecnecio (VII)";"Di";"Hepta";"DiÓxido de HeptaTecnecio"
77;"Ru";"Rutenio";44;8;5;"Metal";"Metales de transición";"Sólido";"2,3,4,6,8";5;77;1;"2";"II";TRUE;FALSE;FALSE;FALSE;TRUE;FALSE;FALSE;FALSE;FALSE;TRUE;"Ru1O1";"Óxido HipoRutenoso";"Óxido de Rutenio (II)";"Mono";"Mono";"MonoÓxido de MonoRutenio"
78;"Ru";"Rutenio";44;8;5;"Metal";"Metales de transición";"Sólido";"2,3,4,6,8";5;78;2;"3";"III";TRUE;FALSE;FALSE;FALSE;TRUE;FALSE;FALSE;FALSE;FALSE;TRUE;"Ru2O3";"Óxido Rutenoso";"Óxido de Rutenio (III)";"Di";"Tri";"DiÓxido de TriRutenio"
79;"Ru";"Rutenio";44;8;5;"Metal";"Metales de transición";"Sólido";"2,3,4,6,8";5;79;3;"4";"IV";TRUE;FALSE;FALSE;FALSE;TRUE;FALSE;FALSE;FALSE;FALSE;TRUE;"Ru1O2";"Óxido Rutenoso";"Óxido de Rutenio (IV)";"Mono";"Di";"MonoÓxido de DiRutenio"
80;"Ru";"Rutenio";44;8;5;"Metal";"Metales de transición";"Sólido";"2,3,4,6,8";5;80;4;"6";"VI";TRUE;FALSE;FALSE;FALSE;TRUE;FALSE;FALSE;FALSE;FALSE;TRUE;"Ru1O3";"Óxido PerRutenoso";"Óxido de Rutenio (VI)";"Mono";"Tri";"MonoÓxido de TriRutenio"
81;"Ru";"Rutenio";44;8;5;"Metal";"Metales de transición";"Sólido";"2,3,4,6,8";5;81;5;"8";"VIII";TRUE;FALSE;FALSE;FALSE;TRUE;FALSE;FALSE;FALSE;FALSE;TRUE;"Ru1O4";"Óxido SuperRutenoso";"Óxido de Rutenio (VIII)";"Mono";"Tetra";"MonoÓxido de TetraRutenio"
82;"Rh";"Rodio";45;9;5;"Metal";"Metales de transición";"Sólido";"2,3,4";3;82;1;"2";"II";TRUE;FALSE;FALSE;FALSE;TRUE;FALSE;FALSE;FALSE;FALSE;TRUE;"Rh1O1";"Óxido HipoRodoso";"Óxido de Rodio (II)";"Mono";"Mono";"MonoÓxido de MonoRodio"
83;"Rh";"Rodio";45;9;5;"Metal";"Metales de transición";"Sólido";"2,3,4";3;83;2;"3";"III";TRUE;FALSE;FALSE;FALSE;TRUE;FALSE;FALSE;FALSE;FALSE;TRUE;"Rh2O3";"Óxido Rodoso";"Óxido de Rodio (III)";"Di";"Tri";"DiÓxido de TriRodio"
84;"Rh";"Rodio";45;9;5;"Metal";"Metales de transición";"Sólido";"2,3,4";3;84;3;"4";"IV";TRUE;FALSE;FALSE;FALSE;TRUE;FALSE;FALSE;FALSE;FALSE;TRUE;"Rh1O2";"Óxido Ródico";"Óxido de Rodio (IV)";"Mono";"Di";"MonoÓxido de DiRodio"
85;"Pd";"Paladio";46;10;5;"Metal";"Metales de transición";"Sólido";"2,4";2;85;1;"2";"II";TRUE;FALSE;FALSE;FALSE;TRUE;FALSE;FALSE;FALSE;FALSE;TRUE;"Pd1O1";"Óxido Paladoso";"Óxido de Paladio (II)";"Mono";"Mono";"MonoÓxido de MonoPaladio"
86;"Pd";"Paladio";46;10;5;"Metal";"Metales de transición";"Sólido";"2,4";2;86;2;"4";"IV";TRUE;FALSE;FALSE;FALSE;TRUE;FALSE;FALSE;FALSE;FALSE;TRUE;"Pd1O2";"Óxido Paládico";"Óxido de Paladio (IV)";"Mono";"Di";"MonoÓxido de DiPaladio"
87;"Ag";"Plata";47;11;5;"Metal";"Metales de transición";"Sólido";"1";1;87;1;"1";"I";TRUE;FALSE;FALSE;FALSE;TRUE;FALSE;FALSE;FALSE;FALSE;TRUE;"Ag2O1";"Óxido de Plata";"Óxido de Plata (I)";"Di";"Mono";"DiÓxido de MonoPlata"
88;"Cd";"Cadmio";48;12;5;"Metal";"Metales de transición";"Sólido";"2";1;88;1;"2";"II";TRUE;FALSE;FALSE;FALSE;TRUE;FALSE;FALSE;FALSE;FALSE;TRUE;"Cd1O1";"Óxido de Cadmio";"Óxido de Cadmio (II)";"Mono";"Mono";"MonoÓxido de MonoCadmio"
89;"In";"Indio";49;13;5;"Metal";"Metales del Bloque p";"Sólido";"3";1;89;1;"3";"III";TRUE;FALSE;FALSE;FALSE;TRUE;FALSE;FALSE;FALSE;FALSE;TRUE;"In2O3";"Óxido de Indio";"Óxido de Indio (III)";"Di";"Tri";"DiÓxido de TriIndio"
90;"Sn";"Estaño";50;14;5;"Metal";"Metales del Bloque p";"Sólido";"2,4";2;90;1;"2";"II";TRUE;FALSE;FALSE;FALSE;TRUE;FALSE;FALSE;FALSE;FALSE;TRUE;"Sn1O1";"Óxido Estañoso";"Óxido de Estaño (II)";"Mono";"Mono";"MonoÓxido de MonoEstaño"
91;"Sn";"Estaño";50;14;5;"Metal";"Metales del Bloque p";"Sólido";"2,4";2;91;2;"4";"IV";TRUE;FALSE;FALSE;FALSE;TRUE;FALSE;FALSE;FALSE;FALSE;TRUE;"Sn1O2";"Óxido Estáñico";"Óxido de Estaño (IV)";"Mono";"Di";"MonoÓxido de DiEstaño"
92;"Sb";"Antimonio";51;15;5;"Metaloide";"-";"Sólido";"3,5";2;92;1;"3";"III";FALSE;FALSE;FALSE;FALSE;TRUE;FALSE;FALSE;FALSE;FALSE;TRUE;"Sb2O3";"Óxido Antimonoso";"Óxido de Antimonio (III)";"Di";"Tri";"DiÓxido de TriAntimonio"
93;"Sb";"Antimonio";51;15;5;"Metaloide";"-";"Sólido";"3,5";2;93;2;"5";"V";FALSE;FALSE;FALSE;FALSE;TRUE;FALSE;FALSE;FALSE;FALSE;TRUE;"Sb2O5";"Óxido Antimónico";"Óxido de Antimonio (V)";"Di";"Penta";"DiÓxido de PentaAntimonio"
94;"Te";"Telurio";52;16;5;"Metaloide";"-";"Sólido";"2,4,6";3;94;1;"2";"II";FALSE;FALSE;FALSE;FALSE;TRUE;FALSE;FALSE;FALSE;FALSE;TRUE;"Te1O1";"Óxido HipoTeluroso";"Óxido de Telurio (II)";"Mono";"Mono";"MonoÓxido de MonoTelurio"
95;"Te";"Telurio";52;16;5;"Metaloide";"-";"Sólido";"2,4,6";3;95;2;"4";"IV";FALSE;FALSE;FALSE;FALSE;TRUE;FALSE;FALSE;FALSE;FALSE;TRUE;"Te1O2";"Óxido Teluroso";"Óxido de Telurio (IV)";"Mono";"Di";"MonoÓxido de DiTelurio"
96;"Te";"Telurio";52;16;5;"Metaloide";"-";"Sólido";"2,4,6";3;96;3;"6";"VI";FALSE;FALSE;FALSE;FALSE;TRUE;FALSE;FALSE;FALSE;FALSE;TRUE;"Te1O3";"Óxido Telúrico";"Óxido de Telurio (VI)";"Mono";"Tri";"MonoÓxido de TriTelurio"
97;"I";"Yodo";53;17;5;"No Metal";"Halógenos";"Sólido";"1,5,7";3;97;1;"1";"I";FALSE;TRUE;FALSE;FALSE;TRUE;FALSE;FALSE;FALSE;TRUE;TRUE;"I2O1";"Óxido HipoYodoso";"Óxido de Yodo (I)";"Di";"Mono";"DiÓxido de MonoYodo"
98;"I";"Yodo";53;17;5;"No Metal";"Halógenos";"Sólido";"1,5,7";3;98;2;"5";"V";FALSE;TRUE;FALSE;FALSE;TRUE;FALSE;FALSE;FALSE;TRUE;TRUE;"I2O5";"Óxido Yodoso";"Óxido de Yodo (V)";"Di";"Penta";"DiÓxido de PentaYodo"
99;"I";"Yodo";53;17;5;"No Metal";"Halógenos";"Sólido";"1,5,7";3;99;3;"7";"VII";FALSE;TRUE;FALSE;FALSE;TRUE;FALSE;FALSE;FALSE;TRUE;TRUE;"I2O7";"Óxido Yódico";"Óxido de Yodo (VII)";"Di";"Hepta";"DiÓxido de HeptaYodo"
100;"Xe";"Xenón";54;18;5;"Gas Noble";"-";"Gas";"0";1;100;1;"0";"";FALSE;FALSE;FALSE;TRUE;FALSE;FALSE;TRUE;FALSE;FALSE;FALSE;"----";"----";"----";"----";"----";"----"
101;"Cs";"Cesio";55;1;6;"Metal";"Alcalino";"Líquido";"1";1;101;1;"1";"I";TRUE;FALSE;FALSE;FALSE;FALSE;TRUE;FALSE;FALSE;FALSE;TRUE;"Cs2O1";"Óxido de Cesio";"Óxido de Cesio (I)";"Di";"Mono";"DiÓxido de MonoCesio"
102;"Ba";"Bario";56;2;6;"Metal";"Tierras alcalinas";"Sólido";"2";1;102;1;"2";"II";TRUE;FALSE;FALSE;FALSE;TRUE;FALSE;FALSE;FALSE;FALSE;TRUE;"Ba1O1";"Óxido de Bario";"Óxido de Bario (II)";"Mono";"Mono";"MonoÓxido de MonoBario"
103;"La";"Lantano";57;3;6;"Metal";"Lantánidos";"Sólido";"3";1;103;1;"3";"III";TRUE;FALSE;FALSE;FALSE;TRUE;FALSE;FALSE;FALSE;FALSE;TRUE;"La2O3";"Óxido de Lantano";"Óxido de Lantano (III)";"Di";"Tri";"DiÓxido de TriLantano"
104;"Ce";"Cerio";58;3;6;"Metal";"Lantánidos";"Sólido";"3,4";2;104;1;"3";"III";TRUE;FALSE;FALSE;FALSE;TRUE;FALSE;FALSE;FALSE;FALSE;TRUE;"Ce2O3";"Óxido Ceroso";"Óxido de Cerio (III)";"Di";"Tri";"DiÓxido de TriCerio"
105;"Ce";"Cerio";58;3;6;"Metal";"Lantánidos";"Sólido";"3,4";2;105;2;"4";"IV";TRUE;FALSE;FALSE;FALSE;TRUE;FALSE;FALSE;FALSE;FALSE;TRUE;"Ce1O2";"Óxido Cérico";"Óxido de Cerio (IV)";"Mono";"Di";"MonoÓxido de DiCerio"
106;"Pr";"Praseodimio";59;3;6;"Metal";"Lantánidos";"Sólido";"3,4";2;106;1;"3";"III";TRUE;FALSE;FALSE;FALSE;TRUE;FALSE;FALSE;FALSE;FALSE;TRUE;"Pr2O3";"Óxido Praseodimoso";"Óxido de Praseodimio (III)";"Di";"Tri";"DiÓxido de TriPraseodimio"
107;"Pr";"Praseodimio";59;3;6;"Metal";"Lantánidos";"Sólido";"3,4";2;107;2;"4";"IV";TRUE;FALSE;FALSE;FALSE;TRUE;FALSE;FALSE;FALSE;FALSE;TRUE;"Pr1O2";"Óxido Praseodímico";"Óxido de Praseodimio (IV)";"Mono";"Di";"MonoÓxido de DiPraseodimio"
108;"Nd";"Neodimio";60;3;6;"Metal";"Lantánidos";"Sólido";"3";1;108;1;"3";"III";TRUE;FALSE;FALSE;FALSE;TRUE;FALSE;FALSE;FALSE;FALSE;TRUE;"Nd2O3";"Óxido de Neodimio";"Óxido de Neodimio (III)";"Di";"Tri";"DiÓxido de TriNeodimio"
109;"Pm";"Promesa";61;3;6;"Metal";"Lantánidos";"Sólido";"3";1;109;1;"3";"III";TRUE;FALSE;FALSE;FALSE;TRUE;FALSE;FALSE;FALSE;FALSE;TRUE;"Pm2O3";"Óxido de Promesa";"Óxido de Promesa (III)";"Di";"Tri";"DiÓxido de TriPromesa"
110;"Sm";"Samario";62;3;6;"Metal";"Lantánidos";"Sólido";"2,3";2;110;1;"2";"II";TRUE;FALSE;FALSE;FALSE;TRUE;FALSE;FALSE;FALSE;FALSE;TRUE;"Sm1O1";"Óxido Samaroso";"Óxido de Samario (II)";"Mono";"Mono";"MonoÓxido de MonoSamario"
111;"Sm";"Samario";62;3;6;"Metal";"Lantánidos";"Sólido";"2,3";2;111;2;"3";"III";TRUE;FALSE;FALSE;FALSE;TRUE;FALSE;FALSE;FALSE;FALSE;TRUE;"Sm2O3";"Óxido Samárico";"Óxido de Samario (III)";"Di";"Tri";"DiÓxido de TriSamario"
112;"Eu";"Europio";63;3;6;"Metal";"Lantánidos";"Sólido";"2,3";2;112;1;"2";"II";TRUE;FALSE;FALSE;FALSE;TRUE;FALSE;FALSE;FALSE;FALSE;TRUE;"Eu1O1";"Óxido Europoso";"Óxido de Europio (II)";"Mono";"Mono";"MonoÓxido de MonoEuropio"
113;"Eu";"Europio";63;3;6;"Metal";"Lantánidos";"Sólido";"2,3";2;113;2;"3";"III";TRUE;FALSE;FALSE;FALSE;TRUE;FALSE;FALSE;FALSE;FALSE;TRUE;"Eu2O3";"Óxido Európico";"Óxido de Europio (III)";"Di";"Tri";"DiÓxido de TriEuropio"
114;"Gd";"Gadolinio";64;3;6;"Metal";"Lantánidos";"Sólido";"3";1;114;1;"3";"III";TRUE;FALSE;FALSE;FALSE;TRUE;FALSE;FALSE;FALSE;FALSE;TRUE;"Gd2O3";"Óxido de Gadolinio";"Óxido de Gadolinio (III)";"Di";"Tri";"DiÓxido de TriGadolinio"
115;"Tb";"Terbio";65;3;6;"Metal";"Lantánidos";"Sólido";"3,4";2;115;1;"3";"III";TRUE;FALSE;FALSE;FALSE;TRUE;FALSE;FALSE;FALSE;FALSE;TRUE;"Tb2O3";"Óxido Terboso";"Óxido de Terbio (III)";"Di";"Tri";"DiÓxido de TriTerbio"
116;"Tb";"Terbio";65;3;6;"Metal";"Lantánidos";"Sólido";"3,4";2;116;2;"4";"IV";TRUE;FALSE;FALSE;FALSE;TRUE;FALSE;FALSE;FALSE;FALSE;TRUE;"Tb1O2";"Óxido Térbico";"Óxido de Terbio (IV)";"Mono";"Di";"MonoÓxido de DiTerbio"
117;"Dy";"Disprosio";66;3;6;"Metal";"Lantánidos";"Sólido";"3";1;117;1;"3";"III";TRUE;FALSE;FALSE;FALSE;TRUE;FALSE;FALSE;FALSE;FALSE;TRUE;"Dy2O3";"Óxido de Disprosio";"Óxido de Disprosio (III)";"Di";"Tri";"DiÓxido de TriDisprosio"
118;"Ho";"Holmio";67;3;6;"Metal";"Lantánidos";"Sólido";"3";1;118;1;"3";"III";TRUE;FALSE;FALSE;FALSE;TRUE;FALSE;FALSE;FALSE;FALSE;TRUE;"Ho2O3";"Óxido de Holmio";"Óxido de Holmio (III)";"Di";"Tri";"DiÓxido de TriHolmio"
119;"Er";"Erbio";68;3;6;"Metal";"Lantánidos";"Sólido";"3";1;119;1;"3";"III";TRUE;FALSE;FALSE;FALSE;TRUE;FALSE;FALSE;FALSE;FALSE;TRUE;"Er2O3";"Óxido de Erbio";"Óxido de Erbio (III)";"Di";"Tri";"DiÓxido de TriErbio"
120;"Tm";"Tulio";69;3;6;"Metal";"Lantánidos";"Sólido";"3,2";2;120;2;"3";"III";TRUE;FALSE;FALSE;FALSE;TRUE;FALSE;FALSE;FALSE;FALSE;TRUE;"Tm2O3";"Óxido Tuloso";"Óxido de Tulio (III)";"Di";"Tri";"DiÓxido de TriTulio"
121;"Tm";"Tulio";69;3;6;"Metal";"Lantánidos";"Sólido";"3,2";2;121;1;"2";"II";TRUE;FALSE;FALSE;FALSE;TRUE;FALSE;FALSE;FALSE;FALSE;TRUE;"Tm1O1";"Óxido Túlico";"Óxido de Tulio (II)";"Mono";"Mono";"MonoÓxido de MonoTulio"
122;"Yb";"Iterbio";70;3;6;"Metal";"Lantánidos";"Sólido";"2,3";2;122;1;"2";"II";TRUE;FALSE;FALSE;FALSE;TRUE;FALSE;FALSE;FALSE;FALSE;TRUE;"Yb1O1";"Óxido Iterboso";"Óxido de Iterbio (II)";"Mono";"Mono";"MonoÓxido de MonoIterbio"
123;"Yb";"Iterbio";70;3;6;"Metal";"Lantánidos";"Sólido";"2,3";2;123;2;"3";"III";TRUE;FALSE;FALSE;FALSE;TRUE;FALSE;FALSE;FALSE;FALSE;TRUE;"Yb2O3";"Óxido Itérbico";"Óxido de Iterbio (III)";"Di";"Tri";"DiÓxido de TriIterbio"
124;"Lu";"Lutecio";71;3;6;"Metal";"Lantánidos";"Sólido";"3";1;124;1;"3";"III";TRUE;FALSE;FALSE;FALSE;TRUE;FALSE;FALSE;FALSE;FALSE;TRUE;"Lu2O3";"Óxido de Lutecio";"Óxido de Lutecio (III)";"Di";"Tri";"DiÓxido de TriLutecio"
125;"Hf";"Hafnio";72;4;6;"Metal";"Lantánidos";"Sólido";"4";1;125;1;"4";"IV";TRUE;FALSE;FALSE;FALSE;TRUE;FALSE;FALSE;FALSE;FALSE;TRUE;"Hf1O2";"Óxido de Hafnio";"Óxido de Hafnio (IV)";"Mono";"Di";"MonoÓxido de DiHafnio"
126;"Ta";"Tantalio";73;5;6;"Metal";"Lantánidos";"Sólido";"5";1;126;1;"5";"V";TRUE;FALSE;FALSE;FALSE;TRUE;FALSE;FALSE;FALSE;FALSE;TRUE;"Ta2O5";"Óxido de Tantalio";"Óxido de Tantalio (V)";"Di";"Penta";"DiÓxido de PentaTantalio"
127;"W";"Tungsteno";74;6;6;"Metal";"Lantánidos";"Sólido";"2,3,4,5,6";5;127;1;"2";"II";TRUE;FALSE;FALSE;FALSE;TRUE;FALSE;FALSE;FALSE;FALSE;TRUE;"W1O1";"Óxido HipoTungstoso";"Óxido de Tungsteno (II)";"Mono";"Mono";"MonoÓxido de MonoTungsteno"
128;"W";"Tungsteno";74;6;6;"Metal";"Lantánidos";"Sólido";"2,3,4,5,6";5;128;2;"3";"III";TRUE;FALSE;FALSE;FALSE;TRUE;FALSE;FALSE;FALSE;FALSE;TRUE;"W2O3";"Óxido Tungstoso";"Óxido de Tungsteno (III)";"Di";"Tri";"DiÓxido de TriTungsteno"
129;"W";"Tungsteno";74;6;6;"Metal";"Lantánidos";"Sólido";"2,3,4,5,6";5;129;3;"4";"IV";TRUE;FALSE;FALSE;FALSE;TRUE;FALSE;FALSE;FALSE;FALSE;TRUE;"W1O2";"Óxido Tungsténico";"Óxido de Tungsteno (IV)";"Mono";"Di";"MonoÓxido de DiTungsteno"
130;"W";"Tungsteno";74;6;6;"Metal";"Lantánidos";"Sólido";"2,3,4,5,6";5;130;4;"5";"V";TRUE;FALSE;FALSE;FALSE;TRUE;FALSE;FALSE;FALSE;FALSE;TRUE;"W2O5";"Óxido PerTungsténico";"Óxido de Tungsteno (V)";"Di";"Penta";"DiÓxido de PentaTungsteno"
131;"W";"Tungsteno";74;6;6;"Metal";"Lantánidos";"Sólido";"2,3,4,5,6";5;131;5;"6";"VI";TRUE;FALSE;FALSE;FALSE;TRUE;FALSE;FALSE;FALSE;FALSE;TRUE;"W1O3";"Óxido SuperTungsténico";"Óxido de Tungsteno (VI)";"Mono";"Tri";"MonoÓxido de TriTungsteno"
132;"Re";"Renio";75;7;6;"Metal";"Lantánidos";"Sólido";"1,2,4,6,7";5;132;1;"1";"I";TRUE;FALSE;FALSE;FALSE;TRUE;FALSE;FALSE;FALSE;FALSE;TRUE;"Re2O1";"Óxido HipoRenoso";"Óxido de Renio (I)";"Di";"Mono";"DiÓxido de MonoRenio"
133;"Re";"Renio";75;7;6;"Metal";"Lantánidos";"Sólido";"1,2,4,6,7";5;133;2;"2";"II";TRUE;FALSE;FALSE;FALSE;TRUE;FALSE;FALSE;FALSE;FALSE;TRUE;"Re1O1";"Óxido Renoso";"Óxido de Renio (II)";"Mono";"Mono";"MonoÓxido de MonoRenio"
134;"Re";"Renio";75;7;6;"Metal";"Lantánidos";"Sólido";"1,2,4,6,7";5;134;3;"4";"IV";TRUE;FALSE;FALSE;FALSE;TRUE;FALSE;FALSE;FALSE;FALSE;TRUE;"Re1O2";"Óxido Renico";"Óxido de Renio (IV)";"Mono";"Di";"MonoÓxido de DiRenio"
135;"Re";"Renio";75;7;6;"Metal";"Lantánidos";"Sólido";"1,2,4,6,7";5;135;4;"6";"VI";TRUE;FALSE;FALSE;FALSE;TRUE;FALSE;FALSE;FALSE;FALSE;TRUE;"Re1O3";"Óxido PerRenico";"Óxido de Renio (VI)";"Mono";"Tri";"MonoÓxido de TriRenio"
136;"Re";"Renio";75;7;6;"Metal";"Lantánidos";"Sólido";"1,2,4,6,7";5;136;5;"7";"VII";TRUE;FALSE;FALSE;FALSE;TRUE;FALSE;FALSE;FALSE;FALSE;TRUE;"Re2O7";"Óxido SuperRenico";"Óxido de Renio (VII)";"Di";"Hepta";"DiÓxido de HeptaRenio"
137;"Os";"Osmio";76;8;6;"Metal";"Lantánidos";"Sólido";"2,3,4,6,8";5;137;1;"2";"II";TRUE;FALSE;FALSE;FALSE;TRUE;FALSE;FALSE;FALSE;FALSE;TRUE;"Os1O1";"Óxido HipoOsmoso";"Óxido de Osmio (II)";"Mono";"Mono";"MonoÓxido de MonoOsmio"
138;"Os";"Osmio";76;8;6;"Metal";"Lantánidos";"Sólido";"2,3,4,6,8";5;138;2;"3";"III";TRUE;FALSE;FALSE;FALSE;TRUE;FALSE;FALSE;FALSE;FALSE;TRUE;"Os2O3";"Óxido Osmoso";"Óxido de Osmio (III)";"Di";"Tri";"DiÓxido de TriOsmio"
139;"Os";"Osmio";76;8;6;"Metal";"Lantánidos";"Sólido";"2,3,4,6,8";5;139;3;"4";"IV";TRUE;FALSE;FALSE;FALSE;TRUE;FALSE;FALSE;FALSE;FALSE;TRUE;"Os1O2";"Óxido Ósmico";"Óxido de Osmio (IV)";"Mono";"Di";"MonoÓxido de DiOsmio"
140;"Os";"Osmio";76;8;6;"Metal";"Lantánidos";"Sólido";"2,3,4,6,8";5;140;4;"6";"VI";TRUE;FALSE;FALSE;FALSE;TRUE;FALSE;FALSE;FALSE;FALSE;TRUE;"Os1O3";"Óxido PerÓsmico";"Óxido de Osmio (VI)";"Mono";"Tri";"MonoÓxido de TriOsmio"
141;"Os";"Osmio";76;8;6;"Metal";"Lantánidos";"Sólido";"2,3,4,6,8";5;141;5;"8";"VIII";TRUE;FALSE;FALSE;FALSE;TRUE;FALSE;FALSE;FALSE;FALSE;TRUE;"Os1O4";"Óxido SuperÓsmico";"Óxido de Osmio (VIII)";"Mono";"Tetra";"MonoÓxido de TetraOsmio"
142;"Ir";"Iridio";77;9;6;"Metal";"Lantánidos";"Sólido";"2,3,4,6";4;142;1;"2";"II";TRUE;FALSE;FALSE;FALSE;TRUE;FALSE;FALSE;FALSE;FALSE;TRUE;"Ir1O1";"Óxido HipoIridoso";"Óxido de Iridio (II)";"Mono";"Mono";"MonoÓxido de MonoIridio"
143;"Ir";"Iridio";77;9;6;"Metal";"Lantánidos";"Sólido";"2,3,4,6";4;143;2;"3";"III";TRUE;FALSE;FALSE;FALSE;TRUE;FALSE;FALSE;FALSE;FALSE;TRUE;"Ir2O3";"Óxido Iridoso";"Óxido de Iridio (III)";"Di";"Tri";"DiÓxido de TriIridio"
144;"Ir";"Iridio";77;9;6;"Metal";"Lantánidos";"Sólido";"2,3,4,6";4;144;3;"4";"IV";TRUE;FALSE;FALSE;FALSE;TRUE;FALSE;FALSE;FALSE;FALSE;TRUE;"Ir1O2";"Óxido Irídico";"Óxido de Iridio (IV)";"Mono";"Di";"MonoÓxido de DiIridio"
145;"Ir";"Iridio";77;9;6;"Metal";"Lantánidos";"Sólido";"2,3,4,6";4;145;4;"6";"VI";TRUE;FALSE;FALSE;FALSE;TRUE;FALSE;FALSE;FALSE;FALSE;TRUE;"Ir1O3";"Óxido PerIrídico";"Óxido de Iridio (VI)";"Mono";"Tri";"MonoÓxido de TriIridio"
146;"Pt";"Platino";78;10;6;"Metal";"Lantánidos";"Sólido";"2,4";2;146;1;"2";"II";TRUE;FALSE;FALSE;FALSE;TRUE;FALSE;FALSE;FALSE;FALSE;TRUE;"Pt1O1";"Óxido Platinoso";"Óxido de Platino (II)";"Mono";"Mono";"MonoÓxido de MonoPlatino"
147;"Pt";"Platino";78;10;6;"Metal";"Lantánidos";"Sólido";"2,4";2;147;2;"4";"IV";TRUE;FALSE;FALSE;FALSE;TRUE;FALSE;FALSE;FALSE;FALSE;TRUE;"Pt1O2";"Óxido Platínico";"Óxido de Platino (IV)";"Mono";"Di";"MonoÓxido de DiPlatino"
148;"Au";"Oro";79;11;6;"Metal";"Lantánidos";"Sólido";"1,3";2;148;1;"1";"I";TRUE;FALSE;FALSE;FALSE;TRUE;FALSE;FALSE;FALSE;FALSE;TRUE;"Au2O1";"Óxido Auroso";"Óxido de Oro (I)";"Di";"Mono";"DiÓxido de MonoOro"
149;"Au";"Oro";79;11;6;"Metal";"Lantánidos";"Sólido";"1,3";2;149;2;"3";"III";TRUE;FALSE;FALSE;FALSE;TRUE;FALSE;FALSE;FALSE;FALSE;TRUE;"Au2O3";"Óxido Áurico";"Óxido de Oro (III)";"Di";"Tri";"DiÓxido de TriOro"
150;"Hg";"Mercurio";80;12;6;"Metal";"Lantánidos";"Líquido";"1,2";2;150;1;"1";"I";TRUE;FALSE;FALSE;FALSE;FALSE;TRUE;FALSE;FALSE;FALSE;TRUE;"Hg2O1";"Óxido Mercuroso";"Óxido de Mercurio (I)";"Di";"Mono";"DiÓxido de MonoMercurio"
151;"Hg";"Mercurio";80;12;6;"Metal";"Lantánidos";"Líquido";"1,2";2;151;2;"2";"II";TRUE;FALSE;FALSE;FALSE;FALSE;TRUE;FALSE;FALSE;FALSE;TRUE;"Hg1O1";"Óxido Mercúrico";"Óxido de Mercurio (II)";"Mono";"Mono";"MonoÓxido de MonoMercurio"
152;"Tl";"Talio";81;13;6;"Metal";"Lantánidos";"Sólido";"1,3";2;152;1;"1";"I";TRUE;FALSE;FALSE;FALSE;TRUE;FALSE;FALSE;FALSE;FALSE;TRUE;"Tl2O1";"Óxido Taloso";"Óxido de Talio (I)";"Di";"Mono";"DiÓxido de MonoTalio"
153;"Tl";"Talio";81;13;6;"Metal";"Lantánidos";"Sólido";"1,3";2;153;2;"3";"III";TRUE;FALSE;FALSE;FALSE;TRUE;FALSE;FALSE;FALSE;FALSE;TRUE;"Tl2O3";"Óxido Tálico";"Óxido de Talio (III)";"Di";"Tri";"DiÓxido de TriTalio"
154;"Pb";"Dirigir";82;14;6;"Metal";"Lantánidos";"Sólido";"2,4";2;154;1;"2";"II";TRUE;FALSE;FALSE;FALSE;TRUE;FALSE;FALSE;FALSE;FALSE;TRUE;"Pb1O1";"Óxido Plomboso";"Óxido de Plomo (II)";"Mono";"Mono";"MonoÓxido de MonoDirigir"
155;"Pb";"Dirigir";82;14;6;"Metal";"Lantánidos";"Sólido";"2,4";2;155;2;"4";"IV";TRUE;FALSE;FALSE;FALSE;TRUE;FALSE;FALSE;FALSE;FALSE;TRUE;"Pb1O2";"Óxido Plúmbico";"Óxido de Plomo (IV)";"Mono";"Di";"MonoÓxido de DiDirigir"
156;"Bi";"Bismuto";83;15;6;"Metal";"Lantánidos";"Sólido";"3,5";2;156;1;"3";"III";TRUE;FALSE;FALSE;FALSE;TRUE;FALSE;FALSE;FALSE;FALSE;TRUE;"Bi2O3";"Óxido Bismutoso";"Óxido de Bismuto (III)";"Di";"Tri";"DiÓxido de TriBismuto"
157;"Bi";"Bismuto";83;15;6;"Metal";"Lantánidos";"Sólido";"3,5";2;157;2;"5";"V";TRUE;FALSE;FALSE;FALSE;TRUE;FALSE;FALSE;FALSE;FALSE;TRUE;"Bi2O5";"Óxido Bismútico";"Óxido de Bismuto (V)";"Di";"Penta";"DiÓxido de PentaBismuto"
158;"Po";"Polonio";84;16;6;"Metaloide";"-";"Sólido";"2,4";2;158;1;"2";"II";FALSE;FALSE;FALSE;FALSE;TRUE;FALSE;FALSE;FALSE;FALSE;TRUE;"Po1O1";"Óxido Polonoso";"Óxido de Polonio (II)";"Mono";"Mono";"MonoÓxido de MonoPolonio"
159;"Po";"Polonio";84;16;6;"Metaloide";"-";"Sólido";"2,4";2;159;2;"4";"IV";FALSE;FALSE;FALSE;FALSE;TRUE;FALSE;FALSE;FALSE;FALSE;TRUE;"Po1O2";"Óxido Polónico";"Óxido de Polonio (IV)";"Mono";"Di";"MonoÓxido de DiPolonio"
160;"At";"Aestado";85;17;6;"No Metal";"Halógenos";"Sólido";"1,3,5,7";4;160;1;"1";"I";FALSE;TRUE;FALSE;FALSE;TRUE;FALSE;FALSE;FALSE;TRUE;TRUE;"At2O1";"Óxido HipoAestoso";"Óxido de Aestado (I)";"Di";"Mono";"DiÓxido de MonoAestado"
161;"At";"Aestado";85;17;6;"No Metal";"Halógenos";"Sólido";"1,3,5,7";4;161;2;"3";"III";FALSE;TRUE;FALSE;FALSE;TRUE;FALSE;FALSE;FALSE;TRUE;TRUE;"At2O3";"Óxido Aestoso";"Óxido de Aestado (III)";"Di";"Tri";"DiÓxido de TriAestado"
162;"At";"Aestado";85;17;6;"No Metal";"Halógenos";"Sólido";"1,3,5,7";4;162;3;"5";"V";FALSE;TRUE;FALSE;FALSE;TRUE;FALSE;FALSE;FALSE;TRUE;TRUE;"At2O5";"Óxido Aestédico";"Óxido de Aestado (V)";"Di";"Penta";"DiÓxido de PentaAestado"
163;"At";"Aestado";85;17;6;"No Metal";"Halógenos";"Sólido";"1,3,5,7";4;163;4;"7";"VII";FALSE;TRUE;FALSE;FALSE;TRUE;FALSE;FALSE;FALSE;TRUE;TRUE;"At2O7";"Óxido PerAestédico";"Óxido de Aestado (VII)";"Di";"Hepta";"DiÓxido de HeptaAestado"
164;"Rn";"Radón";86;18;6;"Gas Noble";"-";"Gas";"0";1;164;1;"0";"";FALSE;FALSE;FALSE;TRUE;FALSE;FALSE;TRUE;FALSE;FALSE;FALSE;"----";"----";"----";"----";"----";"----"
165;"Fr";"Francisco";87;1;7;"Metal";"Alcalino";"Líquido";"1";1;165;1;"1";"I";TRUE;FALSE;FALSE;FALSE;FALSE;TRUE;FALSE;FALSE;FALSE;TRUE;"Fr2O1";"Óxido de Francisco";"Óxido de Francisco (I)";"Di";"Mono";"DiÓxido de MonoFrancisco"
166;"Ra";"Radio";88;2;7;"Metal";"Tierras alcalinas";"Sólido";"2";1;166;1;"2";"II";TRUE;FALSE;FALSE;FALSE;TRUE;FALSE;FALSE;FALSE;FALSE;TRUE;"Ra1O1";"Óxido de Radio";"Óxido de Radio (II)";"Mono";"Mono";"MonoÓxido de MonoRadio"
167;"Ac";"Actinio";89;3;7;"Metal";"Actínidos";"Sólido";"3";1;167;1;"3";"III";TRUE;FALSE;FALSE;FALSE;TRUE;FALSE;FALSE;FALSE;FALSE;TRUE;"Ac2O3";"Óxido de Actinio";"Óxido de Actinio (III)";"Di";"Tri";"DiÓxido de TriActinio"
168;"Th";"Torio";90;3;7;"Metal";"Actínidos";"Sólido";"4";1;168;1;"4";"IV";TRUE;FALSE;FALSE;FALSE;TRUE;FALSE;FALSE;FALSE;FALSE;TRUE;"Th1O2";"Óxido de Torio";"Óxido de Torio (IV)";"Mono";"Di";"MonoÓxido de DiTorio"
169;"Pa";"Protactinio";91;3;7;"Metal";"Actínidos";"Sólido";"4,5";2;169;1;"4";"IV";TRUE;FALSE;FALSE;FALSE;TRUE;FALSE;FALSE;FALSE;FALSE;TRUE;"Pa1O2";"Óxido Protactinoso";"Óxido de Protactinio (IV)";"Mono";"Di";"MonoÓxido de DiProtactinio"
170;"Pa";"Protactinio";91;3;7;"Metal";"Actínidos";"Sólido";"4,5";2;170;2;"5";"V";TRUE;FALSE;FALSE;FALSE;TRUE;FALSE;FALSE;FALSE;FALSE;TRUE;"Pa2O5";"Óxido Protactínico";"Óxido de Protactinio (V)";"Di";"Penta";"DiÓxido de PentaProtactinio"
171;"U";"Uranio";92;3;7;"Metal";"Actínidos";"Sólido";"3,4,5,6";4;171;1;"3";"III";TRUE;FALSE;FALSE;FALSE;TRUE;FALSE;FALSE;FALSE;FALSE;TRUE;"U2O3";"Óxido HipoUranoso";"Óxido de Uranio (III)";"Di";"Tri";"DiÓxido de TriUranio"
172;"U";"Uranio";92;3;7;"Metal";"Actínidos";"Sólido";"3,4,5,6";4;172;2;"4";"IV";TRUE;FALSE;FALSE;FALSE;TRUE;FALSE;FALSE;FALSE;FALSE;TRUE;"U1O2";"Óxido Uranoso";"Óxido de Uranio (IV)";"Mono";"Di";"MonoÓxido de DiUranio"
173;"U";"Uranio";92;3;7;"Metal";"Actínidos";"Sólido";"3,4,5,6";4;173;3;"5";"V";TRUE;FALSE;FALSE;FALSE;TRUE;FALSE;FALSE;FALSE;FALSE;TRUE;"U2O5";"Óxido Uránico";"Óxido de Uranio (V)";"Di";"Penta";"DiÓxido de PentaUranio"
174;"U";"Uranio";92;3;7;"Metal";"Actínidos";"Sólido";"3,4,5,6";4;174;4;"6";"VI";TRUE;FALSE;FALSE;FALSE;TRUE;FALSE;FALSE;FALSE;FALSE;TRUE;"U1O3";"Óxido PerUránico";"Óxido de Uranio (VI)";"Mono";"Tri";"MonoÓxido de TriUranio"
175;"Np";"Neptunio";93;3;7;"Metal";"Actínidos";"???";"3,4,5,6";4;175;1;"3";"III";TRUE;FALSE;FALSE;FALSE;FALSE;FALSE;FALSE;TRUE;FALSE;TRUE;"Np2O3";"Óxido HipoNeptunoso";"Óxido de Neptunio (III)";"Di";"Tri";"DiÓxido de TriNeptunio"
176;"Np";"Neptunio";93;3;7;"Metal";"Actínidos";"???";"3,4,5,6";4;176;2;"4";"IV";TRUE;FALSE;FALSE;FALSE;FALSE;FALSE;FALSE;TRUE;FALSE;TRUE;"Np1O2";"Óxido Neptunoso";"Óxido de Neptunio (IV)";"Mono";"Di";"MonoÓxido de DiNeptunio"
177;"Np";"Neptunio";93;3;7;"Metal";"Actínidos";"???";"3,4,5,6";4;177;3;"5";"V";TRUE;FALSE;FALSE;FALSE;FALSE;FALSE;FALSE;TRUE;FALSE;TRUE;"Np2O5";"Óxido Neptúnico";"Óxido de Neptunio (V)";"Di";"Penta";"DiÓxido de PentaNeptunio"
178;"Np";"Neptunio";93;3;7;"Metal";"Actínidos";"???";"3,4,5,6";4;178;4;"6";"VI";TRUE;FALSE;FALSE;FALSE;FALSE;FALSE;FALSE;TRUE;FALSE;TRUE;"Np1O3";"Óxido PerNeptúnico";"Óxido de Neptunio (VI)";"Mono";"Tri";"MonoÓxido de TriNeptunio"
179;"Pu";"Plutonio";94;3;7;"Metal";"Actínidos";"???";"3,4,5,6";4;179;1;"3";"III";TRUE;FALSE;FALSE;FALSE;FALSE;FALSE;FALSE;TRUE;FALSE;TRUE;"Pu2O3";"Óxido HipoPlutonoso";"Óxido de Plutonio (III)";"Di";"Tri";"DiÓxido de TriPlutonio"
180;"Pu";"Plutonio";94;3;7;"Metal";"Actínidos";"???";"3,4,5,6";4;180;2;"4";"IV";TRUE;FALSE;FALSE;FALSE;FALSE;FALSE;FALSE;TRUE;FALSE;TRUE;"Pu1O2";"Óxido Plutonoso";"Óxido de Plutonio (IV)";"Mono";"Di";"MonoÓxido de DiPlutonio"
181;"Pu";"Plutonio";94;3;7;"Metal";"Actínidos";"???";"3,4,5,6";4;181;3;"5";"V";TRUE;FALSE;FALSE;FALSE;FALSE;FALSE;FALSE;TRUE;FALSE;TRUE;"Pu2O5";"Óxido Plutónico";"Óxido de Plutonio (V)";"Di";"Penta";"DiÓxido de PentaPlutonio"
182;"Pu";"Plutonio";94;3;7;"Metal";"Actínidos";"???";"3,4,5,6";4;182;4;"6";"VI";TRUE;FALSE;FALSE;FALSE;FALSE;FALSE;FALSE;TRUE;FALSE;TRUE;"Pu1O3";"Óxido PerPlutónico";"Óxido de Plutonio (VI)";"Mono";"Tri";"MonoÓxido de TriPlutonio"
183;"Am";"Americio";95;3;7;"Metal";"Actínidos";"???";"3,4,5,6";4;183;1;"3";"III";TRUE;FALSE;FALSE;FALSE;FALSE;FALSE;FALSE;TRUE;FALSE;TRUE;"Am2O3";"Óxido HipoAmericoso";"Óxido de Americio (III)";"Di";"Tri";"DiÓxido de TriAmericio"
184;"Am";"Americio";95;3;7;"Metal";"Actínidos";"???";"3,4,5,6";4;184;2;"4";"IV";TRUE;FALSE;FALSE;FALSE;FALSE;FALSE;FALSE;TRUE;FALSE;TRUE;"Am1O2";"Óxido Americoso";"Óxido de Americio (IV)";"Mono";"Di";"MonoÓxido de DiAmericio"
185;"Am";"Americio";95;3;7;"Metal";"Actínidos";"???";"3,4,5,6";4;185;3;"5";"V";TRUE;FALSE;FALSE;FALSE;FALSE;FALSE;FALSE;TRUE;FALSE;TRUE;"Am2O5";"Óxido Américo";"Óxido de Americio (V)";"Di";"Penta";"DiÓxido de PentaAmericio"
186;"Am";"Americio";95;3;7;"Metal";"Actínidos";"???";"3,4,5,6";4;186;4;"6";"VI";TRUE;FALSE;FALSE;FALSE;FALSE;FALSE;FALSE;TRUE;FALSE;TRUE;"Am1O3";"Óxido PerAmérico";"Óxido de Americio (VI)";"Mono";"Tri";"MonoÓxido de TriAmericio"
187;"Cm";"Curio";96;3;7;"Metal";"Actínidos";"???";"3";1;187;1;"3";"III";TRUE;FALSE;FALSE;FALSE;FALSE;FALSE;FALSE;TRUE;FALSE;TRUE;"Cm2O3";"Óxido de Curio";"Óxido de Curio (III)";"Di";"Tri";"DiÓxido de TriCurio"
188;"Bk";"Berkelio";97;3;7;"Metal";"Actínidos";"???";"3,4";2;188;1;"3";"III";TRUE;FALSE;FALSE;FALSE;FALSE;FALSE;FALSE;TRUE;FALSE;TRUE;"Bk2O3";"Óxido Berkeloso";"Óxido de Berkelio (III)";"Di";"Tri";"DiÓxido de TriBerkelio"
189;"Bk";"Berkelio";97;3;7;"Metal";"Actínidos";"???";"3,4";2;189;2;"4";"IV";TRUE;FALSE;FALSE;FALSE;FALSE;FALSE;FALSE;TRUE;FALSE;TRUE;"Bk1O2";"Óxido Berkélico";"Óxido de Berkelio (IV)";"Mono";"Di";"MonoÓxido de DiBerkelio"
190;"Cf";"Californio";98;3;7;"Metal";"Actínidos";"???";"3";1;190;1;"3";"III";TRUE;FALSE;FALSE;FALSE;FALSE;FALSE;FALSE;TRUE;FALSE;TRUE;"Cf2O3";"Óxido de Californio";"Óxido de Californio (III)";"Di";"Tri";"DiÓxido de TriCalifornio"
191;"Es";"Einstenio";99;3;7;"Metal";"Actínidos";"???";"4";1;191;1;"4";"IV";TRUE;FALSE;FALSE;FALSE;FALSE;FALSE;FALSE;TRUE;FALSE;TRUE;"Es1O2";"Óxido de Einstenio";"Óxido de Einstenio (IV)";"Mono";"Di";"MonoÓxido de DiEinstenio"
192;"Fm";"Fermio";100;3;7;"Metal";"Actínidos";"???";"4";1;192;1;"4";"IV";TRUE;FALSE;FALSE;FALSE;FALSE;FALSE;FALSE;TRUE;FALSE;TRUE;"Fm1O2";"Óxido de Fermio";"Óxido de Fermio (IV)";"Mono";"Di";"MonoÓxido de DiFermio"
193;"Md";"Mendelevio";101;3;7;"Metal";"Actínidos";"???";"3,4";2;193;1;"3";"III";TRUE;FALSE;FALSE;FALSE;FALSE;FALSE;FALSE;TRUE;FALSE;TRUE;"Md2O3";"Óxido Mendelevoso";"Óxido de Mendelevio (III)";"Di";"Tri";"DiÓxido de TriMendelevio"
194;"Md";"Mendelevio";101;3;7;"Metal";"Actínidos";"???";"3,4";2;194;2;"4";"IV";TRUE;FALSE;FALSE;FALSE;FALSE;FALSE;FALSE;TRUE;FALSE;TRUE;"Md1O2";"Óxido Mendelévico";"Óxido de Mendelevio (IV)";"Mono";"Di";"MonoÓxido de DiMendelevio"
195;"No";"Nobel";102;3;7;"Metal";"Actínidos";"???";"3,4";2;195;1;"3";"III";TRUE;FALSE;FALSE;FALSE;FALSE;FALSE;FALSE;TRUE;FALSE;TRUE;"No2O3";"Óxido Nobeloso";"Óxido de Nobel (III)";"Di";"Tri";"DiÓxido de TriNobel"
196;"No";"Nobel";102;3;7;"Metal";"Actínidos";"???";"3,4";2;196;2;"4";"IV";TRUE;FALSE;FALSE;FALSE;FALSE;FALSE;FALSE;TRUE;FALSE;TRUE;"No1O2";"Óxido Nobélico";"Óxido de Nobel (IV)";"Mono";"Di";"MonoÓxido de DiNobel"
197;"Lr";"Laurencio";103;3;7;"Metal";"Actínidos";"???";"3,4";2;197;1;"3";"III";TRUE;FALSE;FALSE;FALSE;FALSE;FALSE;FALSE;TRUE;FALSE;TRUE;"Lr2O3";"Óxido Lauroso";"Óxido de Laurencio (III)";"Di";"Tri";"DiÓxido de TriLaurencio"
198;"Lr";"Laurencio";103;3;7;"Metal";"Actínidos";"???";"3,4";2;198;2;"4";"IV";TRUE;FALSE;FALSE;FALSE;FALSE;FALSE;FALSE;TRUE;FALSE;TRUE;"Lr1O2";"Óxido Láurico";"Óxido de Laurencio (IV)";"Mono";"Di";"MonoÓxido de DiLaurencio"
199;"Rf";"Rutherfordio";104;3;7;"Metal";"Actínidos";"???";"4";1;199;1;"4";"IV";TRUE;FALSE;FALSE;FALSE;FALSE;FALSE;FALSE;TRUE;FALSE;TRUE;"Rf1O2";"Óxido de Rutherfordio";"Óxido de Rutherfordio (IV)";"Mono";"Di";"MonoÓxido de DiRutherfordio"
200;"Db";"Dubnio";105;3;7;"Metal";"Actínidos";"???";"4";1;200;1;"4";"IV";TRUE;FALSE;FALSE;FALSE;FALSE;FALSE;FALSE;TRUE;FALSE;TRUE;"Db1O2";"Óxido de Dubnio";"Óxido de Dubnio (IV)";"Mono";"Di";"MonoÓxido de DiDubnio"
201;"Sg";"Seaborgio";106;3;7;"Metal";"Actínidos";"???";"4";1;201;1;"4";"IV";TRUE;FALSE;FALSE;FALSE;FALSE;FALSE;FALSE;TRUE;FALSE;TRUE;"Sg1O2";"Óxido de Seaborgio";"Óxido de Seaborgio (IV)";"Mono";"Di";"MonoÓxido de DiSeaborgio"
202;"Bh";"Bohrio";107;3;7;"Metal";"Actínidos";"???";"3,4,5";3;202;1;"3";"III";TRUE;FALSE;FALSE;FALSE;FALSE;FALSE;FALSE;TRUE;FALSE;TRUE;"Bh2O3";"Óxido HipoBohroso";"Óxido de Bohrio (III)";"Di";"Tri";"DiÓxido de TriBohrio"
203;"Bh";"Bohrio";107;3;7;"Metal";"Actínidos";"???";"3,4,5";3;203;2;"4";"IV";TRUE;FALSE;FALSE;FALSE;FALSE;FALSE;FALSE;TRUE;FALSE;TRUE;"Bh1O2";"Óxido Bohroso";"Óxido de Bohrio (IV)";"Mono";"Di";"MonoÓxido de DiBohrio"
204;"Bh";"Bohrio";107;3;7;"Metal";"Actínidos";"???";"3,4,5";3;204;3;"5";"V";TRUE;FALSE;FALSE;FALSE;FALSE;FALSE;FALSE;TRUE;FALSE;TRUE;"Bh2O5";"Óxido Bohrioico";"Óxido de Bohrio (V)";"Di";"Penta";"DiÓxido de PentaBohrio"
205;"Hs";"Hassio";108;3;7;"Metal";"Actínidos";"???";"2,4,6,7";4;205;1;"2";"II";TRUE;FALSE;FALSE;FALSE;FALSE;FALSE;FALSE;TRUE;FALSE;TRUE;"Hs1O1";"Óxido HipoHassoso";"Óxido de Hassio (II)";"Mono";"Mono";"MonoÓxido de MonoHassio"
206;"Hs";"Hassio";108;3;7;"Metal";"Actínidos";"???";"2,4,6,7";4;206;2;"4";"IV";TRUE;FALSE;FALSE;FALSE;FALSE;FALSE;FALSE;TRUE;FALSE;TRUE;"Hs1O2";"Óxido Hassoso";"Óxido de Hassio (IV)";"Mono";"Di";"MonoÓxido de DiHassio"
207;"Hs";"Hassio";108;3;7;"Metal";"Actínidos";"???";"2,4,6,7";4;207;3;"6";"VI";TRUE;FALSE;FALSE;FALSE;FALSE;FALSE;FALSE;TRUE;FALSE;TRUE;"Hs1O3";"Óxido Hassico";"Óxido de Hassio (VI)";"Mono";"Tri";"MonoÓxido de TriHassio"
208;"Hs";"Hassio";108;3;7;"Metal";"Actínidos";"???";"2,4,6,7";4;208;4;"7";"VII";TRUE;FALSE;FALSE;FALSE;FALSE;FALSE;FALSE;TRUE;FALSE;TRUE;"Hs2O7";"Óxido PerHassico";"Óxido de Hassio (VII)";"Di";"Hepta";"DiÓxido de HeptaHassio"
209;"Mt";"Meitnerio";109;3;7;"Metal";"Actínidos";"???";"2,3,4,6";4;209;1;"2";"II";TRUE;FALSE;FALSE;FALSE;FALSE;FALSE;FALSE;TRUE;FALSE;TRUE;"Mt1O1";"Óxido HipoMeitneroso";"Óxido de Meitnerio (II)";"Mono";"Mono";"MonoÓxido de MonoMeitnerio"
210;"Mt";"Meitnerio";109;3;7;"Metal";"Actínidos";"???";"2,3,4,6";4;210;2;"3";"III";TRUE;FALSE;FALSE;FALSE;FALSE;FALSE;FALSE;TRUE;FALSE;TRUE;"Mt2O3";"Óxido Meitneroso";"Óxido de Meitnerio (III)";"Di";"Tri";"DiÓxido de TriMeitnerio"
211;"Mt";"Meitnerio";109;3;7;"Metal";"Actínidos";"???";"2,3,4,6";4;211;3;"4";"IV";TRUE;FALSE;FALSE;FALSE;FALSE;FALSE;FALSE;TRUE;FALSE;TRUE;"Mt1O2";"Óxido Meitnérico";"Óxido de Meitnerio (IV)";"Mono";"Di";"MonoÓxido de DiMeitnerio"
212;"Mt";"Meitnerio";109;3;7;"Metal";"Actínidos";"???";"2,3,4,6";4;212;4;"6";"VI";TRUE;FALSE;FALSE;FALSE;FALSE;FALSE;FALSE;TRUE;FALSE;TRUE;"Mt1O3";"Óxido PerMeitnérico";"Óxido de Meitnerio (VI)";"Mono";"Tri";"MonoÓxido de TriMeitnerio"
213;"Ds";"Darmstadtio";110;3;7;"Metal";"Actínidos";"???";"2,4";2;213;1;"2";"II";TRUE;FALSE;FALSE;FALSE;FALSE;FALSE;FALSE;TRUE;FALSE;TRUE;"Ds1O1";"Óxido Darmstadtoso";"Óxido de Darmstadtio (II)";"Mono";"Mono";"MonoÓxido de MonoDarmstadtio"
214;"Ds";"Darmstadtio";110;3;7;"Metal";"Actínidos";"???";"2,4";2;214;2;"4";"IV";TRUE;FALSE;FALSE;FALSE;FALSE;FALSE;FALSE;TRUE;FALSE;TRUE;"Ds1O2";"Óxido Darmstadtico";"Óxido de Darmstadtio (IV)";"Mono";"Di";"MonoÓxido de DiDarmstadtio"
215;"Rg";"Roentgenio";111;3;7;"Metal";"Actínidos";"???";"2,3";2;215;1;"2";"II";TRUE;FALSE;FALSE;FALSE;FALSE;FALSE;FALSE;TRUE;FALSE;TRUE;"Rg1O1";"Óxido Roentgenoso";"Óxido de Roentgenio (II)";"Mono";"Mono";"MonoÓxido de MonoRoentgenio"
216;"Rg";"Roentgenio";111;3;7;"Metal";"Actínidos";"???";"2,3";2;216;2;"3";"III";TRUE;FALSE;FALSE;FALSE;FALSE;FALSE;FALSE;TRUE;FALSE;TRUE;"Rg2O3";"Óxido Roentgénico";"Óxido de Roentgenio (III)";"Di";"Tri";"DiÓxido de TriRoentgenio"
217;"Cn";"Copérnico";112;3;7;"Metal";"Actínidos";"???";"1,2";2;217;1;"1";"I";TRUE;FALSE;FALSE;FALSE;FALSE;FALSE;FALSE;TRUE;FALSE;TRUE;"Cn2O1";"Óxido Copernicoso";"Óxido de Copérnico (I)";"Di";"Mono";"DiÓxido de MonoCopérnico"
218;"Cn";"Copérnico";112;3;7;"Metal";"Actínidos";"???";"1,2";2;218;2;"2";"II";TRUE;FALSE;FALSE;FALSE;FALSE;FALSE;FALSE;TRUE;FALSE;TRUE;"Cn1O1";"Óxido Copérnico";"Óxido de Copérnico (II)";"Mono";"Mono";"MonoÓxido de MonoCopérnico"
219;"Nh";"Nihonio";113;3;7;"Metal";"Actínidos";"???";"3";1;219;1;"3";"III";TRUE;FALSE;FALSE;FALSE;FALSE;FALSE;FALSE;TRUE;FALSE;TRUE;"Nh2O3";"Óxido de Nihonio";"Óxido de Nihonio (III)";"Di";"Tri";"DiÓxido de TriNihonio"
220;"Fl";"Flerovio";114;3;7;"Metal";"Actínidos";"???";"2,4,6";3;220;1;"2";"II";TRUE;FALSE;FALSE;FALSE;FALSE;FALSE;FALSE;TRUE;FALSE;TRUE;"Fl1O1";"Óxido HipoFlerovoso";"Óxido de Flerovio (II)";"Mono";"Mono";"MonoÓxido de MonoFlerovio"
221;"Fl";"Flerovio";114;3;7;"Metal";"Actínidos";"???";"2,4,6";3;221;2;"4";"IV";TRUE;FALSE;FALSE;FALSE;FALSE;FALSE;FALSE;TRUE;FALSE;TRUE;"Fl1O2";"Óxido Flerovoso";"Óxido de Flerovio (IV)";"Mono";"Di";"MonoÓxido de DiFlerovio"
222;"Fl";"Flerovio";114;3;7;"Metal";"Actínidos";"???";"2,4,6";3;222;3;"6";"VI";TRUE;FALSE;FALSE;FALSE;FALSE;FALSE;FALSE;TRUE;FALSE;TRUE;"Fl1O3";"Óxido Fleróvico";"Óxido de Flerovio (VI)";"Mono";"Tri";"MonoÓxido de TriFlerovio"
223;"Mc";"Moscovio";115;3;7;"Metal";"Actínidos";"???";"1,4,5";3;223;1;"1";"I";TRUE;FALSE;FALSE;FALSE;FALSE;FALSE;FALSE;TRUE;FALSE;TRUE;"Mc2O1";"Óxido HipoMoscovioso";"Óxido de Moscovio (I)";"Di";"Mono";"DiÓxido de MonoMoscovio"
224;"Mc";"Moscovio";115;3;7;"Metal";"Actínidos";"???";"1,4,5";3;224;2;"4";"IV";TRUE;FALSE;FALSE;FALSE;FALSE;FALSE;FALSE;TRUE;FALSE;TRUE;"Mc1O2";"Óxido Moscovioso";"Óxido de Moscovio (IV)";"Mono";"Di";"MonoÓxido de DiMoscovio"
225;"Mc";"Moscovio";115;3;7;"Metal";"Actínidos";"???";"1,4,5";3;225;3;"5";"V";TRUE;FALSE;FALSE;FALSE;FALSE;FALSE;FALSE;TRUE;FALSE;TRUE;"Mc2O5";"Óxido Moscóvico";"Óxido de Moscovio (V)";"Di";"Penta";"DiÓxido de PentaMoscovio"
226;"Lv";"Livermorio";116;3;7;"Metal";"Actínidos";"???";"3,4,5";3;226;1;"3";"III";TRUE;FALSE;FALSE;FALSE;FALSE;FALSE;FALSE;TRUE;FALSE;TRUE;"Lv2O3";"Óxido HipoLivermoroso";"Óxido de Livermorio (III)";"Di";"Tri";"DiÓxido de TriLivermorio"
227;"Lv";"Livermorio";116;3;7;"Metal";"Actínidos";"???";"3,4,5";3;227;2;"4";"IV";TRUE;FALSE;FALSE;FALSE;FALSE;FALSE;FALSE;TRUE;FALSE;TRUE;"Lv1O2";"Óxido Livermoroso";"Óxido de Livermorio (IV)";"Mono";"Di";"MonoÓxido de DiLivermorio"
228;"Lv";"Livermorio";116;3;7;"Metal";"Actínidos";"???";"3,4,5";3;228;3;"5";"V";TRUE;FALSE;FALSE;FALSE;FALSE;FALSE;FALSE;TRUE;FALSE;TRUE;"Lv2O5";"Óxido Livermórico";"Óxido de Livermorio (V)";"Di";"Penta";"DiÓxido de PentaLivermorio"
229;"Ts";"Tenesino";117;3;7;"Metal";"Actínidos";"???";"1,2,3";3;229;1;"1";"I";TRUE;FALSE;FALSE;FALSE;FALSE;FALSE;FALSE;TRUE;FALSE;TRUE;"Ts2O1";"Óxido HipoTenesoso";"Óxido de Tenesino (I)";"Di";"Mono";"DiÓxido de MonoTenesino"
230;"Ts";"Tenesino";117;3;7;"Metal";"Actínidos";"???";"1,2,3";3;230;2;"2";"II";TRUE;FALSE;FALSE;FALSE;FALSE;FALSE;FALSE;TRUE;FALSE;TRUE;"Ts1O1";"Óxido Tenesoso";"Óxido de Tenesino (II)";"Mono";"Mono";"MonoÓxido de MonoTenesino"
231;"Ts";"Tenesino";117;3;7;"Metal";"Actínidos";"???";"1,2,3";3;231;3;"3";"III";TRUE;FALSE;FALSE;FALSE;FALSE;FALSE;FALSE;TRUE;FALSE;TRUE;"Ts2O3";"Óxido Tenésico";"Óxido de Tenesino (III)";"Di";"Tri";"DiÓxido de TriTenesino"
232;"Og";"Oganesón";118;3;7;"Gas Noble";"-";"Gas";"0";1;232;1;"0";"";FALSE;FALSE;FALSE;TRUE;FALSE;FALSE;TRUE;FALSE;FALSE;FALSE;"----";"";"----";"----";"----";"----"
