"Order";"Symbol";"Name";"AtomicNumber";"Group";"Period";"Type";"Subtype";"State";"Valence";"AmountOfValences";"OrderGeneralValences";"OrderValenceOnElement";"SelectedValence";"RomanValence";"Type_Metal";"Type_NonMetal";"Type_Metalloide";"Type_NobleGas";"State_Solid";"State_Liquid";"State_Gas";"State_Dude";"Subtype_Halogen";"Status_oxyde";"ChemFormule_pure";"Name_Classic_Oxyde";"Name_IUPAC_Oxyde";"amount01_oxyde_Stock";"amount02_oxyde_Stock";"Name_Stock_Oxyde";"Name_Stock_Oxyde02"
1;"H";"Hydrogen";1;1;1;"Non-metal";"Other Non-Metals";"Gas";"1";1;1;1;"1";"I";FALSE;TRUE;FALSE;FALSE;FALSE;FALSE;TRUE;FALSE;FALSE;TRUE;"H2O1";"Óxido de Hidrógeno";"Óxido de Hidrógeno (I)";"Di";"Mono";"DiÓxido de MonoHydrogen";"Dióxido de Monohydrogen"
2;"He";"Helium";2;18;1;"Noble gas";"-";"Gas";"0";1;2;1;"0";"";FALSE;FALSE;FALSE;TRUE;FALSE;FALSE;TRUE;FALSE;FALSE;FALSE;"----";"----";"----";"----";"----";"----";"----"
3;"Li";"Lithium";3;1;2;"Metal";"Alkaline";"Solid";"1";1;3;1;"1";"I";TRUE;FALSE;FALSE;FALSE;TRUE;FALSE;FALSE;FALSE;FALSE;TRUE;"Li2O1";"Óxido de Litio";"Óxido de Litio (I)";"Di";"Mono";"DiÓxido de MonoLithium";"Dióxido de Monolithium"
4;"Be";"Beryllium";4;2;2;"Metal";"Alkaline earths";"Solid";"2";1;4;1;"2";"II";TRUE;FALSE;FALSE;FALSE;TRUE;FALSE;FALSE;FALSE;FALSE;TRUE;"Be1O1";"Óxido de Berilio";"Óxido de Berilio (II)";"Mono";"Mono";"MonÓxido de MonoBeryllium";"Monóxido de Monoberyllium"
5;"B";"Boron";5;13;2;"Metalloid";"-";"Solid";"3";1;5;1;"3";"III";FALSE;FALSE;FALSE;FALSE;TRUE;FALSE;FALSE;FALSE;FALSE;TRUE;"B2O3";"Óxido de Boro";"Óxido de Boro (III)";"Di";"Tri";"DiÓxido de TriBoron";"Dióxido de Triboron"
6;"C";"Carbon";6;14;2;"Non-metal";"Other Non-Metals";"Solid";"2,4";2;6;1;"2";"II";FALSE;TRUE;FALSE;FALSE;TRUE;FALSE;FALSE;FALSE;FALSE;TRUE;"C1O1";"Óxido Carbonoso";"Óxido de Carbón (II)";"Mono";"Mono";"MonÓxido de MonoCarbon";"Monóxido de Monocarbon"
7;"C";"Carbon";6;14;2;"Non-metal";"Other Non-Metals";"Solid";"2,4";2;7;2;"4";"IV";FALSE;TRUE;FALSE;FALSE;TRUE;FALSE;FALSE;FALSE;FALSE;TRUE;"C1O2";"Óxido Carbónico";"Óxido de Carbón (IV)";"Mono";"Di";"MonÓxido de DiCarbon";"Monóxido de Dicarbon"
8;"N";"Nitrogen";7;15;2;"Non-metal";"Other Non-Metals";"Gas";"2,3,4,5";4;8;1;"2";"II";FALSE;TRUE;FALSE;FALSE;FALSE;FALSE;TRUE;FALSE;FALSE;TRUE;"N1O1";"Óxido Hiponitrogenoso";"Óxido de Nitrógeno (II)";"Mono";"Mono";"MonÓxido de MonoNitrogen";"Monóxido de Mononitrogen"
9;"N";"Nitrogen";7;15;2;"Non-metal";"Other Non-Metals";"Gas";"2,3,4,5";4;9;2;"3";"III";FALSE;TRUE;FALSE;FALSE;FALSE;FALSE;TRUE;FALSE;FALSE;TRUE;"N2O3";"Óxido Nitrogenoso";"Óxido de Nitrógeno (III)";"Di";"Tri";"DiÓxido de TriNitrogen";"Dióxido de Trinitrogen"
10;"N";"Nitrogen";7;15;2;"Non-metal";"Other Non-Metals";"Gas";"2,3,4,5";4;10;3;"4";"IV";FALSE;TRUE;FALSE;FALSE;FALSE;FALSE;TRUE;FALSE;FALSE;TRUE;"N1O2";"Óxido Nítrico";"Óxido de Nitrógeno (IV)";"Mono";"Di";"MonÓxido de DiNitrogen";"Monóxido de Dinitrogen"
11;"N";"Nitrogen";7;15;2;"Non-metal";"Other Non-Metals";"Gas";"2,3,4,5";4;11;4;"5";"V";FALSE;TRUE;FALSE;FALSE;FALSE;FALSE;TRUE;FALSE;FALSE;TRUE;"N2O5";"Óxido Pernítrico";"Óxido de Nitrógeno (V)";"Di";"Penta";"DiÓxido de PentaNitrogen";"Dióxido de Pentanitrogen"
12;"O";"Oxygen";8;16;2;"Non-metal";"Other Non-Metals";"Gas";"2";1;12;1;"2";"II";FALSE;TRUE;FALSE;FALSE;FALSE;FALSE;TRUE;FALSE;FALSE;FALSE;"----";"----";"Óxido de Oxígeno (II)";"----";"----";"----";"----"
13;"F";"Fluorine";9;17;2;"Non-metal";"Halogens";"Gas";"1";1;13;1;"1";"I";FALSE;TRUE;FALSE;FALSE;FALSE;FALSE;TRUE;FALSE;TRUE;TRUE;"F2O1";"Óxido de Flúor";"Óxido de Flúor (I)";"Di";"Mono";"DiÓxido de MonoFluorine";"Dióxido de Monofluorine"
14;"Ne";"Neon";10;18;2;"Noble gas";"-";"Gas";"0";1;14;1;"0";"";FALSE;FALSE;FALSE;TRUE;FALSE;FALSE;TRUE;FALSE;FALSE;FALSE;"----";"----";"----";"----";"----";"----";"----"
15;"Na";"Sodium";11;1;3;"Metal";"Alkaline";"Solid";"1";1;15;1;"1";"I";TRUE;FALSE;FALSE;FALSE;TRUE;FALSE;FALSE;FALSE;FALSE;TRUE;"Na2O1";"Óxido de Sodio";"Óxido de Sodio (I)";"Di";"Mono";"DiÓxido de MonoSodium";"Dióxido de Monosodium"
16;"Mg";"Magnesium";12;2;3;"Metal";"Alkaline earths";"Solid";"2";1;16;1;"2";"II";TRUE;FALSE;FALSE;FALSE;TRUE;FALSE;FALSE;FALSE;FALSE;TRUE;"Mg1O1";"Óxido de Magnesio";"Óxido de Magnesio (II)";"Mono";"Mono";"MonÓxido de MonoMagnesium";"Monóxido de Monomagnesium"
17;"Al";"Aluminum";13;13;3;"Metal";"Metals from Block p";"Solid";"3";1;17;1;"3";"III";TRUE;FALSE;FALSE;FALSE;TRUE;FALSE;FALSE;FALSE;FALSE;TRUE;"Al2O3";"Óxido de Aluminio";"Óxido de Aluminio (III)";"Di";"Tri";"DiÓxido de TriAluminum";"Dióxido de Trialuminum"
18;"Si";"Silicon";14;14;3;"Metalloid";"-";"Solid";"4";1;18;1;"4";"IV";FALSE;FALSE;FALSE;FALSE;TRUE;FALSE;FALSE;FALSE;FALSE;TRUE;"Si1O2";"Óxido de Silicio";"Óxido de Silicio (IV)";"Mono";"Di";"MonÓxido de DiSilicon";"Monóxido de Disilicon"
19;"P";"Match";15;15;3;"Non-metal";"Other Non-Metals";"Solid";"3,4,5";3;19;1;"3";"III";FALSE;TRUE;FALSE;FALSE;TRUE;FALSE;FALSE;FALSE;FALSE;TRUE;"P2O3";"Óxido Hipofosforoso";"Óxido de Fósforo (III)";"Di";"Tri";"DiÓxido de TriMatch";"Dióxido de Trimatch"
20;"P";"Match";15;15;3;"Non-metal";"Other Non-Metals";"Solid";"3,4,5";3;20;2;"4";"IV";FALSE;TRUE;FALSE;FALSE;TRUE;FALSE;FALSE;FALSE;FALSE;TRUE;"P1O2";"Óxido Fosforoso";"Óxido de Fósforo (IV)";"Mono";"Di";"MonÓxido de DiMatch";"Monóxido de Dimatch"
21;"P";"Match";15;15;3;"Non-metal";"Other Non-Metals";"Solid";"3,4,5";3;21;3;"5";"V";FALSE;TRUE;FALSE;FALSE;TRUE;FALSE;FALSE;FALSE;FALSE;TRUE;"P2O5";"Óxido Fosfórico";"Óxido de Fósforo (V)";"Di";"Penta";"DiÓxido de PentaMatch";"Dióxido de Pentamatch"
22;"S";"Sulfur";16;16;3;"Non-metal";"Other Non-Metals";"Solid";"2,4,6";3;22;1;"2";"II";FALSE;TRUE;FALSE;FALSE;TRUE;FALSE;FALSE;FALSE;FALSE;TRUE;"S1O1";"Óxido Hiposulfuroso";"Óxido de Azufre (II)";"Mono";"Mono";"MonÓxido de MonoSulfur";"Monóxido de Monosulfur"
23;"S";"Sulfur";16;16;3;"Non-metal";"Other Non-Metals";"Solid";"2,4,6";3;23;2;"4";"IV";FALSE;TRUE;FALSE;FALSE;TRUE;FALSE;FALSE;FALSE;FALSE;TRUE;"S1O2";"Óxido Sulfuroso";"Óxido de Azufre (IV)";"Mono";"Di";"MonÓxido de DiSulfur";"Monóxido de Disulfur"
24;"S";"Sulfur";16;16;3;"Non-metal";"Other Non-Metals";"Solid";"2,4,6";3;24;3;"6";"VI";FALSE;TRUE;FALSE;FALSE;TRUE;FALSE;FALSE;FALSE;FALSE;TRUE;"S1O3";"Óxido Sulfúrico";"Óxido de Azufre (VI)";"Mono";"Tri";"MonÓxido de TriSulfur";"Monóxido de Trisulfur"
25;"Cl";"Chlorine";17;17;3;"Non-metal";"Halogens";"Gas";"1,3,5,7";4;25;1;"1";"I";FALSE;TRUE;FALSE;FALSE;FALSE;FALSE;TRUE;FALSE;TRUE;TRUE;"Cl2O1";"Óxido Hipocloroso";"Óxido de Cloro (I)";"Di";"Mono";"DiÓxido de MonoChlorine";"Dióxido de Monochlorine"
26;"Cl";"Chlorine";17;17;3;"Non-metal";"Halogens";"Gas";"1,3,5,7";4;26;2;"3";"III";FALSE;TRUE;FALSE;FALSE;FALSE;FALSE;TRUE;FALSE;TRUE;TRUE;"Cl2O3";"Óxido Cloroso";"Óxido de Cloro (III)";"Di";"Tri";"DiÓxido de TriChlorine";"Dióxido de Trichlorine"
27;"Cl";"Chlorine";17;17;3;"Non-metal";"Halogens";"Gas";"1,3,5,7";4;27;3;"5";"V";FALSE;TRUE;FALSE;FALSE;FALSE;FALSE;TRUE;FALSE;TRUE;TRUE;"Cl2O5";"Óxido Clórico";"Óxido de Cloro (V)";"Di";"Penta";"DiÓxido de PentaChlorine";"Dióxido de Pentachlorine"
28;"Cl";"Chlorine";17;17;3;"Non-metal";"Halogens";"Gas";"1,3,5,7";4;28;4;"7";"VII";FALSE;TRUE;FALSE;FALSE;FALSE;FALSE;TRUE;FALSE;TRUE;TRUE;"Cl2O7";"Óxido Perclórico";"Óxido de Cloro (VII)";"Di";"Hepta";"DiÓxido de HeptaChlorine";"Dióxido de Heptachlorine"
29;"Ar";"Argon";18;18;3;"Noble gas";"-";"Gas";"0";1;29;1;"0";"";FALSE;FALSE;FALSE;TRUE;FALSE;FALSE;TRUE;FALSE;FALSE;FALSE;"----";"----";"----";"----";"----";"----";"----"
30;"K";"Potassium";19;1;4;"Metal";"Alkaline";"Solid";"1";1;30;1;"1";"I";TRUE;FALSE;FALSE;FALSE;TRUE;FALSE;FALSE;FALSE;FALSE;TRUE;"K2O1";"Óxido de Potasio";"Óxido de Potasio (I)";"Di";"Mono";"DiÓxido de MonoPotassium";"Dióxido de Monopotassium"
31;"Ca";"Calcium";20;2;4;"Metal";"Alkaline earths";"Solid";"2";1;31;1;"2";"II";TRUE;FALSE;FALSE;FALSE;TRUE;FALSE;FALSE;FALSE;FALSE;TRUE;"Ca1O1";"Óxido de Calcio";"Óxido de Calcio (II)";"Mono";"Mono";"MonÓxido de MonoCalcium";"Monóxido de Monocalcium"
32;"Sc";"Scandium";21;3;4;"Metal";"Transition Metals";"Solid";"3";1;32;1;"3";"III";TRUE;FALSE;FALSE;FALSE;TRUE;FALSE;FALSE;FALSE;FALSE;TRUE;"Sc2O3";"Óxido de Escandio";"Óxido de Escandio (III)";"Di";"Tri";"DiÓxido de TriScandium";"Dióxido de Triscandium"
33;"Ti";"Titanium";22;4;4;"Metal";"Transition Metals";"Solid";"3,4";2;33;1;"3";"III";TRUE;FALSE;FALSE;FALSE;TRUE;FALSE;FALSE;FALSE;FALSE;TRUE;"Ti2O3";"Óxido Titanoso";"Óxido de Titanio (III)";"Di";"Tri";"DiÓxido de TriTitanium";"Dióxido de Trititanium"
34;"Ti";"Titanium";22;4;4;"Metal";"Transition Metals";"Solid";"3,4";2;34;2;"4";"IV";TRUE;FALSE;FALSE;FALSE;TRUE;FALSE;FALSE;FALSE;FALSE;TRUE;"Ti1O2";"Óxido Titánico";"Óxido de Titanio (IV)";"Mono";"Di";"MonÓxido de DiTitanium";"Monóxido de Dititanium"
35;"V";"Vanadium";23;5;4;"Metal";"Transition Metals";"Solid";"2,3,4,5";4;35;1;"2";"II";TRUE;FALSE;FALSE;FALSE;TRUE;FALSE;FALSE;FALSE;FALSE;TRUE;"V1O1";"Óxido Hipovanadoso";"Óxido de Vanadio (II)";"Mono";"Mono";"MonÓxido de MonoVanadium";"Monóxido de Monovanadium"
36;"V";"Vanadium";23;5;4;"Metal";"Transition Metals";"Solid";"2,3,4,5";4;36;2;"3";"III";TRUE;FALSE;FALSE;FALSE;TRUE;FALSE;FALSE;FALSE;FALSE;TRUE;"V2O3";"Óxido Vanadoso";"Óxido de Vanadio (III)";"Di";"Tri";"DiÓxido de TriVanadium";"Dióxido de Trivanadium"
37;"V";"Vanadium";23;5;4;"Metal";"Transition Metals";"Solid";"2,3,4,5";4;37;3;"4";"IV";TRUE;FALSE;FALSE;FALSE;TRUE;FALSE;FALSE;FALSE;FALSE;TRUE;"V1O2";"Óxido Vanádico";"Óxido de Vanadio (IV)";"Mono";"Di";"MonÓxido de DiVanadium";"Monóxido de Divanadium"
38;"V";"Vanadium";23;5;4;"Metal";"Transition Metals";"Solid";"2,3,4,5";4;38;4;"5";"V";TRUE;FALSE;FALSE;FALSE;TRUE;FALSE;FALSE;FALSE;FALSE;TRUE;"V2O5";"Óxido Pervanádico";"Óxido de Vanadio (V)";"Di";"Penta";"DiÓxido de PentaVanadium";"Dióxido de Pentavanadium"
39;"Cr";"Chrome";24;6;4;"Metal";"Transition Metals";"Solid";"2,3,6";3;39;1;"2";"II";TRUE;FALSE;FALSE;FALSE;TRUE;FALSE;FALSE;FALSE;FALSE;TRUE;"Cr1O1";"Óxido Hipocromoso";"Óxido de Cromo (II)";"Mono";"Mono";"MonÓxido de MonoChrome";"Monóxido de Monochrome"
40;"Cr";"Chrome";24;6;4;"Metal";"Transition Metals";"Solid";"2,3,6";3;40;2;"3";"III";TRUE;FALSE;FALSE;FALSE;TRUE;FALSE;FALSE;FALSE;FALSE;TRUE;"Cr2O3";"Óxido Cromoso";"Óxido de Cromo (III)";"Di";"Tri";"DiÓxido de TriChrome";"Dióxido de Trichrome"
41;"Cr";"Chrome";24;6;4;"Metal";"Transition Metals";"Solid";"2,3,6";3;41;3;"6";"VI";TRUE;FALSE;FALSE;FALSE;TRUE;FALSE;FALSE;FALSE;FALSE;TRUE;"Cr1O3";"Óxido Crómico";"Óxido de Cromo (VI)";"Mono";"Tri";"MonÓxido de TriChrome";"Monóxido de Trichrome"
42;"Mn";"Manganese";25;7;4;"Metal";"Transition Metals";"Solid";"2,3,4,6,7";5;42;1;"2";"II";TRUE;FALSE;FALSE;FALSE;TRUE;FALSE;FALSE;FALSE;FALSE;TRUE;"Mn1O1";"Óxido Hipomanganoso";"Óxido de Manganeso (II)";"Mono";"Mono";"MonÓxido de MonoManganese";"Monóxido de Monomanganese"
43;"Mn";"Manganese";25;7;4;"Metal";"Transition Metals";"Solid";"2,3,4,6,7";5;43;2;"3";"III";TRUE;FALSE;FALSE;FALSE;TRUE;FALSE;FALSE;FALSE;FALSE;TRUE;"Mn2O3";"Óxido Manganoso";"Óxido de Manganeso (III)";"Di";"Tri";"DiÓxido de TriManganese";"Dióxido de Trimanganese"
44;"Mn";"Manganese";25;7;4;"Metal";"Transition Metals";"Solid";"2,3,4,6,7";5;44;3;"4";"IV";TRUE;FALSE;FALSE;FALSE;TRUE;FALSE;FALSE;FALSE;FALSE;TRUE;"Mn1O2";"Óxido Mangánico";"Óxido de Manganeso (IV)";"Mono";"Di";"MonÓxido de DiManganese";"Monóxido de Dimanganese"
45;"Mn";"Manganese";25;7;4;"Metal";"Transition Metals";"Solid";"2,3,4,6,7";5;45;4;"6";"VI";TRUE;FALSE;FALSE;FALSE;TRUE;FALSE;FALSE;FALSE;FALSE;TRUE;"Mn1O3";"Óxido Permangánico";"Óxido de Manganeso (VI)";"Mono";"Tri";"MonÓxido de TriManganese";"Monóxido de Trimanganese"
46;"Mn";"Manganese";25;7;4;"Metal";"Transition Metals";"Solid";"2,3,4,6,7";5;46;5;"7";"VII";TRUE;FALSE;FALSE;FALSE;TRUE;FALSE;FALSE;FALSE;FALSE;TRUE;"Mn2O7";"Óxido Supermangánico";"Óxido de Manganeso (VII)";"Di";"Hepta";"DiÓxido de HeptaManganese";"Dióxido de Heptamanganese"
47;"Fe";"Iron";26;8;4;"Metal";"Transition Metals";"Solid";"2,3";2;47;1;"2";"II";TRUE;FALSE;FALSE;FALSE;TRUE;FALSE;FALSE;FALSE;FALSE;TRUE;"Fe1O1";"Óxido Ferroso";"Óxido de Hierro (II)";"Mono";"Mono";"MonÓxido de MonoIron";"Monóxido de Monoiron"
48;"Fe";"Iron";26;8;4;"Metal";"Transition Metals";"Solid";"2,3";2;48;2;"3";"III";TRUE;FALSE;FALSE;FALSE;TRUE;FALSE;FALSE;FALSE;FALSE;TRUE;"Fe2O3";"Óxido Férrico";"Óxido de Hierro (III)";"Di";"Tri";"DiÓxido de TriIron";"Dióxido de Triiron"
49;"Co";"Cobalt";27;9;4;"Metal";"Transition Metals";"Solid";"2,3";2;49;1;"2";"II";TRUE;FALSE;FALSE;FALSE;TRUE;FALSE;FALSE;FALSE;FALSE;TRUE;"Co1O1";"Óxido Cobaltoso";"Óxido de Cobalto (II)";"Mono";"Mono";"MonÓxido de MonoCobalt";"Monóxido de Monocobalt"
50;"Co";"Cobalt";27;9;4;"Metal";"Transition Metals";"Solid";"2,3";2;50;2;"3";"III";TRUE;FALSE;FALSE;FALSE;TRUE;FALSE;FALSE;FALSE;FALSE;TRUE;"Co2O3";"Óxido Cobáltico";"Óxido de Cobalto (III)";"Di";"Tri";"DiÓxido de TriCobalt";"Dióxido de Tricobalt"
51;"Ni";"Nickel";28;10;4;"Metal";"Transition Metals";"Solid";"2,3";2;51;1;"2";"II";TRUE;FALSE;FALSE;FALSE;TRUE;FALSE;FALSE;FALSE;FALSE;TRUE;"Ni1O1";"Óxido Niqueloso";"Óxido de Níquel (II)";"Mono";"Mono";"MonÓxido de MonoNickel";"Monóxido de Mononickel"
52;"Ni";"Nickel";28;10;4;"Metal";"Transition Metals";"Solid";"2,3";2;52;2;"3";"III";TRUE;FALSE;FALSE;FALSE;TRUE;FALSE;FALSE;FALSE;FALSE;TRUE;"Ni2O3";"Óxido Niquélico";"Óxido de Níquel (III)";"Di";"Tri";"DiÓxido de TriNickel";"Dióxido de Trinickel"
53;"Cu";"Copper";29;11;4;"Metal";"Transition Metals";"Solid";"1,2";2;53;1;"1";"I";TRUE;FALSE;FALSE;FALSE;TRUE;FALSE;FALSE;FALSE;FALSE;TRUE;"Cu2O1";"Óxido Cuproso";"Óxido de Cobre (I)";"Di";"Mono";"DiÓxido de MonoCopper";"Dióxido de Monocopper"
54;"Cu";"Copper";29;11;4;"Metal";"Transition Metals";"Solid";"1,2";2;54;2;"2";"II";TRUE;FALSE;FALSE;FALSE;TRUE;FALSE;FALSE;FALSE;FALSE;TRUE;"Cu1O1";"Óxido Cúprico";"Óxido de Cobre (II)";"Mono";"Mono";"MonÓxido de MonoCopper";"Monóxido de Monocopper"
55;"Zn";"Zinc";30;12;4;"Metal";"Transition Metals";"Solid";"2";1;55;1;"2";"II";TRUE;FALSE;FALSE;FALSE;TRUE;FALSE;FALSE;FALSE;FALSE;TRUE;"Zn1O1";"Óxido de Zinc";"Óxido de Zinc (II)";"Mono";"Mono";"MonÓxido de MonoZinc";"Monóxido de Monozinc"
56;"Ga";"Gallium";31;13;4;"Metal";"Metals from Block p";"Liquid";"3";1;56;1;"3";"III";TRUE;FALSE;FALSE;FALSE;FALSE;TRUE;FALSE;FALSE;FALSE;TRUE;"Ga2O3";"Óxido de Galio";"Óxido de Galio (III)";"Di";"Tri";"DiÓxido de TriGallium";"Dióxido de Trigallium"
57;"Ge";"Germanium";32;14;4;"Metalloid";"-";"Solid";"4";1;57;1;"4";"IV";FALSE;FALSE;FALSE;FALSE;TRUE;FALSE;FALSE;FALSE;FALSE;TRUE;"Ge1O2";"Óxido de Germanio";"Óxido de Germanio (IV)";"Mono";"Di";"MonÓxido de DiGermanium";"Monóxido de Digermanium"
58;"As";"Arsenic";33;15;4;"Metalloid";"-";"Solid";"3,5";2;58;1;"3";"III";FALSE;FALSE;FALSE;FALSE;TRUE;FALSE;FALSE;FALSE;FALSE;TRUE;"As2O3";"Óxido Arsenoso";"Óxido de Arsénico (III)";"Di";"Tri";"DiÓxido de TriArsenic";"Dióxido de Triarsenic"
59;"As";"Arsenic";33;15;4;"Metalloid";"-";"Solid";"3,5";2;59;2;"5";"V";FALSE;FALSE;FALSE;FALSE;TRUE;FALSE;FALSE;FALSE;FALSE;TRUE;"As2O5";"Óxido Arsénico";"Óxido de Arsénico (V)";"Di";"Penta";"DiÓxido de PentArsenic";"Dióxido de Pentarsenic"
60;"Se";"Selenium";34;16;4;"Non-metal";"Other Non-Metals";"Solid";"4,6";2;60;1;"4";"IV";FALSE;TRUE;FALSE;FALSE;TRUE;FALSE;FALSE;FALSE;FALSE;TRUE;"Se1O2";"Óxido Selenoso";"Óxido de Selenio (IV)";"Mono";"Di";"MonÓxido de DiSelenium";"Monóxido de Diselenium"
61;"Se";"Selenium";34;16;4;"Non-metal";"Other Non-Metals";"Solid";"4,6";2;61;2;"6";"VI";FALSE;TRUE;FALSE;FALSE;TRUE;FALSE;FALSE;FALSE;FALSE;TRUE;"Se1O3";"Óxido Selénico";"Óxido de Selenio (VI)";"Mono";"Tri";"MonÓxido de TriSelenium";"Monóxido de Triselenium"
62;"Br";"Bromine";35;17;4;"Non-metal";"Halogens";"Liquid";"1,5";2;62;1;"1";"I";FALSE;TRUE;FALSE;FALSE;FALSE;TRUE;FALSE;FALSE;TRUE;TRUE;"Br2O1";"Óxido Brosomo";"Óxido de Bromo (I)";"Di";"Mono";"DiÓxido de MonoBromine";"Dióxido de Monobromine"
63;"Br";"Bromine";35;17;4;"Non-metal";"Halogens";"Liquid";"1,5";2;63;2;"5";"V";FALSE;TRUE;FALSE;FALSE;FALSE;TRUE;FALSE;FALSE;TRUE;TRUE;"Br2O5";"Óxido Brómico";"Óxido de Bromo (V)";"Di";"Penta";"DiÓxido de PentaBromine";"Dióxido de Pentabromine"
64;"Kr";"Krypton";36;18;4;"Noble gas";"-";"Gas";"0";1;64;1;"0";"";FALSE;FALSE;FALSE;TRUE;FALSE;FALSE;TRUE;FALSE;FALSE;FALSE;"----";"----";"----";"----";"----";"----";"----"
65;"Rb";"Rubidium";37;1;5;"Metal";"Alkaline";"Solid";"1";1;65;1;"1";"I";TRUE;FALSE;FALSE;FALSE;TRUE;FALSE;FALSE;FALSE;FALSE;TRUE;"Rb2O1";"Óxido de Rubidio";"Óxido de Rubidio (I)";"Di";"Mono";"DiÓxido de MonoRubidium";"Dióxido de Monorubidium"
66;"Sr";"Strontium";38;2;5;"Metal";"Alkaline earths";"Solid";"2";1;66;1;"2";"II";TRUE;FALSE;FALSE;FALSE;TRUE;FALSE;FALSE;FALSE;FALSE;TRUE;"Sr1O1";"Óxido de Estroncio";"Óxido de Estroncio (II)";"Mono";"Mono";"MonÓxido de MonoStrontium";"Monóxido de Monostrontium"
67;"Y";"Yttrium";39;3;5;"Metal";"Transition Metals";"Solid";"3";1;67;1;"3";"III";TRUE;FALSE;FALSE;FALSE;TRUE;FALSE;FALSE;FALSE;FALSE;TRUE;"Y2O3";"Óxido de Yodo";"Óxido de Yodo (III)";"Di";"Tri";"DiÓxido de TriYttrium";"Dióxido de Triyttrium"
68;"Zr";"Zirconium";40;4;5;"Metal";"Transition Metals";"Solid";"4";1;68;1;"4";"IV";TRUE;FALSE;FALSE;FALSE;TRUE;FALSE;FALSE;FALSE;FALSE;TRUE;"Zr1O2";"Óxido de Circonio";"Óxido de Circonio (IV)";"Mono";"Di";"MonÓxido de DiZirconium";"Monóxido de Dizirconium"
69;"Nb";"Niobium";41;5;5;"Metal";"Transition Metals";"Solid";"3,5";2;69;1;"3";"III";TRUE;FALSE;FALSE;FALSE;TRUE;FALSE;FALSE;FALSE;FALSE;TRUE;"Nb2O3";"Óxido Nioboso";"Óxido de Niobio (III)";"Di";"Tri";"DiÓxido de TriNiobium";"Dióxido de Triniobium"
70;"Nb";"Niobium";41;5;5;"Metal";"Transition Metals";"Solid";"3,5";2;70;2;"5";"V";TRUE;FALSE;FALSE;FALSE;TRUE;FALSE;FALSE;FALSE;FALSE;TRUE;"Nb2O5";"Óxido Niúbico";"Óxido de Niobio (V)";"Di";"Penta";"DiÓxido de PentaNiobium";"Dióxido de Pentaniobium"
71;"Mo";"Molybdenum";42;6;5;"Metal";"Transition Metals";"Solid";"2,3,4,5,6";5;71;1;"2";"II";TRUE;FALSE;FALSE;FALSE;TRUE;FALSE;FALSE;FALSE;FALSE;TRUE;"Mo1O1";"Óxido Hipomolibdoso";"Óxido de Molibdeno (II)";"Mono";"Mono";"MonÓxido de MonoMolybdenum";"Monóxido de Monomolybdenum"
72;"Mo";"Molybdenum";42;6;5;"Metal";"Transition Metals";"Solid";"2,3,4,5,6";5;72;2;"3";"III";TRUE;FALSE;FALSE;FALSE;TRUE;FALSE;FALSE;FALSE;FALSE;TRUE;"Mo2O3";"Óxido Molibdoso";"Óxido de Molibdeno (III)";"Di";"Tri";"DiÓxido de TriMolybdenum";"Dióxido de Trimolybdenum"
73;"Mo";"Molybdenum";42;6;5;"Metal";"Transition Metals";"Solid";"2,3,4,5,6";5;73;3;"4";"IV";TRUE;FALSE;FALSE;FALSE;TRUE;FALSE;FALSE;FALSE;FALSE;TRUE;"Mo1O2";"Óxido Molibdénico";"Óxido de Molibdeno (IV)";"Mono";"Di";"MonÓxido de DiMolybdenum";"Monóxido de Dimolybdenum"
74;"Mo";"Molybdenum";42;6;5;"Metal";"Transition Metals";"Solid";"2,3,4,5,6";5;74;4;"5";"V";TRUE;FALSE;FALSE;FALSE;TRUE;FALSE;FALSE;FALSE;FALSE;TRUE;"Mo2O5";"Óxido Permolibdénico";"Óxido de Molibdeno (V)";"Di";"Penta";"DiÓxido de PentaMolybdenum";"Dióxido de Pentamolybdenum"
75;"Mo";"Molybdenum";42;6;5;"Metal";"Transition Metals";"Solid";"2,3,4,5,6";5;75;5;"6";"VI";TRUE;FALSE;FALSE;FALSE;TRUE;FALSE;FALSE;FALSE;FALSE;TRUE;"Mo1O3";"Óxido Supermolibdénico";"Óxido de Molibdeno (VI)";"Mono";"Tri";"MonÓxido de TriMolybdenum";"Monóxido de Trimolybdenum"
76;"Tc";"Technetium";43;7;5;"Metal";"Transition Metals";"Solid";"7";1;76;1;"7";"VII";TRUE;FALSE;FALSE;FALSE;TRUE;FALSE;FALSE;FALSE;FALSE;TRUE;"Tc2O7";"Óxido de Tecnecio";"Óxido de Tecnecio (VII)";"Di";"Hepta";"DiÓxido de HeptaTechnetium";"Dióxido de Heptatechnetium"
77;"Ru";"Ruthenium";44;8;5;"Metal";"Transition Metals";"Solid";"2,3,4,6,8";5;77;1;"2";"II";TRUE;FALSE;FALSE;FALSE;TRUE;FALSE;FALSE;FALSE;FALSE;TRUE;"Ru1O1";"Óxido Hiporutenoso";"Óxido de Rutenio (II)";"Mono";"Mono";"MonÓxido de MonoRuthenium";"Monóxido de Monoruthenium"
78;"Ru";"Ruthenium";44;8;5;"Metal";"Transition Metals";"Solid";"2,3,4,6,8";5;78;2;"3";"III";TRUE;FALSE;FALSE;FALSE;TRUE;FALSE;FALSE;FALSE;FALSE;TRUE;"Ru2O3";"Óxido Rutenoso";"Óxido de Rutenio (III)";"Di";"Tri";"DiÓxido de TriRuthenium";"Dióxido de Triruthenium"
79;"Ru";"Ruthenium";44;8;5;"Metal";"Transition Metals";"Solid";"2,3,4,6,8";5;79;3;"4";"IV";TRUE;FALSE;FALSE;FALSE;TRUE;FALSE;FALSE;FALSE;FALSE;TRUE;"Ru1O2";"Óxido Rutenoso";"Óxido de Rutenio (IV)";"Mono";"Di";"MonÓxido de DiRuthenium";"Monóxido de Diruthenium"
80;"Ru";"Ruthenium";44;8;5;"Metal";"Transition Metals";"Solid";"2,3,4,6,8";5;80;4;"6";"VI";TRUE;FALSE;FALSE;FALSE;TRUE;FALSE;FALSE;FALSE;FALSE;TRUE;"Ru1O3";"Óxido Perrutenoso";"Óxido de Rutenio (VI)";"Mono";"Tri";"MonÓxido de TriRuthenium";"Monóxido de Triruthenium"
81;"Ru";"Ruthenium";44;8;5;"Metal";"Transition Metals";"Solid";"2,3,4,6,8";5;81;5;"8";"VIII";TRUE;FALSE;FALSE;FALSE;TRUE;FALSE;FALSE;FALSE;FALSE;TRUE;"Ru1O4";"Óxido Superrutenoso";"Óxido de Rutenio (VIII)";"Mono";"Tetra";"MonÓxido de TetraRuthenium";"Monóxido de Tetraruthenium"
82;"Rh";"Rhodium";45;9;5;"Metal";"Transition Metals";"Solid";"2,3,4";3;82;1;"2";"II";TRUE;FALSE;FALSE;FALSE;TRUE;FALSE;FALSE;FALSE;FALSE;TRUE;"Rh1O1";"Óxido Hiporodoso";"Óxido de Rodio (II)";"Mono";"Mono";"MonÓxido de MonoRhodium";"Monóxido de Monorhodium"
83;"Rh";"Rhodium";45;9;5;"Metal";"Transition Metals";"Solid";"2,3,4";3;83;2;"3";"III";TRUE;FALSE;FALSE;FALSE;TRUE;FALSE;FALSE;FALSE;FALSE;TRUE;"Rh2O3";"Óxido Rodoso";"Óxido de Rodio (III)";"Di";"Tri";"DiÓxido de TriRhodium";"Dióxido de Trirhodium"
84;"Rh";"Rhodium";45;9;5;"Metal";"Transition Metals";"Solid";"2,3,4";3;84;3;"4";"IV";TRUE;FALSE;FALSE;FALSE;TRUE;FALSE;FALSE;FALSE;FALSE;TRUE;"Rh1O2";"Óxido Ródico";"Óxido de Rodio (IV)";"Mono";"Di";"MonÓxido de DiRhodium";"Monóxido de Dirhodium"
85;"Pd";"Palladium";46;10;5;"Metal";"Transition Metals";"Solid";"2,4";2;85;1;"2";"II";TRUE;FALSE;FALSE;FALSE;TRUE;FALSE;FALSE;FALSE;FALSE;TRUE;"Pd1O1";"Óxido Paladoso";"Óxido de Paladio (II)";"Mono";"Mono";"MonÓxido de MonoPalladium";"Monóxido de Monopalladium"
86;"Pd";"Palladium";46;10;5;"Metal";"Transition Metals";"Solid";"2,4";2;86;2;"4";"IV";TRUE;FALSE;FALSE;FALSE;TRUE;FALSE;FALSE;FALSE;FALSE;TRUE;"Pd1O2";"Óxido Paládico";"Óxido de Paladio (IV)";"Mono";"Di";"MonÓxido de DiPalladium";"Monóxido de Dipalladium"
87;"Ag";"Silver";47;11;5;"Metal";"Transition Metals";"Solid";"1";1;87;1;"1";"I";TRUE;FALSE;FALSE;FALSE;TRUE;FALSE;FALSE;FALSE;FALSE;TRUE;"Ag2O1";"Óxido de Plata";"Óxido de Plata (I)";"Di";"Mono";"DiÓxido de MonoSilver";"Dióxido de Monosilver"
88;"Cd";"Cadmium";48;12;5;"Metal";"Transition Metals";"Solid";"2";1;88;1;"2";"II";TRUE;FALSE;FALSE;FALSE;TRUE;FALSE;FALSE;FALSE;FALSE;TRUE;"Cd1O1";"Óxido de Cadmio";"Óxido de Cadmio (II)";"Mono";"Mono";"MonÓxido de MonoCadmium";"Monóxido de Monocadmium"
89;"In";"Indian";49;13;5;"Metal";"Metals from Block p";"Solid";"3";1;89;1;"3";"III";TRUE;FALSE;FALSE;FALSE;TRUE;FALSE;FALSE;FALSE;FALSE;TRUE;"In2O3";"Óxido de Indio";"Óxido de Indio (III)";"Di";"Tri";"DiÓxido de TriIndian";"Dióxido de Triindian"
90;"Sn";"Tin";50;14;5;"Metal";"Metals from Block p";"Solid";"2,4";2;90;1;"2";"II";TRUE;FALSE;FALSE;FALSE;TRUE;FALSE;FALSE;FALSE;FALSE;TRUE;"Sn1O1";"Óxido Estañoso";"Óxido de Estaño (II)";"Mono";"Mono";"MonÓxido de MonoTin";"Monóxido de Monotin"
91;"Sn";"Tin";50;14;5;"Metal";"Metals from Block p";"Solid";"2,4";2;91;2;"4";"IV";TRUE;FALSE;FALSE;FALSE;TRUE;FALSE;FALSE;FALSE;FALSE;TRUE;"Sn1O2";"Óxido Estáñico";"Óxido de Estaño (IV)";"Mono";"Di";"MonÓxido de DiTin";"Monóxido de Ditin"
92;"Sb";"Antimony";51;15;5;"Metalloid";"-";"Solid";"3,5";2;92;1;"3";"III";FALSE;FALSE;FALSE;FALSE;TRUE;FALSE;FALSE;FALSE;FALSE;TRUE;"Sb2O3";"Óxido Antimonoso";"Óxido de Antimonio (III)";"Di";"Tri";"DiÓxido de TriAntimony";"Dióxido de Triantimony"
93;"Sb";"Antimony";51;15;5;"Metalloid";"-";"Solid";"3,5";2;93;2;"5";"V";FALSE;FALSE;FALSE;FALSE;TRUE;FALSE;FALSE;FALSE;FALSE;TRUE;"Sb2O5";"Óxido Antimónico";"Óxido de Antimonio (V)";"Di";"Penta";"DiÓxido de PentAntimony";"Dióxido de Pentantimony"
94;"Te";"Tellurium";52;16;5;"Metalloid";"-";"Solid";"2,4,6";3;94;1;"2";"II";FALSE;FALSE;FALSE;FALSE;TRUE;FALSE;FALSE;FALSE;FALSE;TRUE;"Te1O1";"Óxido Hipoteluroso";"Óxido de Telurio (II)";"Mono";"Mono";"MonÓxido de MonoTellurium";"Monóxido de Monotellurium"
95;"Te";"Tellurium";52;16;5;"Metalloid";"-";"Solid";"2,4,6";3;95;2;"4";"IV";FALSE;FALSE;FALSE;FALSE;TRUE;FALSE;FALSE;FALSE;FALSE;TRUE;"Te1O2";"Óxido Teluroso";"Óxido de Telurio (IV)";"Mono";"Di";"MonÓxido de DiTellurium";"Monóxido de Ditellurium"
96;"Te";"Tellurium";52;16;5;"Metalloid";"-";"Solid";"2,4,6";3;96;3;"6";"VI";FALSE;FALSE;FALSE;FALSE;TRUE;FALSE;FALSE;FALSE;FALSE;TRUE;"Te1O3";"Óxido Telúrico";"Óxido de Telurio (VI)";"Mono";"Tri";"MonÓxido de TriTellurium";"Monóxido de Tritellurium"
97;"I";"Iodine";53;17;5;"Non-metal";"Halogens";"Solid";"1,5,7";3;97;1;"1";"I";FALSE;TRUE;FALSE;FALSE;TRUE;FALSE;FALSE;FALSE;TRUE;TRUE;"I2O1";"Óxido Hipoyodoso";"Óxido de Yodo (I)";"Di";"Mono";"DiÓxido de MonoIodine";"Dióxido de Monoiodine"
98;"I";"Iodine";53;17;5;"Non-metal";"Halogens";"Solid";"1,5,7";3;98;2;"5";"V";FALSE;TRUE;FALSE;FALSE;TRUE;FALSE;FALSE;FALSE;TRUE;TRUE;"I2O5";"Óxido Yodoso";"Óxido de Yodo (V)";"Di";"Penta";"DiÓxido de PentaIodine";"Dióxido de Pentaiodine"
99;"I";"Iodine";53;17;5;"Non-metal";"Halogens";"Solid";"1,5,7";3;99;3;"7";"VII";FALSE;TRUE;FALSE;FALSE;TRUE;FALSE;FALSE;FALSE;TRUE;TRUE;"I2O7";"Óxido Yódico";"Óxido de Yodo (VII)";"Di";"Hepta";"DiÓxido de HeptaIodine";"Dióxido de Heptaiodine"
100;"Xe";"Xenon";54;18;5;"Noble gas";"-";"Gas";"0";1;100;1;"0";"";FALSE;FALSE;FALSE;TRUE;FALSE;FALSE;TRUE;FALSE;FALSE;FALSE;"----";"----";"----";"----";"----";"----";"----"
101;"Cs";"Cesium";55;1;6;"Metal";"Alkaline";"Liquid";"1";1;101;1;"1";"I";TRUE;FALSE;FALSE;FALSE;FALSE;TRUE;FALSE;FALSE;FALSE;TRUE;"Cs2O1";"Óxido de Cesio";"Óxido de Cesio (I)";"Di";"Mono";"DiÓxido de MonoCesium";"Dióxido de Monocesium"
102;"Ba";"Barium";56;2;6;"Metal";"Alkaline earths";"Solid";"2";1;102;1;"2";"II";TRUE;FALSE;FALSE;FALSE;TRUE;FALSE;FALSE;FALSE;FALSE;TRUE;"Ba1O1";"Óxido de Bario";"Óxido de Bario (II)";"Mono";"Mono";"MonÓxido de MonoBarium";"Monóxido de Monobarium"
103;"La";"Lanthanum";57;3;6;"Metal";"Lanthanides";"Solid";"3";1;103;1;"3";"III";TRUE;FALSE;FALSE;FALSE;TRUE;FALSE;FALSE;FALSE;FALSE;TRUE;"La2O3";"Óxido de Lantano";"Óxido de Lantano (III)";"Di";"Tri";"DiÓxido de TriLanthanum";"Dióxido de Trilanthanum"
104;"Ce";"Cerium";58;3;6;"Metal";"Lanthanides";"Solid";"3,4";2;104;1;"3";"III";TRUE;FALSE;FALSE;FALSE;TRUE;FALSE;FALSE;FALSE;FALSE;TRUE;"Ce2O3";"Óxido Ceroso";"Óxido de Cerio (III)";"Di";"Tri";"DiÓxido de TriCerium";"Dióxido de Tricerium"
105;"Ce";"Cerium";58;3;6;"Metal";"Lanthanides";"Solid";"3,4";2;105;2;"4";"IV";TRUE;FALSE;FALSE;FALSE;TRUE;FALSE;FALSE;FALSE;FALSE;TRUE;"Ce1O2";"Óxido Cérico";"Óxido de Cerio (IV)";"Mono";"Di";"MonÓxido de DiCerium";"Monóxido de Dicerium"
106;"Pr";"Praseodymium";59;3;6;"Metal";"Lanthanides";"Solid";"3,4";2;106;1;"3";"III";TRUE;FALSE;FALSE;FALSE;TRUE;FALSE;FALSE;FALSE;FALSE;TRUE;"Pr2O3";"Óxido Praseodimoso";"Óxido de Praseodimio (III)";"Di";"Tri";"DiÓxido de TriPraseodymium";"Dióxido de Tripraseodymium"
107;"Pr";"Praseodymium";59;3;6;"Metal";"Lanthanides";"Solid";"3,4";2;107;2;"4";"IV";TRUE;FALSE;FALSE;FALSE;TRUE;FALSE;FALSE;FALSE;FALSE;TRUE;"Pr1O2";"Óxido Praseodímico";"Óxido de Praseodimio (IV)";"Mono";"Di";"MonÓxido de DiPraseodymium";"Monóxido de Dipraseodymium"
108;"Nd";"Neodymium";60;3;6;"Metal";"Lanthanides";"Solid";"3";1;108;1;"3";"III";TRUE;FALSE;FALSE;FALSE;TRUE;FALSE;FALSE;FALSE;FALSE;TRUE;"Nd2O3";"Óxido de Neodimio";"Óxido de Neodimio (III)";"Di";"Tri";"DiÓxido de TriNeodymium";"Dióxido de Trineodymium"
109;"Pm";"Promise";61;3;6;"Metal";"Lanthanides";"Solid";"3";1;109;1;"3";"III";TRUE;FALSE;FALSE;FALSE;TRUE;FALSE;FALSE;FALSE;FALSE;TRUE;"Pm2O3";"Óxido de Promesa";"Óxido de Promesa (III)";"Di";"Tri";"DiÓxido de TriPromise";"Dióxido de Tripromise"
110;"Sm";"Samarium";62;3;6;"Metal";"Lanthanides";"Solid";"2,3";2;110;1;"2";"II";TRUE;FALSE;FALSE;FALSE;TRUE;FALSE;FALSE;FALSE;FALSE;TRUE;"Sm1O1";"Óxido Samaroso";"Óxido de Samario (II)";"Mono";"Mono";"MonÓxido de MonoSamarium";"Monóxido de Monosamarium"
111;"Sm";"Samarium";62;3;6;"Metal";"Lanthanides";"Solid";"2,3";2;111;2;"3";"III";TRUE;FALSE;FALSE;FALSE;TRUE;FALSE;FALSE;FALSE;FALSE;TRUE;"Sm2O3";"Óxido Samárico";"Óxido de Samario (III)";"Di";"Tri";"DiÓxido de TriSamarium";"Dióxido de Trisamarium"
112;"Eu";"Europium";63;3;6;"Metal";"Lanthanides";"Solid";"2,3";2;112;1;"2";"II";TRUE;FALSE;FALSE;FALSE;TRUE;FALSE;FALSE;FALSE;FALSE;TRUE;"Eu1O1";"Óxido Europoso";"Óxido de Europio (II)";"Mono";"Mono";"MonÓxido de MonoEuropium";"Monóxido de Monoeuropium"
113;"Eu";"Europium";63;3;6;"Metal";"Lanthanides";"Solid";"2,3";2;113;2;"3";"III";TRUE;FALSE;FALSE;FALSE;TRUE;FALSE;FALSE;FALSE;FALSE;TRUE;"Eu2O3";"Óxido Európico";"Óxido de Europio (III)";"Di";"Tri";"DiÓxido de TriEuropium";"Dióxido de Trieuropium"
114;"Gd";"Gadolinium";64;3;6;"Metal";"Lanthanides";"Solid";"3";1;114;1;"3";"III";TRUE;FALSE;FALSE;FALSE;TRUE;FALSE;FALSE;FALSE;FALSE;TRUE;"Gd2O3";"Óxido de Gadolinio";"Óxido de Gadolinio (III)";"Di";"Tri";"DiÓxido de TriGadolinium";"Dióxido de Trigadolinium"
115;"Tb";"Terbium";65;3;6;"Metal";"Lanthanides";"Solid";"3,4";2;115;1;"3";"III";TRUE;FALSE;FALSE;FALSE;TRUE;FALSE;FALSE;FALSE;FALSE;TRUE;"Tb2O3";"Óxido Terboso";"Óxido de Terbio (III)";"Di";"Tri";"DiÓxido de TriTerbium";"Dióxido de Triterbium"
116;"Tb";"Terbium";65;3;6;"Metal";"Lanthanides";"Solid";"3,4";2;116;2;"4";"IV";TRUE;FALSE;FALSE;FALSE;TRUE;FALSE;FALSE;FALSE;FALSE;TRUE;"Tb1O2";"Óxido Térbico";"Óxido de Terbio (IV)";"Mono";"Di";"MonÓxido de DiTerbium";"Monóxido de Diterbium"
117;"Dy";"Dysprosium";66;3;6;"Metal";"Lanthanides";"Solid";"3";1;117;1;"3";"III";TRUE;FALSE;FALSE;FALSE;TRUE;FALSE;FALSE;FALSE;FALSE;TRUE;"Dy2O3";"Óxido de Disprosio";"Óxido de Disprosio (III)";"Di";"Tri";"DiÓxido de TriDysprosium";"Dióxido de Tridysprosium"
118;"Ho";"Holmium";67;3;6;"Metal";"Lanthanides";"Solid";"3";1;118;1;"3";"III";TRUE;FALSE;FALSE;FALSE;TRUE;FALSE;FALSE;FALSE;FALSE;TRUE;"Ho2O3";"Óxido de Holmio";"Óxido de Holmio (III)";"Di";"Tri";"DiÓxido de TriHolmium";"Dióxido de Triholmium"
119;"Er";"Erbium";68;3;6;"Metal";"Lanthanides";"Solid";"3";1;119;1;"3";"III";TRUE;FALSE;FALSE;FALSE;TRUE;FALSE;FALSE;FALSE;FALSE;TRUE;"Er2O3";"Óxido de Erbio";"Óxido de Erbio (III)";"Di";"Tri";"DiÓxido de TriErbium";"Dióxido de Trierbium"
120;"Tm";"Thulium";69;3;6;"Metal";"Lanthanides";"Solid";"3,2";2;120;2;"3";"III";TRUE;FALSE;FALSE;FALSE;TRUE;FALSE;FALSE;FALSE;FALSE;TRUE;"Tm2O3";"Óxido Tuloso";"Óxido de Tulio (III)";"Di";"Tri";"DiÓxido de TriThulium";"Dióxido de Trithulium"
121;"Tm";"Thulium";69;3;6;"Metal";"Lanthanides";"Solid";"3,2";2;121;1;"2";"II";TRUE;FALSE;FALSE;FALSE;TRUE;FALSE;FALSE;FALSE;FALSE;TRUE;"Tm1O1";"Óxido Túlico";"Óxido de Tulio (II)";"Mono";"Mono";"MonÓxido de MonoThulium";"Monóxido de Monothulium"
122;"Yb";"Ytterbium";70;3;6;"Metal";"Lanthanides";"Solid";"2,3";2;122;1;"2";"II";TRUE;FALSE;FALSE;FALSE;TRUE;FALSE;FALSE;FALSE;FALSE;TRUE;"Yb1O1";"Óxido Iterboso";"Óxido de Iterbio (II)";"Mono";"Mono";"MonÓxido de MonoYtterbium";"Monóxido de Monoytterbium"
123;"Yb";"Ytterbium";70;3;6;"Metal";"Lanthanides";"Solid";"2,3";2;123;2;"3";"III";TRUE;FALSE;FALSE;FALSE;TRUE;FALSE;FALSE;FALSE;FALSE;TRUE;"Yb2O3";"Óxido Itérbico";"Óxido de Iterbio (III)";"Di";"Tri";"DiÓxido de TriYtterbium";"Dióxido de Triytterbium"
124;"Lu";"Lutetium";71;3;6;"Metal";"Lanthanides";"Solid";"3";1;124;1;"3";"III";TRUE;FALSE;FALSE;FALSE;TRUE;FALSE;FALSE;FALSE;FALSE;TRUE;"Lu2O3";"Óxido de Lutecio";"Óxido de Lutecio (III)";"Di";"Tri";"DiÓxido de TriLutetium";"Dióxido de Trilutetium"
125;"Hf";"Hafnium";72;4;6;"Metal";"Lanthanides";"Solid";"4";1;125;1;"4";"IV";TRUE;FALSE;FALSE;FALSE;TRUE;FALSE;FALSE;FALSE;FALSE;TRUE;"Hf1O2";"Óxido de Hafnio";"Óxido de Hafnio (IV)";"Mono";"Di";"MonÓxido de DiHafnium";"Monóxido de Dihafnium"
126;"Ta";"Tantalum";73;5;6;"Metal";"Lanthanides";"Solid";"5";1;126;1;"5";"V";TRUE;FALSE;FALSE;FALSE;TRUE;FALSE;FALSE;FALSE;FALSE;TRUE;"Ta2O5";"Óxido de Tantalio";"Óxido de Tantalio (V)";"Di";"Penta";"DiÓxido de PentaTantalum";"Dióxido de Pentatantalum"
127;"W";"Tungsten";74;6;6;"Metal";"Lanthanides";"Solid";"2,3,4,5,6";5;127;1;"2";"II";TRUE;FALSE;FALSE;FALSE;TRUE;FALSE;FALSE;FALSE;FALSE;TRUE;"W1O1";"Óxido Hipotungstoso";"Óxido de Tungsteno (II)";"Mono";"Mono";"MonÓxido de MonoTungsten";"Monóxido de Monotungsten"
128;"W";"Tungsten";74;6;6;"Metal";"Lanthanides";"Solid";"2,3,4,5,6";5;128;2;"3";"III";TRUE;FALSE;FALSE;FALSE;TRUE;FALSE;FALSE;FALSE;FALSE;TRUE;"W2O3";"Óxido Tungstoso";"Óxido de Tungsteno (III)";"Di";"Tri";"DiÓxido de TriTungsten";"Dióxido de Tritungsten"
129;"W";"Tungsten";74;6;6;"Metal";"Lanthanides";"Solid";"2,3,4,5,6";5;129;3;"4";"IV";TRUE;FALSE;FALSE;FALSE;TRUE;FALSE;FALSE;FALSE;FALSE;TRUE;"W1O2";"Óxido Tungsténico";"Óxido de Tungsteno (IV)";"Mono";"Di";"MonÓxido de DiTungsten";"Monóxido de Ditungsten"
130;"W";"Tungsten";74;6;6;"Metal";"Lanthanides";"Solid";"2,3,4,5,6";5;130;4;"5";"V";TRUE;FALSE;FALSE;FALSE;TRUE;FALSE;FALSE;FALSE;FALSE;TRUE;"W2O5";"Óxido Pertungsténico";"Óxido de Tungsteno (V)";"Di";"Penta";"DiÓxido de PentaTungsten";"Dióxido de Pentatungsten"
131;"W";"Tungsten";74;6;6;"Metal";"Lanthanides";"Solid";"2,3,4,5,6";5;131;5;"6";"VI";TRUE;FALSE;FALSE;FALSE;TRUE;FALSE;FALSE;FALSE;FALSE;TRUE;"W1O3";"Óxido Supertungsténico";"Óxido de Tungsteno (VI)";"Mono";"Tri";"MonÓxido de TriTungsten";"Monóxido de Tritungsten"
132;"Re";"Rhenium";75;7;6;"Metal";"Lanthanides";"Solid";"1,2,4,6,7";5;132;1;"1";"I";TRUE;FALSE;FALSE;FALSE;TRUE;FALSE;FALSE;FALSE;FALSE;TRUE;"Re2O1";"Óxido Hiporenoso";"Óxido de Renio (I)";"Di";"Mono";"DiÓxido de MonoRhenium";"Dióxido de Monorhenium"
133;"Re";"Rhenium";75;7;6;"Metal";"Lanthanides";"Solid";"1,2,4,6,7";5;133;2;"2";"II";TRUE;FALSE;FALSE;FALSE;TRUE;FALSE;FALSE;FALSE;FALSE;TRUE;"Re1O1";"Óxido Renoso";"Óxido de Renio (II)";"Mono";"Mono";"MonÓxido de MonoRhenium";"Monóxido de Monorhenium"
134;"Re";"Rhenium";75;7;6;"Metal";"Lanthanides";"Solid";"1,2,4,6,7";5;134;3;"4";"IV";TRUE;FALSE;FALSE;FALSE;TRUE;FALSE;FALSE;FALSE;FALSE;TRUE;"Re1O2";"Óxido Renico";"Óxido de Renio (IV)";"Mono";"Di";"MonÓxido de DiRhenium";"Monóxido de Dirhenium"
135;"Re";"Rhenium";75;7;6;"Metal";"Lanthanides";"Solid";"1,2,4,6,7";5;135;4;"6";"VI";TRUE;FALSE;FALSE;FALSE;TRUE;FALSE;FALSE;FALSE;FALSE;TRUE;"Re1O3";"Óxido Perrenico";"Óxido de Renio (VI)";"Mono";"Tri";"MonÓxido de TriRhenium";"Monóxido de Trirhenium"
136;"Re";"Rhenium";75;7;6;"Metal";"Lanthanides";"Solid";"1,2,4,6,7";5;136;5;"7";"VII";TRUE;FALSE;FALSE;FALSE;TRUE;FALSE;FALSE;FALSE;FALSE;TRUE;"Re2O7";"Óxido Superrenico";"Óxido de Renio (VII)";"Di";"Hepta";"DiÓxido de HeptaRhenium";"Dióxido de Heptarhenium"
137;"Os";"Osmium";76;8;6;"Metal";"Lanthanides";"Solid";"2,3,4,6,8";5;137;1;"2";"II";TRUE;FALSE;FALSE;FALSE;TRUE;FALSE;FALSE;FALSE;FALSE;TRUE;"Os1O1";"Óxido Hiposmoso";"Óxido de Osmio (II)";"Mono";"Mono";"MonÓxido de MonoOsmium";"Monóxido de Monoosmium"
138;"Os";"Osmium";76;8;6;"Metal";"Lanthanides";"Solid";"2,3,4,6,8";5;138;2;"3";"III";TRUE;FALSE;FALSE;FALSE;TRUE;FALSE;FALSE;FALSE;FALSE;TRUE;"Os2O3";"Óxido Osmoso";"Óxido de Osmio (III)";"Di";"Tri";"DiÓxido de TriOsmium";"Dióxido de Triosmium"
139;"Os";"Osmium";76;8;6;"Metal";"Lanthanides";"Solid";"2,3,4,6,8";5;139;3;"4";"IV";TRUE;FALSE;FALSE;FALSE;TRUE;FALSE;FALSE;FALSE;FALSE;TRUE;"Os1O2";"Óxido Ósmico";"Óxido de Osmio (IV)";"Mono";"Di";"MonÓxido de DiOsmium";"Monóxido de Diosmium"
140;"Os";"Osmium";76;8;6;"Metal";"Lanthanides";"Solid";"2,3,4,6,8";5;140;4;"6";"VI";TRUE;FALSE;FALSE;FALSE;TRUE;FALSE;FALSE;FALSE;FALSE;TRUE;"Os1O3";"Óxido Perósmico";"Óxido de Osmio (VI)";"Mono";"Tri";"MonÓxido de TriOsmium";"Monóxido de Triosmium"
141;"Os";"Osmium";76;8;6;"Metal";"Lanthanides";"Solid";"2,3,4,6,8";5;141;5;"8";"VIII";TRUE;FALSE;FALSE;FALSE;TRUE;FALSE;FALSE;FALSE;FALSE;TRUE;"Os1O4";"Óxido Superósmico";"Óxido de Osmio (VIII)";"Mono";"Tetra";"MonÓxido de TetraOsmium";"Monóxido de Tetraosmium"
142;"Ir";"Iridium";77;9;6;"Metal";"Lanthanides";"Solid";"2,3,4,6";4;142;1;"2";"II";TRUE;FALSE;FALSE;FALSE;TRUE;FALSE;FALSE;FALSE;FALSE;TRUE;"Ir1O1";"Óxido Hipoiridoso";"Óxido de Iridio (II)";"Mono";"Mono";"MonÓxido de MonoIridium";"Monóxido de Monoiridium"
143;"Ir";"Iridium";77;9;6;"Metal";"Lanthanides";"Solid";"2,3,4,6";4;143;2;"3";"III";TRUE;FALSE;FALSE;FALSE;TRUE;FALSE;FALSE;FALSE;FALSE;TRUE;"Ir2O3";"Óxido Iridoso";"Óxido de Iridio (III)";"Di";"Tri";"DiÓxido de TriIridium";"Dióxido de Triiridium"
144;"Ir";"Iridium";77;9;6;"Metal";"Lanthanides";"Solid";"2,3,4,6";4;144;3;"4";"IV";TRUE;FALSE;FALSE;FALSE;TRUE;FALSE;FALSE;FALSE;FALSE;TRUE;"Ir1O2";"Óxido Irídico";"Óxido de Iridio (IV)";"Mono";"Di";"MonÓxido de DiIridium";"Monóxido de Diiridium"
145;"Ir";"Iridium";77;9;6;"Metal";"Lanthanides";"Solid";"2,3,4,6";4;145;4;"6";"VI";TRUE;FALSE;FALSE;FALSE;TRUE;FALSE;FALSE;FALSE;FALSE;TRUE;"Ir1O3";"Óxido Perirídico";"Óxido de Iridio (VI)";"Mono";"Tri";"MonÓxido de TriIridium";"Monóxido de Triiridium"
146;"Pt";"Platinum";78;10;6;"Metal";"Lanthanides";"Solid";"2,4";2;146;1;"2";"II";TRUE;FALSE;FALSE;FALSE;TRUE;FALSE;FALSE;FALSE;FALSE;TRUE;"Pt1O1";"Óxido Platinoso";"Óxido de Platino (II)";"Mono";"Mono";"MonÓxido de MonoPlatinum";"Monóxido de Monoplatinum"
147;"Pt";"Platinum";78;10;6;"Metal";"Lanthanides";"Solid";"2,4";2;147;2;"4";"IV";TRUE;FALSE;FALSE;FALSE;TRUE;FALSE;FALSE;FALSE;FALSE;TRUE;"Pt1O2";"Óxido Platínico";"Óxido de Platino (IV)";"Mono";"Di";"MonÓxido de DiPlatinum";"Monóxido de Diplatinum"
148;"Au";"Gold";79;11;6;"Metal";"Lanthanides";"Solid";"1,3";2;148;1;"1";"I";TRUE;FALSE;FALSE;FALSE;TRUE;FALSE;FALSE;FALSE;FALSE;TRUE;"Au2O1";"Óxido Auroso";"Óxido de Oro (I)";"Di";"Mono";"DiÓxido de MonoGold";"Dióxido de Monogold"
149;"Au";"Gold";79;11;6;"Metal";"Lanthanides";"Solid";"1,3";2;149;2;"3";"III";TRUE;FALSE;FALSE;FALSE;TRUE;FALSE;FALSE;FALSE;FALSE;TRUE;"Au2O3";"Óxido Áurico";"Óxido de Oro (III)";"Di";"Tri";"DiÓxido de TriGold";"Dióxido de Trigold"
150;"Hg";"Mercury";80;12;6;"Metal";"Lanthanides";"Liquid";"1,2";2;150;1;"1";"I";TRUE;FALSE;FALSE;FALSE;FALSE;TRUE;FALSE;FALSE;FALSE;TRUE;"Hg2O1";"Óxido Mercuroso";"Óxido de Mercurio (I)";"Di";"Mono";"DiÓxido de MonoMercury";"Dióxido de Monomercury"
151;"Hg";"Mercury";80;12;6;"Metal";"Lanthanides";"Liquid";"1,2";2;151;2;"2";"II";TRUE;FALSE;FALSE;FALSE;FALSE;TRUE;FALSE;FALSE;FALSE;TRUE;"Hg1O1";"Óxido Mercúrico";"Óxido de Mercurio (II)";"Mono";"Mono";"MonÓxido de MonoMercury";"Monóxido de Monomercury"
152;"Tl";"Thallium";81;13;6;"Metal";"Lanthanides";"Solid";"1,3";2;152;1;"1";"I";TRUE;FALSE;FALSE;FALSE;TRUE;FALSE;FALSE;FALSE;FALSE;TRUE;"Tl2O1";"Óxido Taloso";"Óxido de Talio (I)";"Di";"Mono";"DiÓxido de MonoThallium";"Dióxido de Monothallium"
153;"Tl";"Thallium";81;13;6;"Metal";"Lanthanides";"Solid";"1,3";2;153;2;"3";"III";TRUE;FALSE;FALSE;FALSE;TRUE;FALSE;FALSE;FALSE;FALSE;TRUE;"Tl2O3";"Óxido Tálico";"Óxido de Talio (III)";"Di";"Tri";"DiÓxido de TriThallium";"Dióxido de Trithallium"
154;"Pb";"Plumbum";82;14;6;"Metal";"Lanthanides";"Solid";"2,4";2;154;1;"2";"II";TRUE;FALSE;FALSE;FALSE;TRUE;FALSE;FALSE;FALSE;FALSE;TRUE;"Pb1O1";"Óxido Plomboso";"Óxido de Plomo (II)";"Mono";"Mono";"MonÓxido de MonoPlumbum";"Monóxido de Monoplumbum"
155;"Pb";"Plumbum";82;14;6;"Metal";"Lanthanides";"Solid";"2,4";2;155;2;"4";"IV";TRUE;FALSE;FALSE;FALSE;TRUE;FALSE;FALSE;FALSE;FALSE;TRUE;"Pb1O2";"Óxido Plúmbico";"Óxido de Plomo (IV)";"Mono";"Di";"MonÓxido de DiPlumbum";"Monóxido de Diplumbum"
156;"Bi";"Bismuth";83;15;6;"Metal";"Lanthanides";"Solid";"3,5";2;156;1;"3";"III";TRUE;FALSE;FALSE;FALSE;TRUE;FALSE;FALSE;FALSE;FALSE;TRUE;"Bi2O3";"Óxido Bismutoso";"Óxido de Bismuto (III)";"Di";"Tri";"DiÓxido de TriBismuth";"Dióxido de Tribismuth"
157;"Bi";"Bismuth";83;15;6;"Metal";"Lanthanides";"Solid";"3,5";2;157;2;"5";"V";TRUE;FALSE;FALSE;FALSE;TRUE;FALSE;FALSE;FALSE;FALSE;TRUE;"Bi2O5";"Óxido Bismútico";"Óxido de Bismuto (V)";"Di";"Penta";"DiÓxido de PentaBismuth";"Dióxido de Pentabismuth"
158;"Po";"Polonium";84;16;6;"Metalloid";"-";"Solid";"2,4";2;158;1;"2";"II";FALSE;FALSE;FALSE;FALSE;TRUE;FALSE;FALSE;FALSE;FALSE;TRUE;"Po1O1";"Óxido Polonoso";"Óxido de Polonio (II)";"Mono";"Mono";"MonÓxido de MonoPolonium";"Monóxido de Monopolonium"
159;"Po";"Polonium";84;16;6;"Metalloid";"-";"Solid";"2,4";2;159;2;"4";"IV";FALSE;FALSE;FALSE;FALSE;TRUE;FALSE;FALSE;FALSE;FALSE;TRUE;"Po1O2";"Óxido Polónico";"Óxido de Polonio (IV)";"Mono";"Di";"MonÓxido de DiPolonium";"Monóxido de Dipolonium"
160;"At";"Astatus";85;17;6;"Non-metal";"Halogens";"Solid";"1,3,5,7";4;160;1;"1";"I";FALSE;TRUE;FALSE;FALSE;TRUE;FALSE;FALSE;FALSE;TRUE;TRUE;"At2O1";"Óxido Hipoastatoso";"Óxido de Astato (I)";"Di";"Mono";"DiÓxido de MonoAstatus";"Dióxido de Monoastatus"
161;"At";"Astatus";85;17;6;"Non-metal";"Halogens";"Solid";"1,3,5,7";4;161;2;"3";"III";FALSE;TRUE;FALSE;FALSE;TRUE;FALSE;FALSE;FALSE;TRUE;TRUE;"At2O3";"Óxido Astatoso";"Óxido de Astato (III)";"Di";"Tri";"DiÓxido de TriAstatus";"Dióxido de Triastatus"
162;"At";"Astatus";85;17;6;"Non-metal";"Halogens";"Solid";"1,3,5,7";4;162;3;"5";"V";FALSE;TRUE;FALSE;FALSE;TRUE;FALSE;FALSE;FALSE;TRUE;TRUE;"At2O5";"Óxido Astático";"Óxido de Astato (V)";"Di";"Penta";"DiÓxido de PentAstatus";"Dióxido de Pentastatus"
163;"At";"Astatus";85;17;6;"Non-metal";"Halogens";"Solid";"1,3,5,7";4;163;4;"7";"VII";FALSE;TRUE;FALSE;FALSE;TRUE;FALSE;FALSE;FALSE;TRUE;TRUE;"At2O7";"Óxido Perastático";"Óxido de Astato (VII)";"Di";"Hepta";"DiÓxido de HeptAstatus";"Dióxido de Heptastatus"
164;"Rn";"Radon";86;18;6;"Noble gas";"-";"Gas";"0";1;164;1;"0";"";FALSE;FALSE;FALSE;TRUE;FALSE;FALSE;TRUE;FALSE;FALSE;FALSE;"----";"----";"----";"----";"----";"----";"----"
165;"Fr";"Francius";87;1;7;"Metal";"Alkaline";"Liquid";"1";1;165;1;"1";"I";TRUE;FALSE;FALSE;FALSE;FALSE;TRUE;FALSE;FALSE;FALSE;TRUE;"Fr2O1";"Óxido de Francisco";"Óxido de Francisco (I)";"Di";"Mono";"DiÓxido de MonoFrancius";"Dióxido de Monofrancius"
166;"Ra";"Radio";88;2;7;"Metal";"Alkaline earths";"Solid";"2";1;166;1;"2";"II";TRUE;FALSE;FALSE;FALSE;TRUE;FALSE;FALSE;FALSE;FALSE;TRUE;"Ra1O1";"Óxido de Radio";"Óxido de Radio (II)";"Mono";"Mono";"MonÓxido de MonoRadio";"Monóxido de Monoradio"
167;"Ac";"Actinium";89;3;7;"Metal";"Actinides";"Solid";"3";1;167;1;"3";"III";TRUE;FALSE;FALSE;FALSE;TRUE;FALSE;FALSE;FALSE;FALSE;TRUE;"Ac2O3";"Óxido de Actinio";"Óxido de Actinio (III)";"Di";"Tri";"DiÓxido de TriActinium";"Dióxido de Triactinium"
168;"Th";"Thorium";90;3;7;"Metal";"Actinides";"Solid";"4";1;168;1;"4";"IV";TRUE;FALSE;FALSE;FALSE;TRUE;FALSE;FALSE;FALSE;FALSE;TRUE;"Th1O2";"Óxido de Torio";"Óxido de Torio (IV)";"Mono";"Di";"MonÓxido de DiThorium";"Monóxido de Dithorium"
169;"Pa";"Protactinium";91;3;7;"Metal";"Actinides";"Solid";"4,5";2;169;1;"4";"IV";TRUE;FALSE;FALSE;FALSE;TRUE;FALSE;FALSE;FALSE;FALSE;TRUE;"Pa1O2";"Óxido Protactinoso";"Óxido de Protactinio (IV)";"Mono";"Di";"MonÓxido de DiProtactinium";"Monóxido de Diprotactinium"
170;"Pa";"Protactinium";91;3;7;"Metal";"Actinides";"Solid";"4,5";2;170;2;"5";"V";TRUE;FALSE;FALSE;FALSE;TRUE;FALSE;FALSE;FALSE;FALSE;TRUE;"Pa2O5";"Óxido Protactínico";"Óxido de Protactinio (V)";"Di";"Penta";"DiÓxido de PentaProtactinium";"Dióxido de Pentaprotactinium"
171;"U";"Uranium";92;3;7;"Metal";"Actinides";"Solid";"3,4,5,6";4;171;1;"3";"III";TRUE;FALSE;FALSE;FALSE;TRUE;FALSE;FALSE;FALSE;FALSE;TRUE;"U2O3";"Óxido Hipouranoso";"Óxido de Uranio (III)";"Di";"Tri";"DiÓxido de TriUranium";"Dióxido de Triuranium"
172;"U";"Uranium";92;3;7;"Metal";"Actinides";"Solid";"3,4,5,6";4;172;2;"4";"IV";TRUE;FALSE;FALSE;FALSE;TRUE;FALSE;FALSE;FALSE;FALSE;TRUE;"U1O2";"Óxido Uranoso";"Óxido de Uranio (IV)";"Mono";"Di";"MonÓxido de DiUranium";"Monóxido de Diuranium"
173;"U";"Uranium";92;3;7;"Metal";"Actinides";"Solid";"3,4,5,6";4;173;3;"5";"V";TRUE;FALSE;FALSE;FALSE;TRUE;FALSE;FALSE;FALSE;FALSE;TRUE;"U2O5";"Óxido Uránico";"Óxido de Uranio (V)";"Di";"Penta";"DiÓxido de PentaUranium";"Dióxido de Pentauranium"
174;"U";"Uranium";92;3;7;"Metal";"Actinides";"Solid";"3,4,5,6";4;174;4;"6";"VI";TRUE;FALSE;FALSE;FALSE;TRUE;FALSE;FALSE;FALSE;FALSE;TRUE;"U1O3";"Óxido Peruránico";"Óxido de Uranio (VI)";"Mono";"Tri";"MonÓxido de TriUranium";"Monóxido de Triuranium"
175;"Np";"Neptunium";93;3;7;"Metal";"Actinides";"???";"3,4,5,6";4;175;1;"3";"III";TRUE;FALSE;FALSE;FALSE;FALSE;FALSE;FALSE;TRUE;FALSE;TRUE;"Np2O3";"Óxido Hiponeptunoso";"Óxido de Neptunio (III)";"Di";"Tri";"DiÓxido de TriNeptunium";"Dióxido de Trineptunium"
176;"Np";"Neptunium";93;3;7;"Metal";"Actinides";"???";"3,4,5,6";4;176;2;"4";"IV";TRUE;FALSE;FALSE;FALSE;FALSE;FALSE;FALSE;TRUE;FALSE;TRUE;"Np1O2";"Óxido Neptunoso";"Óxido de Neptunio (IV)";"Mono";"Di";"MonÓxido de DiNeptunium";"Monóxido de Dineptunium"
177;"Np";"Neptunium";93;3;7;"Metal";"Actinides";"???";"3,4,5,6";4;177;3;"5";"V";TRUE;FALSE;FALSE;FALSE;FALSE;FALSE;FALSE;TRUE;FALSE;TRUE;"Np2O5";"Óxido Neptúnico";"Óxido de Neptunio (V)";"Di";"Penta";"DiÓxido de PentaNeptunium";"Dióxido de Pentaneptunium"
178;"Np";"Neptunium";93;3;7;"Metal";"Actinides";"???";"3,4,5,6";4;178;4;"6";"VI";TRUE;FALSE;FALSE;FALSE;FALSE;FALSE;FALSE;TRUE;FALSE;TRUE;"Np1O3";"Óxido Perneptúnico";"Óxido de Neptunio (VI)";"Mono";"Tri";"MonÓxido de TriNeptunium";"Monóxido de Trineptunium"
179;"Pu";"Plutonium";94;3;7;"Metal";"Actinides";"???";"3,4,5,6";4;179;1;"3";"III";TRUE;FALSE;FALSE;FALSE;FALSE;FALSE;FALSE;TRUE;FALSE;TRUE;"Pu2O3";"Óxido Hipoplutonoso";"Óxido de Plutonio (III)";"Di";"Tri";"DiÓxido de TriPlutonium";"Dióxido de Triplutonium"
180;"Pu";"Plutonium";94;3;7;"Metal";"Actinides";"???";"3,4,5,6";4;180;2;"4";"IV";TRUE;FALSE;FALSE;FALSE;FALSE;FALSE;FALSE;TRUE;FALSE;TRUE;"Pu1O2";"Óxido Plutonoso";"Óxido de Plutonio (IV)";"Mono";"Di";"MonÓxido de DiPlutonium";"Monóxido de Diplutonium"
181;"Pu";"Plutonium";94;3;7;"Metal";"Actinides";"???";"3,4,5,6";4;181;3;"5";"V";TRUE;FALSE;FALSE;FALSE;FALSE;FALSE;FALSE;TRUE;FALSE;TRUE;"Pu2O5";"Óxido Plutónico";"Óxido de Plutonio (V)";"Di";"Penta";"DiÓxido de PentaPlutonium";"Dióxido de Pentaplutonium"
182;"Pu";"Plutonium";94;3;7;"Metal";"Actinides";"???";"3,4,5,6";4;182;4;"6";"VI";TRUE;FALSE;FALSE;FALSE;FALSE;FALSE;FALSE;TRUE;FALSE;TRUE;"Pu1O3";"Óxido Perplutónico";"Óxido de Plutonio (VI)";"Mono";"Tri";"MonÓxido de TriPlutonium";"Monóxido de Triplutonium"
183;"Am";"Americium";95;3;7;"Metal";"Actinides";"???";"3,4,5,6";4;183;1;"3";"III";TRUE;FALSE;FALSE;FALSE;FALSE;FALSE;FALSE;TRUE;FALSE;TRUE;"Am2O3";"Óxido Hipoamericoso";"Óxido de Americio (III)";"Di";"Tri";"DiÓxido de TriAmericium";"Dióxido de Triamericium"
184;"Am";"Americium";95;3;7;"Metal";"Actinides";"???";"3,4,5,6";4;184;2;"4";"IV";TRUE;FALSE;FALSE;FALSE;FALSE;FALSE;FALSE;TRUE;FALSE;TRUE;"Am1O2";"Óxido Americoso";"Óxido de Americio (IV)";"Mono";"Di";"MonÓxido de DiAmericium";"Monóxido de Diamericium"
185;"Am";"Americium";95;3;7;"Metal";"Actinides";"???";"3,4,5,6";4;185;3;"5";"V";TRUE;FALSE;FALSE;FALSE;FALSE;FALSE;FALSE;TRUE;FALSE;TRUE;"Am2O5";"Óxido Américo";"Óxido de Americio (V)";"Di";"Penta";"DiÓxido de PentAmericium";"Dióxido de Pentamericium"
186;"Am";"Americium";95;3;7;"Metal";"Actinides";"???";"3,4,5,6";4;186;4;"6";"VI";TRUE;FALSE;FALSE;FALSE;FALSE;FALSE;FALSE;TRUE;FALSE;TRUE;"Am1O3";"Óxido Peramérico";"Óxido de Americio (VI)";"Mono";"Tri";"MonÓxido de TriAmericium";"Monóxido de Triamericium"
187;"Cm";"Curium";96;3;7;"Metal";"Actinides";"???";"3";1;187;1;"3";"III";TRUE;FALSE;FALSE;FALSE;FALSE;FALSE;FALSE;TRUE;FALSE;TRUE;"Cm2O3";"Óxido de Curio";"Óxido de Curio (III)";"Di";"Tri";"DiÓxido de TriCurium";"Dióxido de Tricurium"
188;"Bk";"Berkelium";97;3;7;"Metal";"Actinides";"???";"3,4";2;188;1;"3";"III";TRUE;FALSE;FALSE;FALSE;FALSE;FALSE;FALSE;TRUE;FALSE;TRUE;"Bk2O3";"Óxido Berkeloso";"Óxido de Berkelio (III)";"Di";"Tri";"DiÓxido de TriBerkelium";"Dióxido de Triberkelium"
189;"Bk";"Berkelium";97;3;7;"Metal";"Actinides";"???";"3,4";2;189;2;"4";"IV";TRUE;FALSE;FALSE;FALSE;FALSE;FALSE;FALSE;TRUE;FALSE;TRUE;"Bk1O2";"Óxido Berkélico";"Óxido de Berkelio (IV)";"Mono";"Di";"MonÓxido de DiBerkelium";"Monóxido de Diberkelium"
190;"Cf";"Californium";98;3;7;"Metal";"Actinides";"???";"3";1;190;1;"3";"III";TRUE;FALSE;FALSE;FALSE;FALSE;FALSE;FALSE;TRUE;FALSE;TRUE;"Cf2O3";"Óxido de Californio";"Óxido de Californio (III)";"Di";"Tri";"DiÓxido de TriCalifornium";"Dióxido de Tricalifornium"
191;"Es";"Einsteinium";99;3;7;"Metal";"Actinides";"???";"4";1;191;1;"4";"IV";TRUE;FALSE;FALSE;FALSE;FALSE;FALSE;FALSE;TRUE;FALSE;TRUE;"Es1O2";"Óxido de Einstenio";"Óxido de Einstenio (IV)";"Mono";"Di";"MonÓxido de DiEinsteinium";"Monóxido de Dieinsteinium"
192;"Fm";"Fermium";100;3;7;"Metal";"Actinides";"???";"4";1;192;1;"4";"IV";TRUE;FALSE;FALSE;FALSE;FALSE;FALSE;FALSE;TRUE;FALSE;TRUE;"Fm1O2";"Óxido de Fermio";"Óxido de Fermio (IV)";"Mono";"Di";"MonÓxido de DiFermium";"Monóxido de Difermium"
193;"Md";"Mendelevium";101;3;7;"Metal";"Actinides";"???";"3,4";2;193;1;"3";"III";TRUE;FALSE;FALSE;FALSE;FALSE;FALSE;FALSE;TRUE;FALSE;TRUE;"Md2O3";"Óxido Mendelevoso";"Óxido de Mendelevio (III)";"Di";"Tri";"DiÓxido de TriMendelevium";"Dióxido de Trimendelevium"
194;"Md";"Mendelevium";101;3;7;"Metal";"Actinides";"???";"3,4";2;194;2;"4";"IV";TRUE;FALSE;FALSE;FALSE;FALSE;FALSE;FALSE;TRUE;FALSE;TRUE;"Md1O2";"Óxido Mendelévico";"Óxido de Mendelevio (IV)";"Mono";"Di";"MonÓxido de DiMendelevium";"Monóxido de Dimendelevium"
195;"No";"Nobelio";102;3;7;"Metal";"Actinides";"???";"3,4";2;195;1;"3";"III";TRUE;FALSE;FALSE;FALSE;FALSE;FALSE;FALSE;TRUE;FALSE;TRUE;"No2O3";"Óxido Nobeloso";"Óxido de Nobel (III)";"Di";"Tri";"DiÓxido de TriNobelio";"Dióxido de Trinobelio"
196;"No";"Nobelio";102;3;7;"Metal";"Actinides";"???";"3,4";2;196;2;"4";"IV";TRUE;FALSE;FALSE;FALSE;FALSE;FALSE;FALSE;TRUE;FALSE;TRUE;"No1O2";"Óxido Nobélico";"Óxido de Nobel (IV)";"Mono";"Di";"MonÓxido de DiNobelio";"Monóxido de Dinobelio"
197;"Lr";"Laurencio";103;3;7;"Metal";"Actinides";"???";"3,4";2;197;1;"3";"III";TRUE;FALSE;FALSE;FALSE;FALSE;FALSE;FALSE;TRUE;FALSE;TRUE;"Lr2O3";"Óxido Lauroso";"Óxido de Laurencio (III)";"Di";"Tri";"DiÓxido de TriLaurencio";"Dióxido de Trilaurencio"
198;"Lr";"Laurencio";103;3;7;"Metal";"Actinides";"???";"3,4";2;198;2;"4";"IV";TRUE;FALSE;FALSE;FALSE;FALSE;FALSE;FALSE;TRUE;FALSE;TRUE;"Lr1O2";"Óxido Láurico";"Óxido de Laurencio (IV)";"Mono";"Di";"MonÓxido de DiLaurencio";"Monóxido de Dilaurencio"
199;"Rf";"Rutherfordio";104;3;7;"Metal";"Actinides";"???";"4";1;199;1;"4";"IV";TRUE;FALSE;FALSE;FALSE;FALSE;FALSE;FALSE;TRUE;FALSE;TRUE;"Rf1O2";"Óxido de Rutherfordio";"Óxido de Rutherfordio (IV)";"Mono";"Di";"MonÓxido de DiRutherfordio";"Monóxido de Dirutherfordio"
200;"Db";"Dubnium";105;3;7;"Metal";"Actinides";"???";"4";1;200;1;"4";"IV";TRUE;FALSE;FALSE;FALSE;FALSE;FALSE;FALSE;TRUE;FALSE;TRUE;"Db1O2";"Óxido de Dubnio";"Óxido de Dubnio (IV)";"Mono";"Di";"MonÓxido de DiDubnium";"Monóxido de Didubnium"
201;"Sg";"Seaborgio";106;3;7;"Metal";"Actinides";"???";"4";1;201;1;"4";"IV";TRUE;FALSE;FALSE;FALSE;FALSE;FALSE;FALSE;TRUE;FALSE;TRUE;"Sg1O2";"Óxido de Seaborgio";"Óxido de Seaborgio (IV)";"Mono";"Di";"MonÓxido de DiSeaborgio";"Monóxido de Diseaborgio"
202;"Bh";"Bohrio";107;3;7;"Metal";"Actinides";"???";"3,4,5";3;202;1;"3";"III";TRUE;FALSE;FALSE;FALSE;FALSE;FALSE;FALSE;TRUE;FALSE;TRUE;"Bh2O3";"Óxido Hipobohroso";"Óxido de Bohrio (III)";"Di";"Tri";"DiÓxido de TriBohrio";"Dióxido de Tribohrio"
203;"Bh";"Bohrio";107;3;7;"Metal";"Actinides";"???";"3,4,5";3;203;2;"4";"IV";TRUE;FALSE;FALSE;FALSE;FALSE;FALSE;FALSE;TRUE;FALSE;TRUE;"Bh1O2";"Óxido Bohroso";"Óxido de Bohrio (IV)";"Mono";"Di";"MonÓxido de DiBohrio";"Monóxido de Dibohrio"
204;"Bh";"Bohrio";107;3;7;"Metal";"Actinides";"???";"3,4,5";3;204;3;"5";"V";TRUE;FALSE;FALSE;FALSE;FALSE;FALSE;FALSE;TRUE;FALSE;TRUE;"Bh2O5";"Óxido Bohrioico";"Óxido de Bohrio (V)";"Di";"Penta";"DiÓxido de PentaBohrio";"Dióxido de Pentabohrio"
205;"Hs";"Hassio";108;3;7;"Metal";"Actinides";"???";"2,4,6,7";4;205;1;"2";"II";TRUE;FALSE;FALSE;FALSE;FALSE;FALSE;FALSE;TRUE;FALSE;TRUE;"Hs1O1";"Óxido Hipohassoso";"Óxido de Hassio (II)";"Mono";"Mono";"MonÓxido de MonoHassio";"Monóxido de Monohassio"
206;"Hs";"Hassio";108;3;7;"Metal";"Actinides";"???";"2,4,6,7";4;206;2;"4";"IV";TRUE;FALSE;FALSE;FALSE;FALSE;FALSE;FALSE;TRUE;FALSE;TRUE;"Hs1O2";"Óxido Hassoso";"Óxido de Hassio (IV)";"Mono";"Di";"MonÓxido de DiHassio";"Monóxido de Dihassio"
207;"Hs";"Hassio";108;3;7;"Metal";"Actinides";"???";"2,4,6,7";4;207;3;"6";"VI";TRUE;FALSE;FALSE;FALSE;FALSE;FALSE;FALSE;TRUE;FALSE;TRUE;"Hs1O3";"Óxido Hassico";"Óxido de Hassio (VI)";"Mono";"Tri";"MonÓxido de TriHassio";"Monóxido de Trihassio"
208;"Hs";"Hassio";108;3;7;"Metal";"Actinides";"???";"2,4,6,7";4;208;4;"7";"VII";TRUE;FALSE;FALSE;FALSE;FALSE;FALSE;FALSE;TRUE;FALSE;TRUE;"Hs2O7";"Óxido Perhassico";"Óxido de Hassio (VII)";"Di";"Hepta";"DiÓxido de HeptaHassio";"Dióxido de Heptahassio"
209;"Mt";"Meitnerius";109;3;7;"Metal";"Actinides";"???";"2,3,4,6";4;209;1;"2";"II";TRUE;FALSE;FALSE;FALSE;FALSE;FALSE;FALSE;TRUE;FALSE;TRUE;"Mt1O1";"Óxido Hipomeitneroso";"Óxido de Meitnerio (II)";"Mono";"Mono";"MonÓxido de MonoMeitnerius";"Monóxido de Monomeitnerius"
210;"Mt";"Meitnerius";109;3;7;"Metal";"Actinides";"???";"2,3,4,6";4;210;2;"3";"III";TRUE;FALSE;FALSE;FALSE;FALSE;FALSE;FALSE;TRUE;FALSE;TRUE;"Mt2O3";"Óxido Meitneroso";"Óxido de Meitnerio (III)";"Di";"Tri";"DiÓxido de TriMeitnerius";"Dióxido de Trimeitnerius"
211;"Mt";"Meitnerius";109;3;7;"Metal";"Actinides";"???";"2,3,4,6";4;211;3;"4";"IV";TRUE;FALSE;FALSE;FALSE;FALSE;FALSE;FALSE;TRUE;FALSE;TRUE;"Mt1O2";"Óxido Meitnérico";"Óxido de Meitnerio (IV)";"Mono";"Di";"MonÓxido de DiMeitnerius";"Monóxido de Dimeitnerius"
212;"Mt";"Meitnerius";109;3;7;"Metal";"Actinides";"???";"2,3,4,6";4;212;4;"6";"VI";TRUE;FALSE;FALSE;FALSE;FALSE;FALSE;FALSE;TRUE;FALSE;TRUE;"Mt1O3";"Óxido Permeitnérico";"Óxido de Meitnerio (VI)";"Mono";"Tri";"MonÓxido de TriMeitnerius";"Monóxido de Trimeitnerius"
213;"Ds";"Darmstadtium";110;3;7;"Metal";"Actinides";"???";"2,4";2;213;1;"2";"II";TRUE;FALSE;FALSE;FALSE;FALSE;FALSE;FALSE;TRUE;FALSE;TRUE;"Ds1O1";"Óxido Darmstadtoso";"Óxido de Darmstadtio (II)";"Mono";"Mono";"MonÓxido de MonoDarmstadtium";"Monóxido de Monodarmstadtium"
214;"Ds";"Darmstadtium";110;3;7;"Metal";"Actinides";"???";"2,4";2;214;2;"4";"IV";TRUE;FALSE;FALSE;FALSE;FALSE;FALSE;FALSE;TRUE;FALSE;TRUE;"Ds1O2";"Óxido Darmstadtico";"Óxido de Darmstadtio (IV)";"Mono";"Di";"MonÓxido de DiDarmstadtium";"Monóxido de Didarmstadtium"
215;"Rg";"Roentgenio";111;3;7;"Metal";"Actinides";"???";"2,3";2;215;1;"2";"II";TRUE;FALSE;FALSE;FALSE;FALSE;FALSE;FALSE;TRUE;FALSE;TRUE;"Rg1O1";"Óxido Roentgenoso";"Óxido de Roentgenio (II)";"Mono";"Mono";"MonÓxido de MonoRoentgenio";"Monóxido de Monoroentgenio"
216;"Rg";"Roentgenio";111;3;7;"Metal";"Actinides";"???";"2,3";2;216;2;"3";"III";TRUE;FALSE;FALSE;FALSE;FALSE;FALSE;FALSE;TRUE;FALSE;TRUE;"Rg2O3";"Óxido Roentgénico";"Óxido de Roentgenio (III)";"Di";"Tri";"DiÓxido de TriRoentgenio";"Dióxido de Triroentgenio"
217;"Cn";"Copernicus";112;3;7;"Metal";"Actinides";"???";"1,2";2;217;1;"1";"I";TRUE;FALSE;FALSE;FALSE;FALSE;FALSE;FALSE;TRUE;FALSE;TRUE;"Cn2O1";"Óxido Copernicoso";"Óxido de Copérnico (I)";"Di";"Mono";"DiÓxido de MonoCopernicus";"Dióxido de Monocopernicus"
218;"Cn";"Copernicus";112;3;7;"Metal";"Actinides";"???";"1,2";2;218;2;"2";"II";TRUE;FALSE;FALSE;FALSE;FALSE;FALSE;FALSE;TRUE;FALSE;TRUE;"Cn1O1";"Óxido Copérnico";"Óxido de Copérnico (II)";"Mono";"Mono";"MonÓxido de MonoCopernicus";"Monóxido de Monocopernicus"
219;"Nh";"Nihonium";113;3;7;"Metal";"Actinides";"???";"3";1;219;1;"3";"III";TRUE;FALSE;FALSE;FALSE;FALSE;FALSE;FALSE;TRUE;FALSE;TRUE;"Nh2O3";"Óxido de Nihonio";"Óxido de Nihonio (III)";"Di";"Tri";"DiÓxido de TriNihonium";"Dióxido de Trinihonium"
220;"Fl";"Flerovio";114;3;7;"Metal";"Actinides";"???";"2,4,6";3;220;1;"2";"II";TRUE;FALSE;FALSE;FALSE;FALSE;FALSE;FALSE;TRUE;FALSE;TRUE;"Fl1O1";"Óxido Hipoflerovoso";"Óxido de Flerovio (II)";"Mono";"Mono";"MonÓxido de MonoFlerovio";"Monóxido de Monoflerovio"
221;"Fl";"Flerovio";114;3;7;"Metal";"Actinides";"???";"2,4,6";3;221;2;"4";"IV";TRUE;FALSE;FALSE;FALSE;FALSE;FALSE;FALSE;TRUE;FALSE;TRUE;"Fl1O2";"Óxido Flerovoso";"Óxido de Flerovio (IV)";"Mono";"Di";"MonÓxido de DiFlerovio";"Monóxido de Diflerovio"
222;"Fl";"Flerovio";114;3;7;"Metal";"Actinides";"???";"2,4,6";3;222;3;"6";"VI";TRUE;FALSE;FALSE;FALSE;FALSE;FALSE;FALSE;TRUE;FALSE;TRUE;"Fl1O3";"Óxido Fleróvico";"Óxido de Flerovio (VI)";"Mono";"Tri";"MonÓxido de TriFlerovio";"Monóxido de Triflerovio"
223;"Mc";"Moscovio";115;3;7;"Metal";"Actinides";"???";"1,4,5";3;223;1;"1";"I";TRUE;FALSE;FALSE;FALSE;FALSE;FALSE;FALSE;TRUE;FALSE;TRUE;"Mc2O1";"Óxido Hipomoscovioso";"Óxido de Moscovio (I)";"Di";"Mono";"DiÓxido de MonoMoscovio";"Dióxido de Monomoscovio"
224;"Mc";"Moscovio";115;3;7;"Metal";"Actinides";"???";"1,4,5";3;224;2;"4";"IV";TRUE;FALSE;FALSE;FALSE;FALSE;FALSE;FALSE;TRUE;FALSE;TRUE;"Mc1O2";"Óxido Moscovioso";"Óxido de Moscovio (IV)";"Mono";"Di";"MonÓxido de DiMoscovio";"Monóxido de Dimoscovio"
225;"Mc";"Moscovio";115;3;7;"Metal";"Actinides";"???";"1,4,5";3;225;3;"5";"V";TRUE;FALSE;FALSE;FALSE;FALSE;FALSE;FALSE;TRUE;FALSE;TRUE;"Mc2O5";"Óxido Moscóvico";"Óxido de Moscovio (V)";"Di";"Penta";"DiÓxido de PentaMoscovio";"Dióxido de Pentamoscovio"
226;"Lv";"Livermorio";116;3;7;"Metal";"Actinides";"???";"3,4,5";3;226;1;"3";"III";TRUE;FALSE;FALSE;FALSE;FALSE;FALSE;FALSE;TRUE;FALSE;TRUE;"Lv2O3";"Óxido Hipolivermoroso";"Óxido de Livermorio (III)";"Di";"Tri";"DiÓxido de TriLivermorio";"Dióxido de Trilivermorio"
227;"Lv";"Livermorio";116;3;7;"Metal";"Actinides";"???";"3,4,5";3;227;2;"4";"IV";TRUE;FALSE;FALSE;FALSE;FALSE;FALSE;FALSE;TRUE;FALSE;TRUE;"Lv1O2";"Óxido Livermoroso";"Óxido de Livermorio (IV)";"Mono";"Di";"MonÓxido de DiLivermorio";"Monóxido de Dilivermorio"
228;"Lv";"Livermorio";116;3;7;"Metal";"Actinides";"???";"3,4,5";3;228;3;"5";"V";TRUE;FALSE;FALSE;FALSE;FALSE;FALSE;FALSE;TRUE;FALSE;TRUE;"Lv2O5";"Óxido Livermórico";"Óxido de Livermorio (V)";"Di";"Penta";"DiÓxido de PentaLivermorio";"Dióxido de Pentalivermorio"
229;"Ts";"Tenesino";117;3;7;"Metal";"Actinides";"???";"1,2,3";3;229;1;"1";"I";TRUE;FALSE;FALSE;FALSE;FALSE;FALSE;FALSE;TRUE;FALSE;TRUE;"Ts2O1";"Óxido Hipotenesoso";"Óxido de Tenesino (I)";"Di";"Mono";"DiÓxido de MonoTenesino";"Dióxido de Monotenesino"
230;"Ts";"Tenesino";117;3;7;"Metal";"Actinides";"???";"1,2,3";3;230;2;"2";"II";TRUE;FALSE;FALSE;FALSE;FALSE;FALSE;FALSE;TRUE;FALSE;TRUE;"Ts1O1";"Óxido Tenesoso";"Óxido de Tenesino (II)";"Mono";"Mono";"MonÓxido de MonoTenesino";"Monóxido de Monotenesino"
231;"Ts";"Tenesino";117;3;7;"Metal";"Actinides";"???";"1,2,3";3;231;3;"3";"III";TRUE;FALSE;FALSE;FALSE;FALSE;FALSE;FALSE;TRUE;FALSE;TRUE;"Ts2O3";"Óxido Tenésico";"Óxido de Tenesino (III)";"Di";"Tri";"DiÓxido de TriTenesino";"Dióxido de Tritenesino"
232;"Og";"Oganeson";118;3;7;"Noble gas";"-";"Gas";"0";1;232;1;"0";"";FALSE;FALSE;FALSE;TRUE;FALSE;FALSE;TRUE;FALSE;FALSE;FALSE;"----";"";"----";"----";"----";"----";"----"
