"Order";"Symbol";"Name";"AtomicNumber";"Group";"Period";"Type";"Subtype";"State";"Valence";"AmountOfValences";"OrderGeneralValences";"OrderValenceOnElement";"SelectedValence";"RomanValence";"AtomicWeight._uma";"density_g_mL";"BoilingPoint";"FusionPoint";"Type_Metal";"Type_NonMetal";"Type_Metalloide";"Type_NobleGas";"State_Solid";"State_Liquid";"State_Gas";"State_Dude";"Subtype_Halogen";"ElementSelector01";"Status_oxyde"
1;"H";"Hidrgeno";1;1;1;"No Metal";"Otros no metales";"Gas";"1";1;1;1;"1";"I";1.007975;6.99e-5;-252.9;-259.1;FALSE;TRUE;FALSE;FALSE;FALSE;FALSE;TRUE;FALSE;FALSE;"  1 - H  - Hidrgeno";TRUE
2;"He";"Helio";2;18;1;"Gas Noble";"-";"Gas";"0";1;2;1;"0";"";4.002602;1.79e-4;-268.9;-272.2;FALSE;FALSE;FALSE;TRUE;FALSE;FALSE;TRUE;FALSE;FALSE;"  2 - He - Helio";FALSE
3;"Li";"Litio";3;1;2;"Metal";"Alcalino";"Slido";"1";1;3;1;"1";"I";6.9675;543;1342;180.5;TRUE;FALSE;FALSE;FALSE;TRUE;FALSE;FALSE;FALSE;FALSE;"  3 - Li - Litio";TRUE
4;"Be";"Berilio";4;2;2;"Metal";"Tierras alcalinas";"Slido";"2";1;4;1;"2";"II";9.0121831;1.85;2970;1278;TRUE;FALSE;FALSE;FALSE;TRUE;FALSE;FALSE;FALSE;FALSE;"  4 - Be - Berilio";TRUE
5;"B";"Boro";5;13;2;"Metaloide";"-";"Slido";"3";1;5;1;"3";"III";10.8135;2.34;2550;2079;FALSE;FALSE;FALSE;FALSE;TRUE;FALSE;FALSE;FALSE;FALSE;"  5 - B  - Boro";TRUE
6;"C";"Carbn";6;14;2;"No Metal";"Otros no metales";"Slido";"2,4";2;6;1;"2";"II";12.0106;2.25;4827;3367;FALSE;TRUE;FALSE;FALSE;TRUE;FALSE;FALSE;FALSE;FALSE;"  6 - C  - Carbn";TRUE
7;"C";"Carbn";6;14;2;"No Metal";"Otros no metales";"Slido";"2,4";2;7;2;"4";"IV";12.0106;2.25;4827;3367;FALSE;TRUE;FALSE;FALSE;TRUE;FALSE;FALSE;FALSE;FALSE;"  6 - C  - Carbn";TRUE
8;"N";"Nitrgeno";7;15;2;"No Metal";"Otros no metales";"Gas";"2,3,4,5";4;8;1;"2";"II";14.006855;0.00125;-195.8;-209.9;FALSE;TRUE;FALSE;FALSE;FALSE;FALSE;TRUE;FALSE;FALSE;"  7 - N  - Nitrgeno";TRUE
9;"N";"Nitrgeno";7;15;2;"No Metal";"Otros no metales";"Gas";"2,3,4,5";4;9;2;"3";"III";14.006855;0.00125;-195.8;-209.9;FALSE;TRUE;FALSE;FALSE;FALSE;FALSE;TRUE;FALSE;FALSE;"  7 - N  - Nitrgeno";TRUE
10;"N";"Nitrgeno";7;15;2;"No Metal";"Otros no metales";"Gas";"2,3,4,5";4;10;3;"4";"IV";14.006855;0.00125;-195.8;-209.9;FALSE;TRUE;FALSE;FALSE;FALSE;FALSE;TRUE;FALSE;FALSE;"  7 - N  - Nitrgeno";TRUE
11;"N";"Nitrgeno";7;15;2;"No Metal";"Otros no metales";"Gas";"2,3,4,5";4;11;4;"5";"V";14.006855;0.00125;-195.8;-209.9;FALSE;TRUE;FALSE;FALSE;FALSE;FALSE;TRUE;FALSE;FALSE;"  7 - N  - Nitrgeno";TRUE
12;"O";"Oxgeno";8;16;2;"No Metal";"Otros no metales";"Gas";"2";1;12;1;"2";"II";15.9994;0.00143;-183;-218.4;FALSE;TRUE;FALSE;FALSE;FALSE;FALSE;TRUE;FALSE;FALSE;"  8 - O  - Oxgeno";FALSE
13;"F";"Flor";9;17;2;"No Metal";"Halgenos";"Gas";"1";1;13;1;"1";"I";18.99840316;0.0017;-188.1;-219.8;FALSE;TRUE;FALSE;FALSE;FALSE;FALSE;TRUE;FALSE;TRUE;"  9 - F  - Flor";TRUE
14;"Ne";"Nen";10;18;2;"Gas Noble";"-";"Gas";"0";1;14;1;"0";"";20.1797;9e-4;-248.7;-248;FALSE;FALSE;FALSE;TRUE;FALSE;FALSE;TRUE;FALSE;FALSE;" 10 - Ne - Nen";FALSE
15;"Na";"Sodio";11;1;3;"Metal";"Alcalino";"Slido";"1";1;15;1;"1";"I";22.98976928;971;883;97.8;TRUE;FALSE;FALSE;FALSE;TRUE;FALSE;FALSE;FALSE;FALSE;" 11 - Na - Sodio";TRUE
16;"Mg";"Magnesio";12;2;3;"Metal";"Tierras alcalinas";"Slido";"2";1;16;1;"2";"II";24.3055;1.74;1090;649;TRUE;FALSE;FALSE;FALSE;TRUE;FALSE;FALSE;FALSE;FALSE;" 12 - Mg - Magnesio";TRUE
17;"Al";"Aluminio";13;13;3;"Metal";"Metales del Bloque p";"Slido";"3";1;17;1;"3";"III";26.9815385;2.7;2467;660;TRUE;FALSE;FALSE;FALSE;TRUE;FALSE;FALSE;FALSE;FALSE;" 13 - Al - Aluminio";TRUE
18;"Si";"Silicio";14;14;3;"Metaloide";"-";"Slido";"4";1;18;1;"4";"IV";28085;2.33;2355;1410;FALSE;FALSE;FALSE;FALSE;TRUE;FALSE;FALSE;FALSE;FALSE;" 14 - Si - Silicio";TRUE
19;"P";"Fsforo";15;15;3;"No Metal";"Otros no metales";"Slido";"3,4,5";3;19;1;"3";"III";30.973762;1.82;280;44.1;FALSE;TRUE;FALSE;FALSE;TRUE;FALSE;FALSE;FALSE;FALSE;" 15 - P  - Fsforo";TRUE
20;"P";"Fsforo";15;15;3;"No Metal";"Otros no metales";"Slido";"3,4,5";3;20;2;"4";"IV";30.973762;1.82;280;44.1;FALSE;TRUE;FALSE;FALSE;TRUE;FALSE;FALSE;FALSE;FALSE;" 15 - P  - Fsforo";TRUE
21;"P";"Fsforo";15;15;3;"No Metal";"Otros no metales";"Slido";"3,4,5";3;21;3;"5";"V";30.973762;1.82;280;44.1;FALSE;TRUE;FALSE;FALSE;TRUE;FALSE;FALSE;FALSE;FALSE;" 15 - P  - Fsforo";TRUE
22;"S";"Azufre";16;16;3;"No Metal";"Otros no metales";"Slido";"2,4,6";3;22;1;"2";"II";32.0675;2.07;444.7;112.8;FALSE;TRUE;FALSE;FALSE;TRUE;FALSE;FALSE;FALSE;FALSE;" 16 - S  - Azufre";TRUE
23;"S";"Azufre";16;16;3;"No Metal";"Otros no metales";"Slido";"2,4,6";3;23;2;"4";"IV";32.0675;2.07;444.7;112.8;FALSE;TRUE;FALSE;FALSE;TRUE;FALSE;FALSE;FALSE;FALSE;" 16 - S  - Azufre";TRUE
24;"S";"Azufre";16;16;3;"No Metal";"Otros no metales";"Slido";"2,4,6";3;24;3;"6";"VI";32.0675;2.07;444.7;112.8;FALSE;TRUE;FALSE;FALSE;TRUE;FALSE;FALSE;FALSE;FALSE;" 16 - S  - Azufre";TRUE
25;"Cl";"Cloro";17;17;3;"No Metal";"Halgenos";"Gas";"1,3,5,7";4;25;1;"1";"I";35.4515;0.00321;-34.6;-101;FALSE;TRUE;FALSE;FALSE;FALSE;FALSE;TRUE;FALSE;TRUE;" 17 - Cl - Cloro";TRUE
26;"Cl";"Cloro";17;17;3;"No Metal";"Halgenos";"Gas";"1,3,5,7";4;26;2;"3";"III";35.4515;0.00321;-34.6;-101;FALSE;TRUE;FALSE;FALSE;FALSE;FALSE;TRUE;FALSE;TRUE;" 17 - Cl - Cloro";TRUE
27;"Cl";"Cloro";17;17;3;"No Metal";"Halgenos";"Gas";"1,3,5,7";4;27;3;"5";"V";35.4515;0.00321;-34.6;-101;FALSE;TRUE;FALSE;FALSE;FALSE;FALSE;TRUE;FALSE;TRUE;" 17 - Cl - Cloro";TRUE
28;"Cl";"Cloro";17;17;3;"No Metal";"Halgenos";"Gas";"1,3,5,7";4;28;4;"7";"VII";35.4515;0.00321;-34.6;-101;FALSE;TRUE;FALSE;FALSE;FALSE;FALSE;TRUE;FALSE;TRUE;" 17 - Cl - Cloro";TRUE
29;"Ar";"Argn";18;18;3;"Gas Noble";"-";"Gas";"0";1;29;1;"0";"";39948;0.00178;-185.7;-189.2;FALSE;FALSE;FALSE;TRUE;FALSE;FALSE;TRUE;FALSE;FALSE;" 18 - Ar - Argn";FALSE
30;"K";"Potasio";19;1;4;"Metal";"Alcalino";"Slido";"1";1;30;1;"1";"I";39.0983;0.86;760;63.25;TRUE;FALSE;FALSE;FALSE;TRUE;FALSE;FALSE;FALSE;FALSE;" 19 - K  - Potasio";TRUE
31;"Ca";"Calcio";20;2;4;"Metal";"Tierras alcalinas";"Slido";"2";1;31;1;"2";"II";40078;1.55;1484;839;TRUE;FALSE;FALSE;FALSE;TRUE;FALSE;FALSE;FALSE;FALSE;" 20 - Ca - Calcio";TRUE
32;"Sc";"Escandio";21;3;4;"Metal";"Metales de transicin";"Slido";"3";1;32;1;"3";"III";44.955908;2.99;2832;1541;TRUE;FALSE;FALSE;FALSE;TRUE;FALSE;FALSE;FALSE;FALSE;" 21 - Sc - Escandio";TRUE
33;"Ti";"Titanio";22;4;4;"Metal";"Metales de transicin";"Slido";"3,4";2;33;1;"3";"III";47867;4.54;3287;1660;TRUE;FALSE;FALSE;FALSE;TRUE;FALSE;FALSE;FALSE;FALSE;" 22 - Ti - Titanio";TRUE
34;"Ti";"Titanio";22;4;4;"Metal";"Metales de transicin";"Slido";"3,4";2;34;2;"4";"IV";47867;4.54;3287;1660;TRUE;FALSE;FALSE;FALSE;TRUE;FALSE;FALSE;FALSE;FALSE;" 22 - Ti - Titanio";TRUE
35;"V";"Vanadio";23;5;4;"Metal";"Metales de transicin";"Slido";"2,3,4,5";4;35;1;"2";"II";50.9415;6.11;3380;1890;TRUE;FALSE;FALSE;FALSE;TRUE;FALSE;FALSE;FALSE;FALSE;" 23 - V  - Vanadio";TRUE
36;"V";"Vanadio";23;5;4;"Metal";"Metales de transicin";"Slido";"2,3,4,5";4;36;2;"3";"III";50.9415;6.11;3380;1890;TRUE;FALSE;FALSE;FALSE;TRUE;FALSE;FALSE;FALSE;FALSE;" 23 - V  - Vanadio";TRUE
37;"V";"Vanadio";23;5;4;"Metal";"Metales de transicin";"Slido";"2,3,4,5";4;37;3;"4";"IV";50.9415;6.11;3380;1890;TRUE;FALSE;FALSE;FALSE;TRUE;FALSE;FALSE;FALSE;FALSE;" 23 - V  - Vanadio";TRUE
38;"V";"Vanadio";23;5;4;"Metal";"Metales de transicin";"Slido";"2,3,4,5";4;38;4;"5";"V";50.9415;6.11;3380;1890;TRUE;FALSE;FALSE;FALSE;TRUE;FALSE;FALSE;FALSE;FALSE;" 23 - V  - Vanadio";TRUE
39;"Cr";"Cromo";24;6;4;"Metal";"Metales de transicin";"Slido";"2,3,6";3;39;1;"2";"II";51.9961;7.19;2672;1857;TRUE;FALSE;FALSE;FALSE;TRUE;FALSE;FALSE;FALSE;FALSE;" 24 - Cr - Cromo";TRUE
40;"Cr";"Cromo";24;6;4;"Metal";"Metales de transicin";"Slido";"2,3,6";3;40;2;"3";"III";51.9961;7.19;2672;1857;TRUE;FALSE;FALSE;FALSE;TRUE;FALSE;FALSE;FALSE;FALSE;" 24 - Cr - Cromo";TRUE
41;"Cr";"Cromo";24;6;4;"Metal";"Metales de transicin";"Slido";"2,3,6";3;41;3;"6";"VI";51.9961;7.19;2672;1857;TRUE;FALSE;FALSE;FALSE;TRUE;FALSE;FALSE;FALSE;FALSE;" 24 - Cr - Cromo";TRUE
42;"Mn";"Manganeso";25;7;4;"Metal";"Metales de transicin";"Slido";"2,3,4,6,7";5;42;1;"2";"II";54.938044;7.43;1962;1244;TRUE;FALSE;FALSE;FALSE;TRUE;FALSE;FALSE;FALSE;FALSE;" 25 - Mn - Manganeso";TRUE
43;"Mn";"Manganeso";25;7;4;"Metal";"Metales de transicin";"Slido";"2,3,4,6,7";5;43;2;"3";"III";54.938044;7.43;1962;1244;TRUE;FALSE;FALSE;FALSE;TRUE;FALSE;FALSE;FALSE;FALSE;" 25 - Mn - Manganeso";TRUE
44;"Mn";"Manganeso";25;7;4;"Metal";"Metales de transicin";"Slido";"2,3,4,6,7";5;44;3;"4";"IV";54.938044;7.43;1962;1244;TRUE;FALSE;FALSE;FALSE;TRUE;FALSE;FALSE;FALSE;FALSE;" 25 - Mn - Manganeso";TRUE
45;"Mn";"Manganeso";25;7;4;"Metal";"Metales de transicin";"Slido";"2,3,4,6,7";5;45;4;"6";"VI";54.938044;7.43;1962;1244;TRUE;FALSE;FALSE;FALSE;TRUE;FALSE;FALSE;FALSE;FALSE;" 25 - Mn - Manganeso";TRUE
46;"Mn";"Manganeso";25;7;4;"Metal";"Metales de transicin";"Slido";"2,3,4,6,7";5;46;5;"7";"VII";54.938044;7.43;1962;1244;TRUE;FALSE;FALSE;FALSE;TRUE;FALSE;FALSE;FALSE;FALSE;" 25 - Mn - Manganeso";TRUE
47;"Fe";"Hierro";26;8;4;"Metal";"Metales de transicin";"Slido";"2,3";2;47;1;"2";"II";55845;7.86;2750;1535;TRUE;FALSE;FALSE;FALSE;TRUE;FALSE;FALSE;FALSE;FALSE;" 26 - Fe - Hierro";TRUE
48;"Fe";"Hierro";26;8;4;"Metal";"Metales de transicin";"Slido";"2,3";2;48;2;"3";"III";55845;7.86;2750;1535;TRUE;FALSE;FALSE;FALSE;TRUE;FALSE;FALSE;FALSE;FALSE;" 26 - Fe - Hierro";TRUE
49;"Co";"Cobalto";27;9;4;"Metal";"Metales de transicin";"Slido";"2,3";2;49;1;"2";"II";58.933194;8.9;2870;1495;TRUE;FALSE;FALSE;FALSE;TRUE;FALSE;FALSE;FALSE;FALSE;" 27 - Co - Cobalto";TRUE
50;"Co";"Cobalto";27;9;4;"Metal";"Metales de transicin";"Slido";"2,3";2;50;2;"3";"III";58.933194;8.9;2870;1495;TRUE;FALSE;FALSE;FALSE;TRUE;FALSE;FALSE;FALSE;FALSE;" 27 - Co - Cobalto";TRUE
51;"Ni";"Nquel";28;10;4;"Metal";"Metales de transicin";"Slido";"2,3";2;51;1;"2";"II";58.6934;8.9;2730;1453;TRUE;FALSE;FALSE;FALSE;TRUE;FALSE;FALSE;FALSE;FALSE;" 28 - Ni - Nquel";TRUE
52;"Ni";"Nquel";28;10;4;"Metal";"Metales de transicin";"Slido";"2,3";2;52;2;"3";"III";58.6934;8.9;2730;1453;TRUE;FALSE;FALSE;FALSE;TRUE;FALSE;FALSE;FALSE;FALSE;" 28 - Ni - Nquel";TRUE
53;"Cu";"Cobre";29;11;4;"Metal";"Metales de transicin";"Slido";"1,2";2;53;1;"1";"I";63546;8.96;2567;1083;TRUE;FALSE;FALSE;FALSE;TRUE;FALSE;FALSE;FALSE;FALSE;" 29 - Cu - Cobre";TRUE
54;"Cu";"Cobre";29;11;4;"Metal";"Metales de transicin";"Slido";"1,2";2;54;2;"2";"II";63546;8.96;2567;1083;TRUE;FALSE;FALSE;FALSE;TRUE;FALSE;FALSE;FALSE;FALSE;" 29 - Cu - Cobre";TRUE
55;"Zn";"Zinc";30;12;4;"Metal";"Metales de transicin";"Slido";"2";1;55;1;"2";"II";65.38;7.13;906;419.6;TRUE;FALSE;FALSE;FALSE;TRUE;FALSE;FALSE;FALSE;FALSE;" 30 - Zn - Zinc";TRUE
56;"Ga";"Galio";31;13;4;"Metal";"Metales del Bloque p";"Lquido";"3";1;56;1;"3";"III";69723;5.9;2403;29.8;TRUE;FALSE;FALSE;FALSE;FALSE;TRUE;FALSE;FALSE;FALSE;" 31 - Ga - Galio";TRUE
57;"Ge";"Germanio";32;14;4;"Metaloide";"-";"Slido";"4";1;57;1;"4";"IV";72.63;5.32;2830;947.4;FALSE;FALSE;FALSE;FALSE;TRUE;FALSE;FALSE;FALSE;FALSE;" 32 - Ge - Germanio";TRUE
58;"As";"Arsnico";33;15;4;"Metaloide";"-";"Slido";"3,5";2;58;1;"3";"III";74.921595;5.73;617;817;FALSE;FALSE;FALSE;FALSE;TRUE;FALSE;FALSE;FALSE;FALSE;" 33 - As - Arsnico";TRUE
59;"As";"Arsnico";33;15;4;"Metaloide";"-";"Slido";"3,5";2;59;2;"5";"V";74.921595;5.73;617;817;FALSE;FALSE;FALSE;FALSE;TRUE;FALSE;FALSE;FALSE;FALSE;" 33 - As - Arsnico";TRUE
60;"Se";"Selenio";34;16;4;"No Metal";"Otros no metales";"Slido";"4,6";2;60;1;"4";"IV";78971;4.79;685;217;FALSE;TRUE;FALSE;FALSE;TRUE;FALSE;FALSE;FALSE;FALSE;" 34 - Se - Selenio";TRUE
61;"Se";"Selenio";34;16;4;"No Metal";"Otros no metales";"Slido";"4,6";2;61;2;"6";"VI";78971;4.79;685;217;FALSE;TRUE;FALSE;FALSE;TRUE;FALSE;FALSE;FALSE;FALSE;" 34 - Se - Selenio";TRUE
62;"Br";"Bromo";35;17;4;"No Metal";"Halgenos";"Lquido";"1,5";2;62;1;"1";"I";79904;3.12;58.8;-7.2;FALSE;TRUE;FALSE;FALSE;FALSE;TRUE;FALSE;FALSE;TRUE;" 35 - Br - Bromo";TRUE
63;"Br";"Bromo";35;17;4;"No Metal";"Halgenos";"Lquido";"1,5";2;63;2;"5";"V";79904;3.12;58.8;-7.2;FALSE;TRUE;FALSE;FALSE;FALSE;TRUE;FALSE;FALSE;TRUE;" 35 - Br - Bromo";TRUE
64;"Kr";"Criptn";36;18;4;"Gas Noble";"-";"Gas";"0";1;64;1;"0";"";83798;0.00374;-152;-157;FALSE;FALSE;FALSE;TRUE;FALSE;FALSE;TRUE;FALSE;FALSE;" 36 - Kr - Criptn";FALSE
65;"Rb";"Rubidio";37;1;5;"Metal";"Alcalino";"Slido";"1";1;65;1;"1";"I";85.4678;1.53;686;38.9;TRUE;FALSE;FALSE;FALSE;TRUE;FALSE;FALSE;FALSE;FALSE;" 37 - Rb - Rubidio";TRUE
66;"Sr";"Estroncio";38;2;5;"Metal";"Tierras alcalinas";"Slido";"2";1;66;1;"2";"II";87.62;2.54;1384;769;TRUE;FALSE;FALSE;FALSE;TRUE;FALSE;FALSE;FALSE;FALSE;" 38 - Sr - Estroncio";TRUE
67;"Y";"Yodo";39;3;5;"Metal";"Metales de transicin";"Slido";"3";1;67;1;"3";"III";88.90584;4.47;3337;1523;TRUE;FALSE;FALSE;FALSE;TRUE;FALSE;FALSE;FALSE;FALSE;" 39 - Y  - Yodo";TRUE
68;"Zr";"Circonio";40;4;5;"Metal";"Metales de transicin";"Slido";"4";1;68;1;"4";"IV";91224;6.51;4377;1852;TRUE;FALSE;FALSE;FALSE;TRUE;FALSE;FALSE;FALSE;FALSE;" 40 - Zr - Circonio";TRUE
69;"Nb";"Niobio";41;5;5;"Metal";"Metales de transicin";"Slido";"3,5";2;69;1;"3";"III";92.90637;8.57;4742;2468;TRUE;FALSE;FALSE;FALSE;TRUE;FALSE;FALSE;FALSE;FALSE;" 41 - Nb - Niobio";TRUE
70;"Nb";"Niobio";41;5;5;"Metal";"Metales de transicin";"Slido";"3,5";2;70;2;"5";"V";92.90637;8.57;4742;2468;TRUE;FALSE;FALSE;FALSE;TRUE;FALSE;FALSE;FALSE;FALSE;" 41 - Nb - Niobio";TRUE
71;"Mo";"Molibdeno";42;6;5;"Metal";"Metales de transicin";"Slido";"2,3,4,5,6";5;71;1;"2";"II";95.95;10.2;4612;2617;TRUE;FALSE;FALSE;FALSE;TRUE;FALSE;FALSE;FALSE;FALSE;" 42 - Mo - Molibdeno";TRUE
72;"Mo";"Molibdeno";42;6;5;"Metal";"Metales de transicin";"Slido";"2,3,4,5,6";5;72;2;"3";"III";95.95;10.2;4612;2617;TRUE;FALSE;FALSE;FALSE;TRUE;FALSE;FALSE;FALSE;FALSE;" 42 - Mo - Molibdeno";TRUE
73;"Mo";"Molibdeno";42;6;5;"Metal";"Metales de transicin";"Slido";"2,3,4,5,6";5;73;3;"4";"IV";95.95;10.2;4612;2617;TRUE;FALSE;FALSE;FALSE;TRUE;FALSE;FALSE;FALSE;FALSE;" 42 - Mo - Molibdeno";TRUE
74;"Mo";"Molibdeno";42;6;5;"Metal";"Metales de transicin";"Slido";"2,3,4,5,6";5;74;4;"5";"V";95.95;10.2;4612;2617;TRUE;FALSE;FALSE;FALSE;TRUE;FALSE;FALSE;FALSE;FALSE;" 42 - Mo - Molibdeno";TRUE
75;"Mo";"Molibdeno";42;6;5;"Metal";"Metales de transicin";"Slido";"2,3,4,5,6";5;75;5;"6";"VI";95.95;10.2;4612;2617;TRUE;FALSE;FALSE;FALSE;TRUE;FALSE;FALSE;FALSE;FALSE;" 42 - Mo - Molibdeno";TRUE
76;"Tc";"Tecnecio";43;7;5;"Metal";"Metales de transicin";"Slido";"7";1;76;1;"7";"VII";98;11.5;4877;2172;TRUE;FALSE;FALSE;FALSE;TRUE;FALSE;FALSE;FALSE;FALSE;" 43 - Tc - Tecnecio";TRUE
77;"Ru";"Rutenio";44;8;5;"Metal";"Metales de transicin";"Slido";"2,3,4,6,8";5;77;1;"2";"II";101.07;12.4;3900;2310;TRUE;FALSE;FALSE;FALSE;TRUE;FALSE;FALSE;FALSE;FALSE;" 44 - Ru - Rutenio";TRUE
78;"Ru";"Rutenio";44;8;5;"Metal";"Metales de transicin";"Slido";"2,3,4,6,8";5;78;2;"3";"III";101.07;12.4;3900;2310;TRUE;FALSE;FALSE;FALSE;TRUE;FALSE;FALSE;FALSE;FALSE;" 44 - Ru - Rutenio";TRUE
79;"Ru";"Rutenio";44;8;5;"Metal";"Metales de transicin";"Slido";"2,3,4,6,8";5;79;3;"4";"IV";101.07;12.4;3900;2310;TRUE;FALSE;FALSE;FALSE;TRUE;FALSE;FALSE;FALSE;FALSE;" 44 - Ru - Rutenio";TRUE
80;"Ru";"Rutenio";44;8;5;"Metal";"Metales de transicin";"Slido";"2,3,4,6,8";5;80;4;"6";"VI";101.07;12.4;3900;2310;TRUE;FALSE;FALSE;FALSE;TRUE;FALSE;FALSE;FALSE;FALSE;" 44 - Ru - Rutenio";TRUE
81;"Ru";"Rutenio";44;8;5;"Metal";"Metales de transicin";"Slido";"2,3,4,6,8";5;81;5;"8";"VIII";101.07;12.4;3900;2310;TRUE;FALSE;FALSE;FALSE;TRUE;FALSE;FALSE;FALSE;FALSE;" 44 - Ru - Rutenio";TRUE
82;"Rh";"Rodio";45;9;5;"Metal";"Metales de transicin";"Slido";"2,3,4";3;82;1;"2";"II";102.9055;12.4;3727;1966;TRUE;FALSE;FALSE;FALSE;TRUE;FALSE;FALSE;FALSE;FALSE;" 45 - Rh - Rodio";TRUE
83;"Rh";"Rodio";45;9;5;"Metal";"Metales de transicin";"Slido";"2,3,4";3;83;2;"3";"III";102.9055;12.4;3727;1966;TRUE;FALSE;FALSE;FALSE;TRUE;FALSE;FALSE;FALSE;FALSE;" 45 - Rh - Rodio";TRUE
84;"Rh";"Rodio";45;9;5;"Metal";"Metales de transicin";"Slido";"2,3,4";3;84;3;"4";"IV";102.9055;12.4;3727;1966;TRUE;FALSE;FALSE;FALSE;TRUE;FALSE;FALSE;FALSE;FALSE;" 45 - Rh - Rodio";TRUE
85;"Pd";"Paladio";46;10;5;"Metal";"Metales de transicin";"Slido";"2,4";2;85;1;"2";"II";106.42;12;3140;1554;TRUE;FALSE;FALSE;FALSE;TRUE;FALSE;FALSE;FALSE;FALSE;" 46 - Pd - Paladio";TRUE
86;"Pd";"Paladio";46;10;5;"Metal";"Metales de transicin";"Slido";"2,4";2;86;2;"4";"IV";106.42;12;3140;1554;TRUE;FALSE;FALSE;FALSE;TRUE;FALSE;FALSE;FALSE;FALSE;" 46 - Pd - Paladio";TRUE
87;"Ag";"Plata";47;11;5;"Metal";"Metales de transicin";"Slido";"1";1;87;1;"1";"I";107.8682;10.5;2212;962;TRUE;FALSE;FALSE;FALSE;TRUE;FALSE;FALSE;FALSE;FALSE;" 47 - Ag - Plata";TRUE
88;"Cd";"Cadmio";48;12;5;"Metal";"Metales de transicin";"Slido";"2";1;88;1;"2";"II";112414;8.65;765;320.9;TRUE;FALSE;FALSE;FALSE;TRUE;FALSE;FALSE;FALSE;FALSE;" 48 - Cd - Cadmio";TRUE
89;"In";"Indio";49;13;5;"Metal";"Metales del Bloque p";"Slido";"3";1;89;1;"3";"III";114818;7.31;2080;156.6;TRUE;FALSE;FALSE;FALSE;TRUE;FALSE;FALSE;FALSE;FALSE;" 49 - In - Indio";TRUE
90;"Sn";"Estao";50;14;5;"Metal";"Metales del Bloque p";"Slido";"2,4";2;90;1;"2";"II";118.71;7.31;2270;232;TRUE;FALSE;FALSE;FALSE;TRUE;FALSE;FALSE;FALSE;FALSE;" 50 - Sn - Estao";TRUE
91;"Sn";"Estao";50;14;5;"Metal";"Metales del Bloque p";"Slido";"2,4";2;91;2;"4";"IV";118.71;7.31;2270;232;TRUE;FALSE;FALSE;FALSE;TRUE;FALSE;FALSE;FALSE;FALSE;" 50 - Sn - Estao";TRUE
92;"Sb";"Antimonio";51;15;5;"Metaloide";"-";"Slido";"3,5";2;92;1;"3";"III";121.76;6.69;1950;631;FALSE;FALSE;FALSE;FALSE;TRUE;FALSE;FALSE;FALSE;FALSE;" 51 - Sb - Antimonio";TRUE
93;"Sb";"Antimonio";51;15;5;"Metaloide";"-";"Slido";"3,5";2;93;2;"5";"V";121.76;6.69;1950;631;FALSE;FALSE;FALSE;FALSE;TRUE;FALSE;FALSE;FALSE;FALSE;" 51 - Sb - Antimonio";TRUE
94;"Te";"Telurio";52;16;5;"Metaloide";"-";"Slido";"2,4,6";3;94;1;"2";"II";127.6;6.24;989.8;449.5;FALSE;FALSE;FALSE;FALSE;TRUE;FALSE;FALSE;FALSE;FALSE;" 52 - Te - Telurio";TRUE
95;"Te";"Telurio";52;16;5;"Metaloide";"-";"Slido";"2,4,6";3;95;2;"4";"IV";127.6;6.24;989.8;449.5;FALSE;FALSE;FALSE;FALSE;TRUE;FALSE;FALSE;FALSE;FALSE;" 52 - Te - Telurio";TRUE
96;"Te";"Telurio";52;16;5;"Metaloide";"-";"Slido";"2,4,6";3;96;3;"6";"VI";127.6;6.24;989.8;449.5;FALSE;FALSE;FALSE;FALSE;TRUE;FALSE;FALSE;FALSE;FALSE;" 52 - Te - Telurio";TRUE
97;"I";"Yodo";53;17;5;"No Metal";"Halgenos";"Slido";"1,5,7";3;97;1;"1";"I";126.90447;4.93;184;113.5;FALSE;TRUE;FALSE;FALSE;TRUE;FALSE;FALSE;FALSE;TRUE;" 53 - I  - Yodo";TRUE
98;"I";"Yodo";53;17;5;"No Metal";"Halgenos";"Slido";"1,5,7";3;98;2;"5";"V";126.90447;4.93;184;113.5;FALSE;TRUE;FALSE;FALSE;TRUE;FALSE;FALSE;FALSE;TRUE;" 53 - I  - Yodo";TRUE
99;"I";"Yodo";53;17;5;"No Metal";"Halgenos";"Slido";"1,5,7";3;99;3;"7";"VII";126.90447;4.93;184;113.5;FALSE;TRUE;FALSE;FALSE;TRUE;FALSE;FALSE;FALSE;TRUE;" 53 - I  - Yodo";TRUE
100;"Xe";"Xenn";54;18;5;"Gas Noble";"-";"Gas";"0";1;100;1;"0";"";131293;0.00589;-107.1;-111.8;FALSE;FALSE;FALSE;TRUE;FALSE;FALSE;TRUE;FALSE;FALSE;" 54 - Xe - Xenn";FALSE
101;"Cs";"Cesio";55;1;6;"Metal";"Alcalino";"Lquido";"1";1;101;1;"1";"I";132.905452;1.87;669;28.4;TRUE;FALSE;FALSE;FALSE;FALSE;TRUE;FALSE;FALSE;FALSE;" 55 - Cs - Cesio";TRUE
102;"Ba";"Bario";56;2;6;"Metal";"Tierras alcalinas";"Slido";"2";1;102;1;"2";"II";137327;3.5;1640;725;TRUE;FALSE;FALSE;FALSE;TRUE;FALSE;FALSE;FALSE;FALSE;" 56 - Ba - Bario";TRUE
103;"La";"Lantano";57;3;6;"Metal";"Lantnidos";"Slido";"3";1;103;1;"3";"III";138.90547;6.15;3454;920;TRUE;FALSE;FALSE;FALSE;TRUE;FALSE;FALSE;FALSE;FALSE;" 57 - La - Lantano";TRUE
104;"Ce";"Cerio";58;3;6;"Metal";"Lantnidos";"Slido";"3,4";2;104;1;"3";"III";140116;6.66;3257;798;TRUE;FALSE;FALSE;FALSE;TRUE;FALSE;FALSE;FALSE;FALSE;" 58 - Ce - Cerio";TRUE
105;"Ce";"Cerio";58;3;6;"Metal";"Lantnidos";"Slido";"3,4";2;105;2;"4";"IV";140116;6.66;3257;798;TRUE;FALSE;FALSE;FALSE;TRUE;FALSE;FALSE;FALSE;FALSE;" 58 - Ce - Cerio";TRUE
106;"Pr";"Praseodimio";59;3;6;"Metal";"Lantnidos";"Slido";"3,4";2;106;1;"3";"III";140.90766;6.77;3017;931;TRUE;FALSE;FALSE;FALSE;TRUE;FALSE;FALSE;FALSE;FALSE;" 59 - Pr - Praseodimio";TRUE
107;"Pr";"Praseodimio";59;3;6;"Metal";"Lantnidos";"Slido";"3,4";2;107;2;"4";"IV";140.90766;6.77;3017;931;TRUE;FALSE;FALSE;FALSE;TRUE;FALSE;FALSE;FALSE;FALSE;" 59 - Pr - Praseodimio";TRUE
108;"Nd";"Neodimio";60;3;6;"Metal";"Lantnidos";"Slido";"3";1;108;1;"3";"III";144242;7;3127;1016;TRUE;FALSE;FALSE;FALSE;TRUE;FALSE;FALSE;FALSE;FALSE;" 60 - Nd - Neodimio";TRUE
109;"Pm";"Promesa";61;3;6;"Metal";"Lantnidos";"Slido";"3";1;109;1;"3";"III";145;7.26;3000;1042;TRUE;FALSE;FALSE;FALSE;TRUE;FALSE;FALSE;FALSE;FALSE;" 61 - Pm - Promesa";TRUE
110;"Sm";"Samario";62;3;6;"Metal";"Lantnidos";"Slido";"2,3";2;110;1;"2";"II";150.36;7.52;1794;1074;TRUE;FALSE;FALSE;FALSE;TRUE;FALSE;FALSE;FALSE;FALSE;" 62 - Sm - Samario";TRUE
111;"Sm";"Samario";62;3;6;"Metal";"Lantnidos";"Slido";"2,3";2;111;2;"3";"III";150.36;7.52;1794;1074;TRUE;FALSE;FALSE;FALSE;TRUE;FALSE;FALSE;FALSE;FALSE;" 62 - Sm - Samario";TRUE
112;"Eu";"Europio";63;3;6;"Metal";"Lantnidos";"Slido";"2,3";2;112;1;"2";"II";151964;5.24;1529;822;TRUE;FALSE;FALSE;FALSE;TRUE;FALSE;FALSE;FALSE;FALSE;" 63 - Eu - Europio";TRUE
113;"Eu";"Europio";63;3;6;"Metal";"Lantnidos";"Slido";"2,3";2;113;2;"3";"III";151964;5.24;1529;822;TRUE;FALSE;FALSE;FALSE;TRUE;FALSE;FALSE;FALSE;FALSE;" 63 - Eu - Europio";TRUE
114;"Gd";"Gadolinio";64;3;6;"Metal";"Lantnidos";"Slido";"3";1;114;1;"3";"III";157.25;7.9;3273;1313;TRUE;FALSE;FALSE;FALSE;TRUE;FALSE;FALSE;FALSE;FALSE;" 64 - Gd - Gadolinio";TRUE
115;"Tb";"Terbio";65;3;6;"Metal";"Lantnidos";"Slido";"3,4";2;115;1;"3";"III";158.92535;8.23;3230;1365;TRUE;FALSE;FALSE;FALSE;TRUE;FALSE;FALSE;FALSE;FALSE;" 65 - Tb - Terbio";TRUE
116;"Tb";"Terbio";65;3;6;"Metal";"Lantnidos";"Slido";"3,4";2;116;2;"4";"IV";158.92535;8.23;3230;1365;TRUE;FALSE;FALSE;FALSE;TRUE;FALSE;FALSE;FALSE;FALSE;" 65 - Tb - Terbio";TRUE
117;"Dy";"Disprosio";66;3;6;"Metal";"Lantnidos";"Slido";"3";1;117;1;"3";"III";162.5;8.55;2567;1412;TRUE;FALSE;FALSE;FALSE;TRUE;FALSE;FALSE;FALSE;FALSE;" 66 - Dy - Disprosio";TRUE
118;"Ho";"Holmio";67;3;6;"Metal";"Lantnidos";"Slido";"3";1;118;1;"3";"III";164.93033;8.8;2700;1474;TRUE;FALSE;FALSE;FALSE;TRUE;FALSE;FALSE;FALSE;FALSE;" 67 - Ho - Holmio";TRUE
119;"Er";"Erbio";68;3;6;"Metal";"Lantnidos";"Slido";"3";1;119;1;"3";"III";167259;9.07;2868;1529;TRUE;FALSE;FALSE;FALSE;TRUE;FALSE;FALSE;FALSE;FALSE;" 68 - Er - Erbio";TRUE
120;"Tm";"Tulio";69;3;6;"Metal";"Lantnidos";"Slido";"3,2";2;120;2;"3";"III";168.93422;9.32;1950;1545;TRUE;FALSE;FALSE;FALSE;TRUE;FALSE;FALSE;FALSE;FALSE;" 69 - Tm - Tulio";TRUE
121;"Tm";"Tulio";69;3;6;"Metal";"Lantnidos";"Slido";"3,2";2;121;1;"2";"II";168.93422;9.32;1950;1545;TRUE;FALSE;FALSE;FALSE;TRUE;FALSE;FALSE;FALSE;FALSE;" 69 - Tm - Tulio";TRUE
122;"Yb";"Iterbio";70;3;6;"Metal";"Lantnidos";"Slido";"2,3";2;122;1;"2";"II";173054;6.97;1196;819;TRUE;FALSE;FALSE;FALSE;TRUE;FALSE;FALSE;FALSE;FALSE;" 70 - Yb - Iterbio";TRUE
123;"Yb";"Iterbio";70;3;6;"Metal";"Lantnidos";"Slido";"2,3";2;123;2;"3";"III";173054;6.97;1196;819;TRUE;FALSE;FALSE;FALSE;TRUE;FALSE;FALSE;FALSE;FALSE;" 70 - Yb - Iterbio";TRUE
124;"Lu";"Lutecio";71;3;6;"Metal";"Lantnidos";"Slido";"3";1;124;1;"3";"III";174.9668;9.84;3402;1663;TRUE;FALSE;FALSE;FALSE;TRUE;FALSE;FALSE;FALSE;FALSE;" 71 - Lu - Lutecio";TRUE
125;"Hf";"Hafnio";72;4;6;"Metal";"Lantnidos";"Slido";"4";1;125;1;"4";"IV";178.49;13.3;4600;2227;TRUE;FALSE;FALSE;FALSE;TRUE;FALSE;FALSE;FALSE;FALSE;" 72 - Hf - Hafnio";TRUE
126;"Ta";"Tantalio";73;5;6;"Metal";"Lantnidos";"Slido";"5";1;126;1;"5";"V";180.94788;16.6;5425;2996;TRUE;FALSE;FALSE;FALSE;TRUE;FALSE;FALSE;FALSE;FALSE;" 73 - Ta - Tantalio";TRUE
127;"W";"Tungsteno";74;6;6;"Metal";"Lantnidos";"Slido";"2,3,4,5,6";5;127;1;"2";"II";183.84;19.3;5660;3410;TRUE;FALSE;FALSE;FALSE;TRUE;FALSE;FALSE;FALSE;FALSE;" 74 - W  - Tungsteno";TRUE
128;"W";"Tungsteno";74;6;6;"Metal";"Lantnidos";"Slido";"2,3,4,5,6";5;128;2;"3";"III";183.84;19.3;5660;3410;TRUE;FALSE;FALSE;FALSE;TRUE;FALSE;FALSE;FALSE;FALSE;" 74 - W  - Tungsteno";TRUE
129;"W";"Tungsteno";74;6;6;"Metal";"Lantnidos";"Slido";"2,3,4,5,6";5;129;3;"4";"IV";183.84;19.3;5660;3410;TRUE;FALSE;FALSE;FALSE;TRUE;FALSE;FALSE;FALSE;FALSE;" 74 - W  - Tungsteno";TRUE
130;"W";"Tungsteno";74;6;6;"Metal";"Lantnidos";"Slido";"2,3,4,5,6";5;130;4;"5";"V";183.84;19.3;5660;3410;TRUE;FALSE;FALSE;FALSE;TRUE;FALSE;FALSE;FALSE;FALSE;" 74 - W  - Tungsteno";TRUE
131;"W";"Tungsteno";74;6;6;"Metal";"Lantnidos";"Slido";"2,3,4,5,6";5;131;5;"6";"VI";183.84;19.3;5660;3410;TRUE;FALSE;FALSE;FALSE;TRUE;FALSE;FALSE;FALSE;FALSE;" 74 - W  - Tungsteno";TRUE
132;"Re";"Renio";75;7;6;"Metal";"Lantnidos";"Slido";"1,2,4,6,7";5;132;1;"1";"I";186207;21;5600;3180;TRUE;FALSE;FALSE;FALSE;TRUE;FALSE;FALSE;FALSE;FALSE;" 75 - Re - Renio";TRUE
133;"Re";"Renio";75;7;6;"Metal";"Lantnidos";"Slido";"1,2,4,6,7";5;133;2;"2";"II";186207;21;5600;3180;TRUE;FALSE;FALSE;FALSE;TRUE;FALSE;FALSE;FALSE;FALSE;" 75 - Re - Renio";TRUE
134;"Re";"Renio";75;7;6;"Metal";"Lantnidos";"Slido";"1,2,4,6,7";5;134;3;"4";"IV";186207;21;5600;3180;TRUE;FALSE;FALSE;FALSE;TRUE;FALSE;FALSE;FALSE;FALSE;" 75 - Re - Renio";TRUE
135;"Re";"Renio";75;7;6;"Metal";"Lantnidos";"Slido";"1,2,4,6,7";5;135;4;"6";"VI";186207;21;5600;3180;TRUE;FALSE;FALSE;FALSE;TRUE;FALSE;FALSE;FALSE;FALSE;" 75 - Re - Renio";TRUE
136;"Re";"Renio";75;7;6;"Metal";"Lantnidos";"Slido";"1,2,4,6,7";5;136;5;"7";"VII";186207;21;5600;3180;TRUE;FALSE;FALSE;FALSE;TRUE;FALSE;FALSE;FALSE;FALSE;" 75 - Re - Renio";TRUE
137;"Os";"Osmio";76;8;6;"Metal";"Lantnidos";"Slido";"2,3,4,6,8";5;137;1;"2";"II";190.23;22.6;5030;3045;TRUE;FALSE;FALSE;FALSE;TRUE;FALSE;FALSE;FALSE;FALSE;" 76 - Os - Osmio";TRUE
138;"Os";"Osmio";76;8;6;"Metal";"Lantnidos";"Slido";"2,3,4,6,8";5;138;2;"3";"III";190.23;22.6;5030;3045;TRUE;FALSE;FALSE;FALSE;TRUE;FALSE;FALSE;FALSE;FALSE;" 76 - Os - Osmio";TRUE
139;"Os";"Osmio";76;8;6;"Metal";"Lantnidos";"Slido";"2,3,4,6,8";5;139;3;"4";"IV";190.23;22.6;5030;3045;TRUE;FALSE;FALSE;FALSE;TRUE;FALSE;FALSE;FALSE;FALSE;" 76 - Os - Osmio";TRUE
140;"Os";"Osmio";76;8;6;"Metal";"Lantnidos";"Slido";"2,3,4,6,8";5;140;4;"6";"VI";190.23;22.6;5030;3045;TRUE;FALSE;FALSE;FALSE;TRUE;FALSE;FALSE;FALSE;FALSE;" 76 - Os - Osmio";TRUE
141;"Os";"Osmio";76;8;6;"Metal";"Lantnidos";"Slido";"2,3,4,6,8";5;141;5;"8";"VIII";190.23;22.6;5030;3045;TRUE;FALSE;FALSE;FALSE;TRUE;FALSE;FALSE;FALSE;FALSE;" 76 - Os - Osmio";TRUE
142;"Ir";"Iridio";77;9;6;"Metal";"Lantnidos";"Slido";"2,3,4,6";4;142;1;"2";"II";192217;22.4;4130;2410;TRUE;FALSE;FALSE;FALSE;TRUE;FALSE;FALSE;FALSE;FALSE;" 77 - Ir - Iridio";TRUE
143;"Ir";"Iridio";77;9;6;"Metal";"Lantnidos";"Slido";"2,3,4,6";4;143;2;"3";"III";192217;22.4;4130;2410;TRUE;FALSE;FALSE;FALSE;TRUE;FALSE;FALSE;FALSE;FALSE;" 77 - Ir - Iridio";TRUE
144;"Ir";"Iridio";77;9;6;"Metal";"Lantnidos";"Slido";"2,3,4,6";4;144;3;"4";"IV";192217;22.4;4130;2410;TRUE;FALSE;FALSE;FALSE;TRUE;FALSE;FALSE;FALSE;FALSE;" 77 - Ir - Iridio";TRUE
145;"Ir";"Iridio";77;9;6;"Metal";"Lantnidos";"Slido";"2,3,4,6";4;145;4;"6";"VI";192217;22.4;4130;2410;TRUE;FALSE;FALSE;FALSE;TRUE;FALSE;FALSE;FALSE;FALSE;" 77 - Ir - Iridio";TRUE
146;"Pt";"Platino";78;10;6;"Metal";"Lantnidos";"Slido";"2,4";2;146;1;"2";"II";195084;21.4;3827;1772;TRUE;FALSE;FALSE;FALSE;TRUE;FALSE;FALSE;FALSE;FALSE;" 78 - Pt - Platino";TRUE
147;"Pt";"Platino";78;10;6;"Metal";"Lantnidos";"Slido";"2,4";2;147;2;"4";"IV";195084;21.4;3827;1772;TRUE;FALSE;FALSE;FALSE;TRUE;FALSE;FALSE;FALSE;FALSE;" 78 - Pt - Platino";TRUE
148;"Au";"Oro";79;11;6;"Metal";"Lantnidos";"Slido";"1,3";2;148;1;"1";"I";196.966569;19.3;3080;1064;TRUE;FALSE;FALSE;FALSE;TRUE;FALSE;FALSE;FALSE;FALSE;" 79 - Au - Oro";TRUE
149;"Au";"Oro";79;11;6;"Metal";"Lantnidos";"Slido";"1,3";2;149;2;"3";"III";196.966569;19.3;3080;1064;TRUE;FALSE;FALSE;FALSE;TRUE;FALSE;FALSE;FALSE;FALSE;" 79 - Au - Oro";TRUE
150;"Hg";"Mercurio";80;12;6;"Metal";"Lantnidos";"Lquido";"1,2";2;150;1;"1";"I";200592;13.5;357;-38.9;TRUE;FALSE;FALSE;FALSE;FALSE;TRUE;FALSE;FALSE;FALSE;" 80 - Hg - Mercurio";TRUE
151;"Hg";"Mercurio";80;12;6;"Metal";"Lantnidos";"Lquido";"1,2";2;151;2;"2";"II";200592;13.5;357;-38.9;TRUE;FALSE;FALSE;FALSE;FALSE;TRUE;FALSE;FALSE;FALSE;" 80 - Hg - Mercurio";TRUE
152;"Tl";"Talio";81;13;6;"Metal";"Lantnidos";"Slido";"1,3";2;152;1;"1";"I";204.3835;11.9;1457;303;TRUE;FALSE;FALSE;FALSE;TRUE;FALSE;FALSE;FALSE;FALSE;" 81 - Tl - Talio";TRUE
153;"Tl";"Talio";81;13;6;"Metal";"Lantnidos";"Slido";"1,3";2;153;2;"3";"III";204.3835;11.9;1457;303;TRUE;FALSE;FALSE;FALSE;TRUE;FALSE;FALSE;FALSE;FALSE;" 81 - Tl - Talio";TRUE
154;"Pb";"Dirigir";82;14;6;"Metal";"Lantnidos";"Slido";"2,4";2;154;1;"2";"II";207.2;11.4;1740;327.5;TRUE;FALSE;FALSE;FALSE;TRUE;FALSE;FALSE;FALSE;FALSE;" 82 - Pb - Dirigir";TRUE
155;"Pb";"Dirigir";82;14;6;"Metal";"Lantnidos";"Slido";"2,4";2;155;2;"4";"IV";207.2;11.4;1740;327.5;TRUE;FALSE;FALSE;FALSE;TRUE;FALSE;FALSE;FALSE;FALSE;" 82 - Pb - Dirigir";TRUE
156;"Bi";"Bismuto";83;15;6;"Metal";"Lantnidos";"Slido";"3,5";2;156;1;"3";"III";208.9804;9.75;1560;271;TRUE;FALSE;FALSE;FALSE;TRUE;FALSE;FALSE;FALSE;FALSE;" 83 - Bi - Bismuto";TRUE
157;"Bi";"Bismuto";83;15;6;"Metal";"Lantnidos";"Slido";"3,5";2;157;2;"5";"V";208.9804;9.75;1560;271;TRUE;FALSE;FALSE;FALSE;TRUE;FALSE;FALSE;FALSE;FALSE;" 83 - Bi - Bismuto";TRUE
158;"Po";"Polonio";84;16;6;"Metaloide";"-";"Slido";"2,4";2;158;1;"2";"II";209;9.32;962;254;FALSE;FALSE;FALSE;FALSE;TRUE;FALSE;FALSE;FALSE;FALSE;" 84 - Po - Polonio";TRUE
159;"Po";"Polonio";84;16;6;"Metaloide";"-";"Slido";"2,4";2;159;2;"4";"IV";209;9.32;962;254;FALSE;FALSE;FALSE;FALSE;TRUE;FALSE;FALSE;FALSE;FALSE;" 84 - Po - Polonio";TRUE
160;"At";"Aestado";85;17;6;"No Metal";"Halgenos";"Slido";"1,3,5,7";4;160;1;"1";"I";210;NA;337;302;FALSE;TRUE;FALSE;FALSE;TRUE;FALSE;FALSE;FALSE;TRUE;" 85 - At - Aestado";TRUE
161;"At";"Aestado";85;17;6;"No Metal";"Halgenos";"Slido";"1,3,5,7";4;161;2;"3";"III";210;NA;337;302;FALSE;TRUE;FALSE;FALSE;TRUE;FALSE;FALSE;FALSE;TRUE;" 85 - At - Aestado";TRUE
162;"At";"Aestado";85;17;6;"No Metal";"Halgenos";"Slido";"1,3,5,7";4;162;3;"5";"V";210;NA;337;302;FALSE;TRUE;FALSE;FALSE;TRUE;FALSE;FALSE;FALSE;TRUE;" 85 - At - Aestado";TRUE
163;"At";"Aestado";85;17;6;"No Metal";"Halgenos";"Slido";"1,3,5,7";4;163;4;"7";"VII";210;NA;337;302;FALSE;TRUE;FALSE;FALSE;TRUE;FALSE;FALSE;FALSE;TRUE;" 85 - At - Aestado";TRUE
164;"Rn";"Radn";86;18;6;"Gas Noble";"-";"Gas";"0";1;164;1;"0";"";222;0.00973;-61.8;-71;FALSE;FALSE;FALSE;TRUE;FALSE;FALSE;TRUE;FALSE;FALSE;" 86 - Rn - Radn";FALSE
165;"Fr";"Francisco";87;1;7;"Metal";"Alcalino";"Lquido";"1";1;165;1;"1";"I";223;NA;677;27;TRUE;FALSE;FALSE;FALSE;FALSE;TRUE;FALSE;FALSE;FALSE;" 87 - Fr - Francisco";TRUE
166;"Ra";"Radio";88;2;7;"Metal";"Tierras alcalinas";"Slido";"2";1;166;1;"2";"II";226;5;1140;700;TRUE;FALSE;FALSE;FALSE;TRUE;FALSE;FALSE;FALSE;FALSE;" 88 - Ra - Radio";TRUE
167;"Ac";"Actinio";89;3;7;"Metal";"Actnidos";"Slido";"3";1;167;1;"3";"III";227;10.1;3200;1050;TRUE;FALSE;FALSE;FALSE;TRUE;FALSE;FALSE;FALSE;FALSE;" 89 - Ac - Actinio";TRUE
168;"Th";"Torio";90;3;7;"Metal";"Actnidos";"Slido";"4";1;168;1;"4";"IV";232.0377;11.7;4790;1750;TRUE;FALSE;FALSE;FALSE;TRUE;FALSE;FALSE;FALSE;FALSE;" 90 - Th - Torio";TRUE
169;"Pa";"Protactinio";91;3;7;"Metal";"Actnidos";"Slido";"4,5";2;169;1;"4";"IV";231.03588;15.4;4000;1570;TRUE;FALSE;FALSE;FALSE;TRUE;FALSE;FALSE;FALSE;FALSE;" 91 - Pa - Protactinio";TRUE
170;"Pa";"Protactinio";91;3;7;"Metal";"Actnidos";"Slido";"4,5";2;170;2;"5";"V";231.03588;15.4;4000;1570;TRUE;FALSE;FALSE;FALSE;TRUE;FALSE;FALSE;FALSE;FALSE;" 91 - Pa - Protactinio";TRUE
171;"U";"Uranio";92;3;7;"Metal";"Actnidos";"Slido";"3,4,5,6";4;171;1;"3";"III";238.02891;19;3818;1132;TRUE;FALSE;FALSE;FALSE;TRUE;FALSE;FALSE;FALSE;FALSE;" 92 - U  - Uranio";TRUE
172;"U";"Uranio";92;3;7;"Metal";"Actnidos";"Slido";"3,4,5,6";4;172;2;"4";"IV";238.02891;19;3818;1132;TRUE;FALSE;FALSE;FALSE;TRUE;FALSE;FALSE;FALSE;FALSE;" 92 - U  - Uranio";TRUE
173;"U";"Uranio";92;3;7;"Metal";"Actnidos";"Slido";"3,4,5,6";4;173;3;"5";"V";238.02891;19;3818;1132;TRUE;FALSE;FALSE;FALSE;TRUE;FALSE;FALSE;FALSE;FALSE;" 92 - U  - Uranio";TRUE
174;"U";"Uranio";92;3;7;"Metal";"Actnidos";"Slido";"3,4,5,6";4;174;4;"6";"VI";238.02891;19;3818;1132;TRUE;FALSE;FALSE;FALSE;TRUE;FALSE;FALSE;FALSE;FALSE;" 92 - U  - Uranio";TRUE
175;"Np";"Neptunio";93;3;7;"Metal";"Actnidos";"???";"3,4,5,6";4;175;1;"3";"III";237;20.2;3900;640;TRUE;FALSE;FALSE;FALSE;FALSE;FALSE;FALSE;TRUE;FALSE;" 93 - Np - Neptunio";TRUE
176;"Np";"Neptunio";93;3;7;"Metal";"Actnidos";"???";"3,4,5,6";4;176;2;"4";"IV";237;20.2;3900;640;TRUE;FALSE;FALSE;FALSE;FALSE;FALSE;FALSE;TRUE;FALSE;" 93 - Np - Neptunio";TRUE
177;"Np";"Neptunio";93;3;7;"Metal";"Actnidos";"???";"3,4,5,6";4;177;3;"5";"V";237;20.2;3900;640;TRUE;FALSE;FALSE;FALSE;FALSE;FALSE;FALSE;TRUE;FALSE;" 93 - Np - Neptunio";TRUE
178;"Np";"Neptunio";93;3;7;"Metal";"Actnidos";"???";"3,4,5,6";4;178;4;"6";"VI";237;20.2;3900;640;TRUE;FALSE;FALSE;FALSE;FALSE;FALSE;FALSE;TRUE;FALSE;" 93 - Np - Neptunio";TRUE
179;"Pu";"Plutonio";94;3;7;"Metal";"Actnidos";"???";"3,4,5,6";4;179;1;"3";"III";244;19.8;3232;641;TRUE;FALSE;FALSE;FALSE;FALSE;FALSE;FALSE;TRUE;FALSE;" 94 - Pu - Plutonio";TRUE
180;"Pu";"Plutonio";94;3;7;"Metal";"Actnidos";"???";"3,4,5,6";4;180;2;"4";"IV";244;19.8;3232;641;TRUE;FALSE;FALSE;FALSE;FALSE;FALSE;FALSE;TRUE;FALSE;" 94 - Pu - Plutonio";TRUE
181;"Pu";"Plutonio";94;3;7;"Metal";"Actnidos";"???";"3,4,5,6";4;181;3;"5";"V";244;19.8;3232;641;TRUE;FALSE;FALSE;FALSE;FALSE;FALSE;FALSE;TRUE;FALSE;" 94 - Pu - Plutonio";TRUE
182;"Pu";"Plutonio";94;3;7;"Metal";"Actnidos";"???";"3,4,5,6";4;182;4;"6";"VI";244;19.8;3232;641;TRUE;FALSE;FALSE;FALSE;FALSE;FALSE;FALSE;TRUE;FALSE;" 94 - Pu - Plutonio";TRUE
183;"Am";"Americio";95;3;7;"Metal";"Actnidos";"???";"3,4,5,6";4;183;1;"3";"III";243;13.7;2607;994;TRUE;FALSE;FALSE;FALSE;FALSE;FALSE;FALSE;TRUE;FALSE;" 95 - Am - Americio";TRUE
184;"Am";"Americio";95;3;7;"Metal";"Actnidos";"???";"3,4,5,6";4;184;2;"4";"IV";243;13.7;2607;994;TRUE;FALSE;FALSE;FALSE;FALSE;FALSE;FALSE;TRUE;FALSE;" 95 - Am - Americio";TRUE
185;"Am";"Americio";95;3;7;"Metal";"Actnidos";"???";"3,4,5,6";4;185;3;"5";"V";243;13.7;2607;994;TRUE;FALSE;FALSE;FALSE;FALSE;FALSE;FALSE;TRUE;FALSE;" 95 - Am - Americio";TRUE
186;"Am";"Americio";95;3;7;"Metal";"Actnidos";"???";"3,4,5,6";4;186;4;"6";"VI";243;13.7;2607;994;TRUE;FALSE;FALSE;FALSE;FALSE;FALSE;FALSE;TRUE;FALSE;" 95 - Am - Americio";TRUE
187;"Cm";"Curio";96;3;7;"Metal";"Actnidos";"???";"3";1;187;1;"3";"III";247;13.5;NA;1340;TRUE;FALSE;FALSE;FALSE;FALSE;FALSE;FALSE;TRUE;FALSE;" 96 - Cm - Curio";TRUE
188;"Bk";"Berkelio";97;3;7;"Metal";"Actnidos";"???";"3,4";2;188;1;"3";"III";247;14;NA;986;TRUE;FALSE;FALSE;FALSE;FALSE;FALSE;FALSE;TRUE;FALSE;" 97 - Bk - Berkelio";TRUE
189;"Bk";"Berkelio";97;3;7;"Metal";"Actnidos";"???";"3,4";2;189;2;"4";"IV";247;14;NA;986;TRUE;FALSE;FALSE;FALSE;FALSE;FALSE;FALSE;TRUE;FALSE;" 97 - Bk - Berkelio";TRUE
190;"Cf";"Californio";98;3;7;"Metal";"Actnidos";"???";"3";1;190;1;"3";"III";251;NA;NA;NA;TRUE;FALSE;FALSE;FALSE;FALSE;FALSE;FALSE;TRUE;FALSE;" 98 - Cf - Californio";TRUE
191;"Es";"Einstenio";99;3;7;"Metal";"Actnidos";"???";"4";1;191;1;"4";"IV";252;NA;NA;NA;TRUE;FALSE;FALSE;FALSE;FALSE;FALSE;FALSE;TRUE;FALSE;" 99 - Es - Einstenio";TRUE
192;"Fm";"Fermio";100;3;7;"Metal";"Actnidos";"???";"4";1;192;1;"4";"IV";257;NA;NA;NA;TRUE;FALSE;FALSE;FALSE;FALSE;FALSE;FALSE;TRUE;FALSE;"100 - Fm - Fermio";TRUE
193;"Md";"Mendelevio";101;3;7;"Metal";"Actnidos";"???";"3,4";2;193;1;"3";"III";258;NA;NA;NA;TRUE;FALSE;FALSE;FALSE;FALSE;FALSE;FALSE;TRUE;FALSE;"101 - Md - Mendelevio";TRUE
194;"Md";"Mendelevio";101;3;7;"Metal";"Actnidos";"???";"3,4";2;194;2;"4";"IV";258;NA;NA;NA;TRUE;FALSE;FALSE;FALSE;FALSE;FALSE;FALSE;TRUE;FALSE;"101 - Md - Mendelevio";TRUE
195;"No";"Nobel";102;3;7;"Metal";"Actnidos";"???";"3,4";2;195;1;"3";"III";259;NA;NA;NA;TRUE;FALSE;FALSE;FALSE;FALSE;FALSE;FALSE;TRUE;FALSE;"102 - No - Nobel";TRUE
196;"No";"Nobel";102;3;7;"Metal";"Actnidos";"???";"3,4";2;196;2;"4";"IV";259;NA;NA;NA;TRUE;FALSE;FALSE;FALSE;FALSE;FALSE;FALSE;TRUE;FALSE;"102 - No - Nobel";TRUE
197;"Lr";"Laurencio";103;3;7;"Metal";"Actnidos";"???";"3,4";2;197;1;"3";"III";262;NA;NA;NA;TRUE;FALSE;FALSE;FALSE;FALSE;FALSE;FALSE;TRUE;FALSE;"103 - Lr - Laurencio";TRUE
198;"Lr";"Laurencio";103;3;7;"Metal";"Actnidos";"???";"3,4";2;198;2;"4";"IV";262;NA;NA;NA;TRUE;FALSE;FALSE;FALSE;FALSE;FALSE;FALSE;TRUE;FALSE;"103 - Lr - Laurencio";TRUE
199;"Rf";"Rutherfordio";104;3;7;"Metal";"Actnidos";"???";"4";1;199;1;"4";"IV";267;NA;NA;NA;TRUE;FALSE;FALSE;FALSE;FALSE;FALSE;FALSE;TRUE;FALSE;"104 - Rf - Rutherfordio";TRUE
200;"Db";"Dubnio";105;3;7;"Metal";"Actnidos";"???";"4";1;200;1;"4";"IV";268;NA;NA;NA;TRUE;FALSE;FALSE;FALSE;FALSE;FALSE;FALSE;TRUE;FALSE;"105 - Db - Dubnio";TRUE
201;"Sg";"Seaborgio";106;3;7;"Metal";"Actnidos";"???";"4";1;201;1;"4";"IV";271;NA;NA;NA;TRUE;FALSE;FALSE;FALSE;FALSE;FALSE;FALSE;TRUE;FALSE;"106 - Sg - Seaborgio";TRUE
202;"Bh";"Bohrio";107;3;7;"Metal";"Actnidos";"???";"3,4,5";3;202;1;"3";"III";272;NA;NA;NA;TRUE;FALSE;FALSE;FALSE;FALSE;FALSE;FALSE;TRUE;FALSE;"107 - Bh - Bohrio";TRUE
203;"Bh";"Bohrio";107;3;7;"Metal";"Actnidos";"???";"3,4,5";3;203;2;"4";"IV";272;NA;NA;NA;TRUE;FALSE;FALSE;FALSE;FALSE;FALSE;FALSE;TRUE;FALSE;"107 - Bh - Bohrio";TRUE
204;"Bh";"Bohrio";107;3;7;"Metal";"Actnidos";"???";"3,4,5";3;204;3;"5";"V";272;NA;NA;NA;TRUE;FALSE;FALSE;FALSE;FALSE;FALSE;FALSE;TRUE;FALSE;"107 - Bh - Bohrio";TRUE
205;"Hs";"Hassio";108;3;7;"Metal";"Actnidos";"???";"2,4,6,7";4;205;1;"2";"II";270;NA;NA;NA;TRUE;FALSE;FALSE;FALSE;FALSE;FALSE;FALSE;TRUE;FALSE;"108 - Hs - Hassio";TRUE
206;"Hs";"Hassio";108;3;7;"Metal";"Actnidos";"???";"2,4,6,7";4;206;2;"4";"IV";270;NA;NA;NA;TRUE;FALSE;FALSE;FALSE;FALSE;FALSE;FALSE;TRUE;FALSE;"108 - Hs - Hassio";TRUE
207;"Hs";"Hassio";108;3;7;"Metal";"Actnidos";"???";"2,4,6,7";4;207;3;"6";"VI";270;NA;NA;NA;TRUE;FALSE;FALSE;FALSE;FALSE;FALSE;FALSE;TRUE;FALSE;"108 - Hs - Hassio";TRUE
208;"Hs";"Hassio";108;3;7;"Metal";"Actnidos";"???";"2,4,6,7";4;208;4;"7";"VII";270;NA;NA;NA;TRUE;FALSE;FALSE;FALSE;FALSE;FALSE;FALSE;TRUE;FALSE;"108 - Hs - Hassio";TRUE
209;"Mt";"Meitnerio";109;3;7;"Metal";"Actnidos";"???";"2,3,4,6";4;209;1;"2";"II";276;NA;NA;NA;TRUE;FALSE;FALSE;FALSE;FALSE;FALSE;FALSE;TRUE;FALSE;"109 - Mt - Meitnerio";TRUE
210;"Mt";"Meitnerio";109;3;7;"Metal";"Actnidos";"???";"2,3,4,6";4;210;2;"3";"III";276;NA;NA;NA;TRUE;FALSE;FALSE;FALSE;FALSE;FALSE;FALSE;TRUE;FALSE;"109 - Mt - Meitnerio";TRUE
211;"Mt";"Meitnerio";109;3;7;"Metal";"Actnidos";"???";"2,3,4,6";4;211;3;"4";"IV";276;NA;NA;NA;TRUE;FALSE;FALSE;FALSE;FALSE;FALSE;FALSE;TRUE;FALSE;"109 - Mt - Meitnerio";TRUE
212;"Mt";"Meitnerio";109;3;7;"Metal";"Actnidos";"???";"2,3,4,6";4;212;4;"6";"VI";276;NA;NA;NA;TRUE;FALSE;FALSE;FALSE;FALSE;FALSE;FALSE;TRUE;FALSE;"109 - Mt - Meitnerio";TRUE
213;"Ds";"Darmstadtio";110;3;7;"Metal";"Actnidos";"???";"2,4";2;213;1;"2";"II";281;NA;NA;NA;TRUE;FALSE;FALSE;FALSE;FALSE;FALSE;FALSE;TRUE;FALSE;"110 - Ds - Darmstadtio";TRUE
214;"Ds";"Darmstadtio";110;3;7;"Metal";"Actnidos";"???";"2,4";2;214;2;"4";"IV";281;NA;NA;NA;TRUE;FALSE;FALSE;FALSE;FALSE;FALSE;FALSE;TRUE;FALSE;"110 - Ds - Darmstadtio";TRUE
215;"Rg";"Roentgenio";111;3;7;"Metal";"Actnidos";"???";"2,3";2;215;1;"2";"II";280;NA;NA;NA;TRUE;FALSE;FALSE;FALSE;FALSE;FALSE;FALSE;TRUE;FALSE;"111 - Rg - Roentgenio";TRUE
216;"Rg";"Roentgenio";111;3;7;"Metal";"Actnidos";"???";"2,3";2;216;2;"3";"III";280;NA;NA;NA;TRUE;FALSE;FALSE;FALSE;FALSE;FALSE;FALSE;TRUE;FALSE;"111 - Rg - Roentgenio";TRUE
217;"Cn";"Coprnico";112;3;7;"Metal";"Actnidos";"???";"1,2";2;217;1;"1";"I";285;NA;NA;NA;TRUE;FALSE;FALSE;FALSE;FALSE;FALSE;FALSE;TRUE;FALSE;"112 - Cn - Coprnico";TRUE
218;"Cn";"Coprnico";112;3;7;"Metal";"Actnidos";"???";"1,2";2;218;2;"2";"II";285;NA;NA;NA;TRUE;FALSE;FALSE;FALSE;FALSE;FALSE;FALSE;TRUE;FALSE;"112 - Cn - Coprnico";TRUE
219;"Nh";"Nihonio";113;3;7;"Metal";"Actnidos";"???";"3";1;219;1;"3";"III";284;NA;NA;NA;TRUE;FALSE;FALSE;FALSE;FALSE;FALSE;FALSE;TRUE;FALSE;"113 - Nh - Nihonio";TRUE
220;"Fl";"Flerovio";114;3;7;"Metal";"Actnidos";"???";"2,4,6";3;220;1;"2";"II";289;NA;NA;NA;TRUE;FALSE;FALSE;FALSE;FALSE;FALSE;FALSE;TRUE;FALSE;"114 - Fl - Flerovio";TRUE
221;"Fl";"Flerovio";114;3;7;"Metal";"Actnidos";"???";"2,4,6";3;221;2;"4";"IV";289;NA;NA;NA;TRUE;FALSE;FALSE;FALSE;FALSE;FALSE;FALSE;TRUE;FALSE;"114 - Fl - Flerovio";TRUE
222;"Fl";"Flerovio";114;3;7;"Metal";"Actnidos";"???";"2,4,6";3;222;3;"6";"VI";289;NA;NA;NA;TRUE;FALSE;FALSE;FALSE;FALSE;FALSE;FALSE;TRUE;FALSE;"114 - Fl - Flerovio";TRUE
223;"Mc";"Moscovio";115;3;7;"Metal";"Actnidos";"???";"1,4,5";3;223;1;"1";"I";288;NA;NA;NA;TRUE;FALSE;FALSE;FALSE;FALSE;FALSE;FALSE;TRUE;FALSE;"115 - Mc - Moscovio";TRUE
224;"Mc";"Moscovio";115;3;7;"Metal";"Actnidos";"???";"1,4,5";3;224;2;"4";"IV";288;NA;NA;NA;TRUE;FALSE;FALSE;FALSE;FALSE;FALSE;FALSE;TRUE;FALSE;"115 - Mc - Moscovio";TRUE
225;"Mc";"Moscovio";115;3;7;"Metal";"Actnidos";"???";"1,4,5";3;225;3;"5";"V";288;NA;NA;NA;TRUE;FALSE;FALSE;FALSE;FALSE;FALSE;FALSE;TRUE;FALSE;"115 - Mc - Moscovio";TRUE
226;"Lv";"Livermorio";116;3;7;"Metal";"Actnidos";"???";"3,4,5";3;226;1;"3";"III";293;NA;NA;NA;TRUE;FALSE;FALSE;FALSE;FALSE;FALSE;FALSE;TRUE;FALSE;"116 - Lv - Livermorio";TRUE
227;"Lv";"Livermorio";116;3;7;"Metal";"Actnidos";"???";"3,4,5";3;227;2;"4";"IV";293;NA;NA;NA;TRUE;FALSE;FALSE;FALSE;FALSE;FALSE;FALSE;TRUE;FALSE;"116 - Lv - Livermorio";TRUE
228;"Lv";"Livermorio";116;3;7;"Metal";"Actnidos";"???";"3,4,5";3;228;3;"5";"V";293;NA;NA;NA;TRUE;FALSE;FALSE;FALSE;FALSE;FALSE;FALSE;TRUE;FALSE;"116 - Lv - Livermorio";TRUE
229;"Ts";"Tenesino";117;3;7;"Metal";"Actnidos";"???";"1,2,3";3;229;1;"1";"I";292;NA;NA;NA;TRUE;FALSE;FALSE;FALSE;FALSE;FALSE;FALSE;TRUE;FALSE;"117 - Ts - Tenesino";TRUE
230;"Ts";"Tenesino";117;3;7;"Metal";"Actnidos";"???";"1,2,3";3;230;2;"2";"II";292;NA;NA;NA;TRUE;FALSE;FALSE;FALSE;FALSE;FALSE;FALSE;TRUE;FALSE;"117 - Ts - Tenesino";TRUE
231;"Ts";"Tenesino";117;3;7;"Metal";"Actnidos";"???";"1,2,3";3;231;3;"3";"III";292;NA;NA;NA;TRUE;FALSE;FALSE;FALSE;FALSE;FALSE;FALSE;TRUE;FALSE;"117 - Ts - Tenesino";TRUE
232;"Og";"Oganesn";118;3;7;"Gas Noble";"-";"Gas";"0";1;232;1;"0";"";294;NA;NA;NA;FALSE;FALSE;FALSE;TRUE;FALSE;FALSE;TRUE;FALSE;FALSE;"118 - Og - Oganesn";FALSE
