"Order";"Symbol";"Name";"AtomicNumber";"Group";"Period";"Type";"Subtype";"State";"Valence";"AmountOfValences";"OrderGeneralValences";"OrdenOnElement";"EachValence";"Type_Metal";"Type_NonMetal";"Type_Metalloide";"Type_NobleGas";"State_Solid";"State_Liquid";"State_Gas";"State_Dude";"Subtype_Halogen";"Status_oxyde";"ChemFormule"
1;"H";"Hydrogen";1;1;1;"Non-metal";"Other Non-Metals";"Gas";"1";1;1;1;1;FALSE;TRUE;FALSE;FALSE;FALSE;FALSE;TRUE;FALSE;FALSE;TRUE;"H2O1"
2;"He";"Helium";2;18;1;"Noble gas";"-";"Gas";"0";1;2;1;0;FALSE;FALSE;FALSE;TRUE;FALSE;FALSE;TRUE;FALSE;FALSE;FALSE;"----"
3;"Li";"Lithium";3;1;2;"Metal";"Alkaline";"Solid";"1";1;3;1;1;TRUE;FALSE;FALSE;FALSE;TRUE;FALSE;FALSE;FALSE;FALSE;TRUE;"Li2O1"
4;"Be";"Beryllium";4;2;2;"Metal";"Alkaline earths";"Solid";"2";1;4;1;2;TRUE;FALSE;FALSE;FALSE;TRUE;FALSE;FALSE;FALSE;FALSE;TRUE;"Be1O1"
5;"B";"Boron";5;13;2;"Metalloid";"-";"Solid";"3";1;5;1;3;FALSE;FALSE;FALSE;FALSE;TRUE;FALSE;FALSE;FALSE;FALSE;TRUE;"B2O3"
6;"C";"Carbon";6;14;2;"Non-metal";"Other Non-Metals";"Solid";"2,4";2;6;1;2;FALSE;TRUE;FALSE;FALSE;TRUE;FALSE;FALSE;FALSE;FALSE;TRUE;"C1O1"
6;"C";"Carbon";6;14;2;"Non-metal";"Other Non-Metals";"Solid";"2,4";2;7;2;4;FALSE;TRUE;FALSE;FALSE;TRUE;FALSE;FALSE;FALSE;FALSE;TRUE;"C1O2"
7;"N";"Nitrogen";7;15;2;"Non-metal";"Other Non-Metals";"Gas";"2,3,4,5";4;8;1;2;FALSE;TRUE;FALSE;FALSE;FALSE;FALSE;TRUE;FALSE;FALSE;TRUE;"N1O1"
7;"N";"Nitrogen";7;15;2;"Non-metal";"Other Non-Metals";"Gas";"2,3,4,5";4;9;2;3;FALSE;TRUE;FALSE;FALSE;FALSE;FALSE;TRUE;FALSE;FALSE;TRUE;"N2O3"
7;"N";"Nitrogen";7;15;2;"Non-metal";"Other Non-Metals";"Gas";"2,3,4,5";4;10;3;4;FALSE;TRUE;FALSE;FALSE;FALSE;FALSE;TRUE;FALSE;FALSE;TRUE;"N1O2"
7;"N";"Nitrogen";7;15;2;"Non-metal";"Other Non-Metals";"Gas";"2,3,4,5";4;11;4;5;FALSE;TRUE;FALSE;FALSE;FALSE;FALSE;TRUE;FALSE;FALSE;TRUE;"N2O5"
8;"O";"Oxygen";8;16;2;"Non-metal";"Other Non-Metals";"Gas";"2";1;12;1;2;FALSE;TRUE;FALSE;FALSE;FALSE;FALSE;TRUE;FALSE;FALSE;TRUE;"O1O1"
9;"F";"Fluorine";9;17;2;"Non-metal";"Halogens";"Gas";"1";1;13;1;1;FALSE;TRUE;FALSE;FALSE;FALSE;FALSE;TRUE;FALSE;TRUE;TRUE;"F2O1"
10;"Ne";"Neon";10;18;2;"Noble gas";"-";"Gas";"0";1;14;1;0;FALSE;FALSE;FALSE;TRUE;FALSE;FALSE;TRUE;FALSE;FALSE;FALSE;"----"
11;"Na";"Sodium";11;1;3;"Metal";"Alkaline";"Solid";"1";1;15;1;1;TRUE;FALSE;FALSE;FALSE;TRUE;FALSE;FALSE;FALSE;FALSE;TRUE;"Na2O1"
12;"Mg";"Magnesium";12;2;3;"Metal";"Alkaline earths";"Solid";"2";1;16;1;2;TRUE;FALSE;FALSE;FALSE;TRUE;FALSE;FALSE;FALSE;FALSE;TRUE;"Mg1O1"
13;"Al";"Aluminum";13;13;3;"Metal";"Metals from Block p";"Solid";"3";1;17;1;3;TRUE;FALSE;FALSE;FALSE;TRUE;FALSE;FALSE;FALSE;FALSE;TRUE;"Al2O3"
14;"Si";"Silicon";14;14;3;"Metalloid";"-";"Solid";"4";1;18;1;4;FALSE;FALSE;FALSE;FALSE;TRUE;FALSE;FALSE;FALSE;FALSE;TRUE;"Si1O2"
15;"P";"Match";15;15;3;"Non-metal";"Other Non-Metals";"Solid";"3,4,5";3;19;1;3;FALSE;TRUE;FALSE;FALSE;TRUE;FALSE;FALSE;FALSE;FALSE;TRUE;"P2O3"
15;"P";"Match";15;15;3;"Non-metal";"Other Non-Metals";"Solid";"3,4,5";3;20;2;4;FALSE;TRUE;FALSE;FALSE;TRUE;FALSE;FALSE;FALSE;FALSE;TRUE;"P1O2"
15;"P";"Match";15;15;3;"Non-metal";"Other Non-Metals";"Solid";"3,4,5";3;21;3;5;FALSE;TRUE;FALSE;FALSE;TRUE;FALSE;FALSE;FALSE;FALSE;TRUE;"P2O5"
16;"S";"Sulfur";16;16;3;"Non-metal";"Other Non-Metals";"Solid";"2,4,6";3;22;1;2;FALSE;TRUE;FALSE;FALSE;TRUE;FALSE;FALSE;FALSE;FALSE;TRUE;"S1O1"
16;"S";"Sulfur";16;16;3;"Non-metal";"Other Non-Metals";"Solid";"2,4,6";3;23;2;4;FALSE;TRUE;FALSE;FALSE;TRUE;FALSE;FALSE;FALSE;FALSE;TRUE;"S1O2"
16;"S";"Sulfur";16;16;3;"Non-metal";"Other Non-Metals";"Solid";"2,4,6";3;24;3;6;FALSE;TRUE;FALSE;FALSE;TRUE;FALSE;FALSE;FALSE;FALSE;TRUE;"S1O3"
17;"Cl";"Chlorine";17;17;3;"Non-metal";"Halogens";"Gas";"1,3,5,7";4;25;1;1;FALSE;TRUE;FALSE;FALSE;FALSE;FALSE;TRUE;FALSE;TRUE;TRUE;"Cl2O1"
17;"Cl";"Chlorine";17;17;3;"Non-metal";"Halogens";"Gas";"1,3,5,7";4;26;2;3;FALSE;TRUE;FALSE;FALSE;FALSE;FALSE;TRUE;FALSE;TRUE;TRUE;"Cl2O3"
17;"Cl";"Chlorine";17;17;3;"Non-metal";"Halogens";"Gas";"1,3,5,7";4;27;3;5;FALSE;TRUE;FALSE;FALSE;FALSE;FALSE;TRUE;FALSE;TRUE;TRUE;"Cl2O5"
17;"Cl";"Chlorine";17;17;3;"Non-metal";"Halogens";"Gas";"1,3,5,7";4;28;4;7;FALSE;TRUE;FALSE;FALSE;FALSE;FALSE;TRUE;FALSE;TRUE;TRUE;"Cl2O7"
18;"Ar";"Argon";18;18;3;"Noble gas";"-";"Gas";"0";1;29;1;0;FALSE;FALSE;FALSE;TRUE;FALSE;FALSE;TRUE;FALSE;FALSE;FALSE;"----"
19;"K";"Potassium";19;1;4;"Metal";"Alkaline";"Solid";"1";1;30;1;1;TRUE;FALSE;FALSE;FALSE;TRUE;FALSE;FALSE;FALSE;FALSE;TRUE;"K2O1"
20;"Ca";"Calcium";20;2;4;"Metal";"Alkaline earths";"Solid";"2";1;31;1;2;TRUE;FALSE;FALSE;FALSE;TRUE;FALSE;FALSE;FALSE;FALSE;TRUE;"Ca1O1"
21;"Sc";"Scandium";21;3;4;"Metal";"Transition Metals";"Solid";"3";1;32;1;3;TRUE;FALSE;FALSE;FALSE;TRUE;FALSE;FALSE;FALSE;FALSE;TRUE;"Sc2O3"
22;"Ti";"Titanium";22;4;4;"Metal";"Transition Metals";"Solid";"3,4";2;33;1;3;TRUE;FALSE;FALSE;FALSE;TRUE;FALSE;FALSE;FALSE;FALSE;TRUE;"Ti2O3"
22;"Ti";"Titanium";22;4;4;"Metal";"Transition Metals";"Solid";"3,4";2;34;2;4;TRUE;FALSE;FALSE;FALSE;TRUE;FALSE;FALSE;FALSE;FALSE;TRUE;"Ti1O2"
23;"V";"Vanadium";23;5;4;"Metal";"Transition Metals";"Solid";"2,3,4,5";4;35;1;2;TRUE;FALSE;FALSE;FALSE;TRUE;FALSE;FALSE;FALSE;FALSE;TRUE;"V1O1"
23;"V";"Vanadium";23;5;4;"Metal";"Transition Metals";"Solid";"2,3,4,5";4;36;2;3;TRUE;FALSE;FALSE;FALSE;TRUE;FALSE;FALSE;FALSE;FALSE;TRUE;"V2O3"
23;"V";"Vanadium";23;5;4;"Metal";"Transition Metals";"Solid";"2,3,4,5";4;37;3;4;TRUE;FALSE;FALSE;FALSE;TRUE;FALSE;FALSE;FALSE;FALSE;TRUE;"V1O2"
23;"V";"Vanadium";23;5;4;"Metal";"Transition Metals";"Solid";"2,3,4,5";4;38;4;5;TRUE;FALSE;FALSE;FALSE;TRUE;FALSE;FALSE;FALSE;FALSE;TRUE;"V2O5"
24;"Cr";"Chrome";24;6;4;"Metal";"Transition Metals";"Solid";"2,3,6";3;39;1;2;TRUE;FALSE;FALSE;FALSE;TRUE;FALSE;FALSE;FALSE;FALSE;TRUE;"Cr1O1"
24;"Cr";"Chrome";24;6;4;"Metal";"Transition Metals";"Solid";"2,3,6";3;40;2;3;TRUE;FALSE;FALSE;FALSE;TRUE;FALSE;FALSE;FALSE;FALSE;TRUE;"Cr2O3"
24;"Cr";"Chrome";24;6;4;"Metal";"Transition Metals";"Solid";"2,3,6";3;41;3;6;TRUE;FALSE;FALSE;FALSE;TRUE;FALSE;FALSE;FALSE;FALSE;TRUE;"Cr1O3"
25;"Mn";"Manganese";25;7;4;"Metal";"Transition Metals";"Solid";"2,3,4,6,7";5;42;1;2;TRUE;FALSE;FALSE;FALSE;TRUE;FALSE;FALSE;FALSE;FALSE;TRUE;"Mn1O1"
25;"Mn";"Manganese";25;7;4;"Metal";"Transition Metals";"Solid";"2,3,4,6,7";5;43;2;3;TRUE;FALSE;FALSE;FALSE;TRUE;FALSE;FALSE;FALSE;FALSE;TRUE;"Mn2O3"
25;"Mn";"Manganese";25;7;4;"Metal";"Transition Metals";"Solid";"2,3,4,6,7";5;44;3;4;TRUE;FALSE;FALSE;FALSE;TRUE;FALSE;FALSE;FALSE;FALSE;TRUE;"Mn1O2"
25;"Mn";"Manganese";25;7;4;"Metal";"Transition Metals";"Solid";"2,3,4,6,7";5;45;4;6;TRUE;FALSE;FALSE;FALSE;TRUE;FALSE;FALSE;FALSE;FALSE;TRUE;"Mn1O3"
25;"Mn";"Manganese";25;7;4;"Metal";"Transition Metals";"Solid";"2,3,4,6,7";5;46;5;7;TRUE;FALSE;FALSE;FALSE;TRUE;FALSE;FALSE;FALSE;FALSE;TRUE;"Mn2O7"
26;"Fe";"Iron";26;8;4;"Metal";"Transition Metals";"Solid";"2,3";2;47;1;2;TRUE;FALSE;FALSE;FALSE;TRUE;FALSE;FALSE;FALSE;FALSE;TRUE;"Fe1O1"
26;"Fe";"Iron";26;8;4;"Metal";"Transition Metals";"Solid";"2,3";2;48;2;3;TRUE;FALSE;FALSE;FALSE;TRUE;FALSE;FALSE;FALSE;FALSE;TRUE;"Fe2O3"
27;"Co";"Cobalt";27;9;4;"Metal";"Transition Metals";"Solid";"2,3";2;49;1;2;TRUE;FALSE;FALSE;FALSE;TRUE;FALSE;FALSE;FALSE;FALSE;TRUE;"Co1O1"
27;"Co";"Cobalt";27;9;4;"Metal";"Transition Metals";"Solid";"2,3";2;50;2;3;TRUE;FALSE;FALSE;FALSE;TRUE;FALSE;FALSE;FALSE;FALSE;TRUE;"Co2O3"
28;"Ni";"Nickel";28;10;4;"Metal";"Transition Metals";"Solid";"2,3";2;51;1;2;TRUE;FALSE;FALSE;FALSE;TRUE;FALSE;FALSE;FALSE;FALSE;TRUE;"Ni1O1"
28;"Ni";"Nickel";28;10;4;"Metal";"Transition Metals";"Solid";"2,3";2;52;2;3;TRUE;FALSE;FALSE;FALSE;TRUE;FALSE;FALSE;FALSE;FALSE;TRUE;"Ni2O3"
29;"Cu";"Copper";29;11;4;"Metal";"Transition Metals";"Solid";"1,2";2;53;1;1;TRUE;FALSE;FALSE;FALSE;TRUE;FALSE;FALSE;FALSE;FALSE;TRUE;"Cu2O1"
29;"Cu";"Copper";29;11;4;"Metal";"Transition Metals";"Solid";"1,2";2;54;2;2;TRUE;FALSE;FALSE;FALSE;TRUE;FALSE;FALSE;FALSE;FALSE;TRUE;"Cu1O1"
30;"Zn";"Zinc";30;12;4;"Metal";"Transition Metals";"Solid";"2";1;55;1;2;TRUE;FALSE;FALSE;FALSE;TRUE;FALSE;FALSE;FALSE;FALSE;TRUE;"Zn1O1"
31;"Ga";"Gallium";31;13;4;"Metal";"Metals from Block p";"Liquid";"3";1;56;1;3;TRUE;FALSE;FALSE;FALSE;FALSE;TRUE;FALSE;FALSE;FALSE;TRUE;"Ga2O3"
32;"Ge";"Germanium";32;14;4;"Metalloid";"-";"Solid";"4";1;57;1;4;FALSE;FALSE;FALSE;FALSE;TRUE;FALSE;FALSE;FALSE;FALSE;TRUE;"Ge1O2"
33;"As";"Arsenic";33;15;4;"Metalloid";"-";"Solid";"3,5";2;58;1;3;FALSE;FALSE;FALSE;FALSE;TRUE;FALSE;FALSE;FALSE;FALSE;TRUE;"As2O3"
33;"As";"Arsenic";33;15;4;"Metalloid";"-";"Solid";"3,5";2;59;2;5;FALSE;FALSE;FALSE;FALSE;TRUE;FALSE;FALSE;FALSE;FALSE;TRUE;"As2O5"
34;"Se";"Selenium";34;16;4;"Non-metal";"Other Non-Metals";"Solid";"4,6";2;60;1;4;FALSE;TRUE;FALSE;FALSE;TRUE;FALSE;FALSE;FALSE;FALSE;TRUE;"Se1O2"
34;"Se";"Selenium";34;16;4;"Non-metal";"Other Non-Metals";"Solid";"4,6";2;61;2;6;FALSE;TRUE;FALSE;FALSE;TRUE;FALSE;FALSE;FALSE;FALSE;TRUE;"Se1O3"
35;"Br";"Bromine";35;17;4;"Non-metal";"Halogens";"Liquid";"1,5";2;62;1;1;FALSE;TRUE;FALSE;FALSE;FALSE;TRUE;FALSE;FALSE;TRUE;TRUE;"Br2O1"
35;"Br";"Bromine";35;17;4;"Non-metal";"Halogens";"Liquid";"1,5";2;63;2;5;FALSE;TRUE;FALSE;FALSE;FALSE;TRUE;FALSE;FALSE;TRUE;TRUE;"Br2O5"
36;"Kr";"Krypton";36;18;4;"Noble gas";"-";"Gas";"0";1;64;1;0;FALSE;FALSE;FALSE;TRUE;FALSE;FALSE;TRUE;FALSE;FALSE;FALSE;"----"
37;"Rb";"Rubidium";37;1;5;"Metal";"Alkaline";"Solid";"1";1;65;1;1;TRUE;FALSE;FALSE;FALSE;TRUE;FALSE;FALSE;FALSE;FALSE;TRUE;"Rb2O1"
38;"Sr";"Strontium";38;2;5;"Metal";"Alkaline earths";"Solid";"2";1;66;1;2;TRUE;FALSE;FALSE;FALSE;TRUE;FALSE;FALSE;FALSE;FALSE;TRUE;"Sr1O1"
39;"Y";"Yttrium";39;3;5;"Metal";"Transition Metals";"Solid";"3";1;67;1;3;TRUE;FALSE;FALSE;FALSE;TRUE;FALSE;FALSE;FALSE;FALSE;TRUE;"Y2O3"
40;"Zr";"Zirconium";40;4;5;"Metal";"Transition Metals";"Solid";"4";1;68;1;4;TRUE;FALSE;FALSE;FALSE;TRUE;FALSE;FALSE;FALSE;FALSE;TRUE;"Zr1O2"
41;"Nb";"Niobium";41;5;5;"Metal";"Transition Metals";"Solid";"3,5";2;69;1;3;TRUE;FALSE;FALSE;FALSE;TRUE;FALSE;FALSE;FALSE;FALSE;TRUE;"Nb2O3"
41;"Nb";"Niobium";41;5;5;"Metal";"Transition Metals";"Solid";"3,5";2;70;2;5;TRUE;FALSE;FALSE;FALSE;TRUE;FALSE;FALSE;FALSE;FALSE;TRUE;"Nb2O5"
42;"Mo";"Molybdenum";42;6;5;"Metal";"Transition Metals";"Solid";"2,3,4,5,6";5;71;1;2;TRUE;FALSE;FALSE;FALSE;TRUE;FALSE;FALSE;FALSE;FALSE;TRUE;"Mo1O1"
42;"Mo";"Molybdenum";42;6;5;"Metal";"Transition Metals";"Solid";"2,3,4,5,6";5;72;2;3;TRUE;FALSE;FALSE;FALSE;TRUE;FALSE;FALSE;FALSE;FALSE;TRUE;"Mo2O3"
42;"Mo";"Molybdenum";42;6;5;"Metal";"Transition Metals";"Solid";"2,3,4,5,6";5;73;3;4;TRUE;FALSE;FALSE;FALSE;TRUE;FALSE;FALSE;FALSE;FALSE;TRUE;"Mo1O2"
42;"Mo";"Molybdenum";42;6;5;"Metal";"Transition Metals";"Solid";"2,3,4,5,6";5;74;4;5;TRUE;FALSE;FALSE;FALSE;TRUE;FALSE;FALSE;FALSE;FALSE;TRUE;"Mo2O5"
42;"Mo";"Molybdenum";42;6;5;"Metal";"Transition Metals";"Solid";"2,3,4,5,6";5;75;5;6;TRUE;FALSE;FALSE;FALSE;TRUE;FALSE;FALSE;FALSE;FALSE;TRUE;"Mo1O3"
43;"Tc";"Technetium";43;7;5;"Metal";"Transition Metals";"Solid";"7";1;76;1;7;TRUE;FALSE;FALSE;FALSE;TRUE;FALSE;FALSE;FALSE;FALSE;TRUE;"Tc2O7"
44;"Ru";"Ruthenium";44;8;5;"Metal";"Transition Metals";"Solid";"2,3,4,6,8";5;77;1;2;TRUE;FALSE;FALSE;FALSE;TRUE;FALSE;FALSE;FALSE;FALSE;TRUE;"Ru1O1"
44;"Ru";"Ruthenium";44;8;5;"Metal";"Transition Metals";"Solid";"2,3,4,6,8";5;78;2;3;TRUE;FALSE;FALSE;FALSE;TRUE;FALSE;FALSE;FALSE;FALSE;TRUE;"Ru2O3"
44;"Ru";"Ruthenium";44;8;5;"Metal";"Transition Metals";"Solid";"2,3,4,6,8";5;79;3;4;TRUE;FALSE;FALSE;FALSE;TRUE;FALSE;FALSE;FALSE;FALSE;TRUE;"Ru1O2"
44;"Ru";"Ruthenium";44;8;5;"Metal";"Transition Metals";"Solid";"2,3,4,6,8";5;80;4;6;TRUE;FALSE;FALSE;FALSE;TRUE;FALSE;FALSE;FALSE;FALSE;TRUE;"Ru1O3"
44;"Ru";"Ruthenium";44;8;5;"Metal";"Transition Metals";"Solid";"2,3,4,6,8";5;81;5;8;TRUE;FALSE;FALSE;FALSE;TRUE;FALSE;FALSE;FALSE;FALSE;TRUE;"Ru1O4"
45;"Rh";"Rhodium";45;9;5;"Metal";"Transition Metals";"Solid";"2,3,4";3;82;1;2;TRUE;FALSE;FALSE;FALSE;TRUE;FALSE;FALSE;FALSE;FALSE;TRUE;"Rh1O1"
45;"Rh";"Rhodium";45;9;5;"Metal";"Transition Metals";"Solid";"2,3,4";3;83;2;3;TRUE;FALSE;FALSE;FALSE;TRUE;FALSE;FALSE;FALSE;FALSE;TRUE;"Rh2O3"
45;"Rh";"Rhodium";45;9;5;"Metal";"Transition Metals";"Solid";"2,3,4";3;84;3;4;TRUE;FALSE;FALSE;FALSE;TRUE;FALSE;FALSE;FALSE;FALSE;TRUE;"Rh1O2"
46;"Pd";"Palladium";46;10;5;"Metal";"Transition Metals";"Solid";"2,4";2;85;1;2;TRUE;FALSE;FALSE;FALSE;TRUE;FALSE;FALSE;FALSE;FALSE;TRUE;"Pd1O1"
46;"Pd";"Palladium";46;10;5;"Metal";"Transition Metals";"Solid";"2,4";2;86;2;4;TRUE;FALSE;FALSE;FALSE;TRUE;FALSE;FALSE;FALSE;FALSE;TRUE;"Pd1O2"
47;"Ag";"Silver";47;11;5;"Metal";"Transition Metals";"Solid";"1";1;87;1;1;TRUE;FALSE;FALSE;FALSE;TRUE;FALSE;FALSE;FALSE;FALSE;TRUE;"Ag2O1"
48;"Cd";"Cadmium";48;12;5;"Metal";"Transition Metals";"Solid";"2";1;88;1;2;TRUE;FALSE;FALSE;FALSE;TRUE;FALSE;FALSE;FALSE;FALSE;TRUE;"Cd1O1"
49;"In";"Indian";49;13;5;"Metal";"Metals from Block p";"Solid";"3";1;89;1;3;TRUE;FALSE;FALSE;FALSE;TRUE;FALSE;FALSE;FALSE;FALSE;TRUE;"In2O3"
50;"Sn";"Tin";50;14;5;"Metal";"Metals from Block p";"Solid";"2,4";2;90;1;2;TRUE;FALSE;FALSE;FALSE;TRUE;FALSE;FALSE;FALSE;FALSE;TRUE;"Sn1O1"
50;"Sn";"Tin";50;14;5;"Metal";"Metals from Block p";"Solid";"2,4";2;91;2;4;TRUE;FALSE;FALSE;FALSE;TRUE;FALSE;FALSE;FALSE;FALSE;TRUE;"Sn1O2"
51;"Sb";"Antimony";51;15;5;"Metalloid";"-";"Solid";"3,5";2;92;1;3;FALSE;FALSE;FALSE;FALSE;TRUE;FALSE;FALSE;FALSE;FALSE;TRUE;"Sb2O3"
51;"Sb";"Antimony";51;15;5;"Metalloid";"-";"Solid";"3,5";2;93;2;5;FALSE;FALSE;FALSE;FALSE;TRUE;FALSE;FALSE;FALSE;FALSE;TRUE;"Sb2O5"
52;"Te";"Tellurium";52;16;5;"Metalloid";"-";"Solid";"2,4,6";3;94;1;2;FALSE;FALSE;FALSE;FALSE;TRUE;FALSE;FALSE;FALSE;FALSE;TRUE;"Te1O1"
52;"Te";"Tellurium";52;16;5;"Metalloid";"-";"Solid";"2,4,6";3;95;2;4;FALSE;FALSE;FALSE;FALSE;TRUE;FALSE;FALSE;FALSE;FALSE;TRUE;"Te1O2"
52;"Te";"Tellurium";52;16;5;"Metalloid";"-";"Solid";"2,4,6";3;96;3;6;FALSE;FALSE;FALSE;FALSE;TRUE;FALSE;FALSE;FALSE;FALSE;TRUE;"Te1O3"
53;"I";"Iodine";53;17;5;"Non-metal";"Halogens";"Solid";"1,5,7";3;97;1;1;FALSE;TRUE;FALSE;FALSE;TRUE;FALSE;FALSE;FALSE;TRUE;TRUE;"I2O1"
53;"I";"Iodine";53;17;5;"Non-metal";"Halogens";"Solid";"1,5,7";3;98;2;5;FALSE;TRUE;FALSE;FALSE;TRUE;FALSE;FALSE;FALSE;TRUE;TRUE;"I2O5"
53;"I";"Iodine";53;17;5;"Non-metal";"Halogens";"Solid";"1,5,7";3;99;3;7;FALSE;TRUE;FALSE;FALSE;TRUE;FALSE;FALSE;FALSE;TRUE;TRUE;"I2O7"
54;"Xe";"Xenon";54;18;5;"Noble gas";"-";"Gas";"0";1;100;1;0;FALSE;FALSE;FALSE;TRUE;FALSE;FALSE;TRUE;FALSE;FALSE;FALSE;"----"
55;"Cs";"Cesium";55;1;6;"Metal";"Alkaline";"Liquid";"1";1;101;1;1;TRUE;FALSE;FALSE;FALSE;FALSE;TRUE;FALSE;FALSE;FALSE;TRUE;"Cs2O1"
56;"Ba";"Barium";56;2;6;"Metal";"Alkaline earths";"Solid";"2";1;102;1;2;TRUE;FALSE;FALSE;FALSE;TRUE;FALSE;FALSE;FALSE;FALSE;TRUE;"Ba1O1"
57;"La";"Lanthanum";57;3;6;"Metal";"Lanthanides";"Solid";"3";1;103;1;3;TRUE;FALSE;FALSE;FALSE;TRUE;FALSE;FALSE;FALSE;FALSE;TRUE;"La2O3"
58;"Ce";"Cerium";58;3;6;"Metal";"Lanthanides";"Solid";"3,4";2;104;1;3;TRUE;FALSE;FALSE;FALSE;TRUE;FALSE;FALSE;FALSE;FALSE;TRUE;"Ce2O3"
58;"Ce";"Cerium";58;3;6;"Metal";"Lanthanides";"Solid";"3,4";2;105;2;4;TRUE;FALSE;FALSE;FALSE;TRUE;FALSE;FALSE;FALSE;FALSE;TRUE;"Ce1O2"
59;"Pr";"Praseodymium";59;3;6;"Metal";"Lanthanides";"Solid";"3,4";2;106;1;3;TRUE;FALSE;FALSE;FALSE;TRUE;FALSE;FALSE;FALSE;FALSE;TRUE;"Pr2O3"
59;"Pr";"Praseodymium";59;3;6;"Metal";"Lanthanides";"Solid";"3,4";2;107;2;4;TRUE;FALSE;FALSE;FALSE;TRUE;FALSE;FALSE;FALSE;FALSE;TRUE;"Pr1O2"
60;"Nd";"Neodymium";60;3;6;"Metal";"Lanthanides";"Solid";"3";1;108;1;3;TRUE;FALSE;FALSE;FALSE;TRUE;FALSE;FALSE;FALSE;FALSE;TRUE;"Nd2O3"
61;"Pm";"Promise";61;3;6;"Metal";"Lanthanides";"Solid";"3";1;109;1;3;TRUE;FALSE;FALSE;FALSE;TRUE;FALSE;FALSE;FALSE;FALSE;TRUE;"Pm2O3"
62;"Sm";"Samarium";62;3;6;"Metal";"Lanthanides";"Solid";"2,3";2;110;1;2;TRUE;FALSE;FALSE;FALSE;TRUE;FALSE;FALSE;FALSE;FALSE;TRUE;"Sm1O1"
62;"Sm";"Samarium";62;3;6;"Metal";"Lanthanides";"Solid";"2,3";2;111;2;3;TRUE;FALSE;FALSE;FALSE;TRUE;FALSE;FALSE;FALSE;FALSE;TRUE;"Sm2O3"
63;"Eu";"Europium";63;3;6;"Metal";"Lanthanides";"Solid";"2,3";2;112;1;2;TRUE;FALSE;FALSE;FALSE;TRUE;FALSE;FALSE;FALSE;FALSE;TRUE;"Eu1O1"
63;"Eu";"Europium";63;3;6;"Metal";"Lanthanides";"Solid";"2,3";2;113;2;3;TRUE;FALSE;FALSE;FALSE;TRUE;FALSE;FALSE;FALSE;FALSE;TRUE;"Eu2O3"
64;"Gd";"Gadolinium";64;3;6;"Metal";"Lanthanides";"Solid";"3";1;114;1;3;TRUE;FALSE;FALSE;FALSE;TRUE;FALSE;FALSE;FALSE;FALSE;TRUE;"Gd2O3"
65;"Tb";"Terbium";65;3;6;"Metal";"Lanthanides";"Solid";"3,4";2;115;1;3;TRUE;FALSE;FALSE;FALSE;TRUE;FALSE;FALSE;FALSE;FALSE;TRUE;"Tb2O3"
65;"Tb";"Terbium";65;3;6;"Metal";"Lanthanides";"Solid";"3,4";2;116;2;4;TRUE;FALSE;FALSE;FALSE;TRUE;FALSE;FALSE;FALSE;FALSE;TRUE;"Tb1O2"
66;"Dy";"Dysprosium";66;3;6;"Metal";"Lanthanides";"Solid";"3";1;117;1;3;TRUE;FALSE;FALSE;FALSE;TRUE;FALSE;FALSE;FALSE;FALSE;TRUE;"Dy2O3"
67;"Ho";"Holmium";67;3;6;"Metal";"Lanthanides";"Solid";"3";1;118;1;3;TRUE;FALSE;FALSE;FALSE;TRUE;FALSE;FALSE;FALSE;FALSE;TRUE;"Ho2O3"
68;"Er";"Erbium";68;3;6;"Metal";"Lanthanides";"Solid";"3";1;119;1;3;TRUE;FALSE;FALSE;FALSE;TRUE;FALSE;FALSE;FALSE;FALSE;TRUE;"Er2O3"
69;"Tm";"Thulium";69;3;6;"Metal";"Lanthanides";"Solid";"3,2";2;120;2;3;TRUE;FALSE;FALSE;FALSE;TRUE;FALSE;FALSE;FALSE;FALSE;TRUE;"Tm2O3"
69;"Tm";"Thulium";69;3;6;"Metal";"Lanthanides";"Solid";"3,2";2;121;1;2;TRUE;FALSE;FALSE;FALSE;TRUE;FALSE;FALSE;FALSE;FALSE;TRUE;"Tm1O1"
70;"Yb";"Ytterbium";70;3;6;"Metal";"Lanthanides";"Solid";"2,3";2;122;1;2;TRUE;FALSE;FALSE;FALSE;TRUE;FALSE;FALSE;FALSE;FALSE;TRUE;"Yb1O1"
70;"Yb";"Ytterbium";70;3;6;"Metal";"Lanthanides";"Solid";"2,3";2;123;2;3;TRUE;FALSE;FALSE;FALSE;TRUE;FALSE;FALSE;FALSE;FALSE;TRUE;"Yb2O3"
71;"Lu";"Lutetium";71;3;6;"Metal";"Lanthanides";"Solid";"3";1;124;1;3;TRUE;FALSE;FALSE;FALSE;TRUE;FALSE;FALSE;FALSE;FALSE;TRUE;"Lu2O3"
72;"Hf";"Hafnium";72;4;6;"Metal";"Lanthanides";"Solid";"4";1;125;1;4;TRUE;FALSE;FALSE;FALSE;TRUE;FALSE;FALSE;FALSE;FALSE;TRUE;"Hf1O2"
73;"Ta";"Tantalum";73;5;6;"Metal";"Lanthanides";"Solid";"5";1;126;1;5;TRUE;FALSE;FALSE;FALSE;TRUE;FALSE;FALSE;FALSE;FALSE;TRUE;"Ta2O5"
74;"W";"Tungsten";74;6;6;"Metal";"Lanthanides";"Solid";"2,3,4,5,6";5;127;1;2;TRUE;FALSE;FALSE;FALSE;TRUE;FALSE;FALSE;FALSE;FALSE;TRUE;"W1O1"
74;"W";"Tungsten";74;6;6;"Metal";"Lanthanides";"Solid";"2,3,4,5,6";5;128;2;3;TRUE;FALSE;FALSE;FALSE;TRUE;FALSE;FALSE;FALSE;FALSE;TRUE;"W2O3"
74;"W";"Tungsten";74;6;6;"Metal";"Lanthanides";"Solid";"2,3,4,5,6";5;129;3;4;TRUE;FALSE;FALSE;FALSE;TRUE;FALSE;FALSE;FALSE;FALSE;TRUE;"W1O2"
74;"W";"Tungsten";74;6;6;"Metal";"Lanthanides";"Solid";"2,3,4,5,6";5;130;4;5;TRUE;FALSE;FALSE;FALSE;TRUE;FALSE;FALSE;FALSE;FALSE;TRUE;"W2O5"
74;"W";"Tungsten";74;6;6;"Metal";"Lanthanides";"Solid";"2,3,4,5,6";5;131;5;6;TRUE;FALSE;FALSE;FALSE;TRUE;FALSE;FALSE;FALSE;FALSE;TRUE;"W1O3"
75;"Re";"Rhenium";75;7;6;"Metal";"Lanthanides";"Solid";"1,2,4,6,7";5;132;1;1;TRUE;FALSE;FALSE;FALSE;TRUE;FALSE;FALSE;FALSE;FALSE;TRUE;"Re2O1"
75;"Re";"Rhenium";75;7;6;"Metal";"Lanthanides";"Solid";"1,2,4,6,7";5;133;2;2;TRUE;FALSE;FALSE;FALSE;TRUE;FALSE;FALSE;FALSE;FALSE;TRUE;"Re1O1"
75;"Re";"Rhenium";75;7;6;"Metal";"Lanthanides";"Solid";"1,2,4,6,7";5;134;3;4;TRUE;FALSE;FALSE;FALSE;TRUE;FALSE;FALSE;FALSE;FALSE;TRUE;"Re1O2"
75;"Re";"Rhenium";75;7;6;"Metal";"Lanthanides";"Solid";"1,2,4,6,7";5;135;4;6;TRUE;FALSE;FALSE;FALSE;TRUE;FALSE;FALSE;FALSE;FALSE;TRUE;"Re1O3"
75;"Re";"Rhenium";75;7;6;"Metal";"Lanthanides";"Solid";"1,2,4,6,7";5;136;5;7;TRUE;FALSE;FALSE;FALSE;TRUE;FALSE;FALSE;FALSE;FALSE;TRUE;"Re2O7"
76;"Os";"Osmium";76;8;6;"Metal";"Lanthanides";"Solid";"2,3,4,6,8";5;137;1;2;TRUE;FALSE;FALSE;FALSE;TRUE;FALSE;FALSE;FALSE;FALSE;TRUE;"Os1O1"
76;"Os";"Osmium";76;8;6;"Metal";"Lanthanides";"Solid";"2,3,4,6,8";5;138;2;3;TRUE;FALSE;FALSE;FALSE;TRUE;FALSE;FALSE;FALSE;FALSE;TRUE;"Os2O3"
76;"Os";"Osmium";76;8;6;"Metal";"Lanthanides";"Solid";"2,3,4,6,8";5;139;3;4;TRUE;FALSE;FALSE;FALSE;TRUE;FALSE;FALSE;FALSE;FALSE;TRUE;"Os1O2"
76;"Os";"Osmium";76;8;6;"Metal";"Lanthanides";"Solid";"2,3,4,6,8";5;140;4;6;TRUE;FALSE;FALSE;FALSE;TRUE;FALSE;FALSE;FALSE;FALSE;TRUE;"Os1O3"
76;"Os";"Osmium";76;8;6;"Metal";"Lanthanides";"Solid";"2,3,4,6,8";5;141;5;8;TRUE;FALSE;FALSE;FALSE;TRUE;FALSE;FALSE;FALSE;FALSE;TRUE;"Os1O4"
77;"Ir";"Iridium";77;9;6;"Metal";"Lanthanides";"Solid";"2,3,4,6";4;142;1;2;TRUE;FALSE;FALSE;FALSE;TRUE;FALSE;FALSE;FALSE;FALSE;TRUE;"Ir1O1"
77;"Ir";"Iridium";77;9;6;"Metal";"Lanthanides";"Solid";"2,3,4,6";4;143;2;3;TRUE;FALSE;FALSE;FALSE;TRUE;FALSE;FALSE;FALSE;FALSE;TRUE;"Ir2O3"
77;"Ir";"Iridium";77;9;6;"Metal";"Lanthanides";"Solid";"2,3,4,6";4;144;3;4;TRUE;FALSE;FALSE;FALSE;TRUE;FALSE;FALSE;FALSE;FALSE;TRUE;"Ir1O2"
77;"Ir";"Iridium";77;9;6;"Metal";"Lanthanides";"Solid";"2,3,4,6";4;145;4;6;TRUE;FALSE;FALSE;FALSE;TRUE;FALSE;FALSE;FALSE;FALSE;TRUE;"Ir1O3"
78;"Pt";"Platinum";78;10;6;"Metal";"Lanthanides";"Solid";"2,4";2;146;1;2;TRUE;FALSE;FALSE;FALSE;TRUE;FALSE;FALSE;FALSE;FALSE;TRUE;"Pt1O1"
78;"Pt";"Platinum";78;10;6;"Metal";"Lanthanides";"Solid";"2,4";2;147;2;4;TRUE;FALSE;FALSE;FALSE;TRUE;FALSE;FALSE;FALSE;FALSE;TRUE;"Pt1O2"
79;"Au";"Gold";79;11;6;"Metal";"Lanthanides";"Solid";"1,3";2;148;1;1;TRUE;FALSE;FALSE;FALSE;TRUE;FALSE;FALSE;FALSE;FALSE;TRUE;"Au2O1"
79;"Au";"Gold";79;11;6;"Metal";"Lanthanides";"Solid";"1,3";2;149;2;3;TRUE;FALSE;FALSE;FALSE;TRUE;FALSE;FALSE;FALSE;FALSE;TRUE;"Au2O3"
80;"Hg";"Mercury";80;12;6;"Metal";"Lanthanides";"Liquid";"1,2";2;150;1;1;TRUE;FALSE;FALSE;FALSE;FALSE;TRUE;FALSE;FALSE;FALSE;TRUE;"Hg2O1"
80;"Hg";"Mercury";80;12;6;"Metal";"Lanthanides";"Liquid";"1,2";2;151;2;2;TRUE;FALSE;FALSE;FALSE;FALSE;TRUE;FALSE;FALSE;FALSE;TRUE;"Hg1O1"
81;"Tl";"Thallium";81;13;6;"Metal";"Lanthanides";"Solid";"1,3";2;152;1;1;TRUE;FALSE;FALSE;FALSE;TRUE;FALSE;FALSE;FALSE;FALSE;TRUE;"Tl2O1"
81;"Tl";"Thallium";81;13;6;"Metal";"Lanthanides";"Solid";"1,3";2;153;2;3;TRUE;FALSE;FALSE;FALSE;TRUE;FALSE;FALSE;FALSE;FALSE;TRUE;"Tl2O3"
82;"Pb";"Lead";82;14;6;"Metal";"Lanthanides";"Solid";"2,4";2;154;1;2;TRUE;FALSE;FALSE;FALSE;TRUE;FALSE;FALSE;FALSE;FALSE;TRUE;"Pb1O1"
82;"Pb";"Lead";82;14;6;"Metal";"Lanthanides";"Solid";"2,4";2;155;2;4;TRUE;FALSE;FALSE;FALSE;TRUE;FALSE;FALSE;FALSE;FALSE;TRUE;"Pb1O2"
83;"Bi";"Bismuth";83;15;6;"Metal";"Lanthanides";"Solid";"3,5";2;156;1;3;TRUE;FALSE;FALSE;FALSE;TRUE;FALSE;FALSE;FALSE;FALSE;TRUE;"Bi2O3"
83;"Bi";"Bismuth";83;15;6;"Metal";"Lanthanides";"Solid";"3,5";2;157;2;5;TRUE;FALSE;FALSE;FALSE;TRUE;FALSE;FALSE;FALSE;FALSE;TRUE;"Bi2O5"
84;"Po";"Polonium";84;16;6;"Metalloid";"-";"Solid";"2,4";2;158;1;2;FALSE;FALSE;FALSE;FALSE;TRUE;FALSE;FALSE;FALSE;FALSE;TRUE;"Po1O1"
84;"Po";"Polonium";84;16;6;"Metalloid";"-";"Solid";"2,4";2;159;2;4;FALSE;FALSE;FALSE;FALSE;TRUE;FALSE;FALSE;FALSE;FALSE;TRUE;"Po1O2"
85;"At";"Astatus";85;17;6;"Non-metal";"Halogens";"Solid";"1,3,5,7";4;160;1;1;FALSE;TRUE;FALSE;FALSE;TRUE;FALSE;FALSE;FALSE;TRUE;TRUE;"At2O1"
85;"At";"Astatus";85;17;6;"Non-metal";"Halogens";"Solid";"1,3,5,7";4;161;2;3;FALSE;TRUE;FALSE;FALSE;TRUE;FALSE;FALSE;FALSE;TRUE;TRUE;"At2O3"
85;"At";"Astatus";85;17;6;"Non-metal";"Halogens";"Solid";"1,3,5,7";4;162;3;5;FALSE;TRUE;FALSE;FALSE;TRUE;FALSE;FALSE;FALSE;TRUE;TRUE;"At2O5"
85;"At";"Astatus";85;17;6;"Non-metal";"Halogens";"Solid";"1,3,5,7";4;163;4;7;FALSE;TRUE;FALSE;FALSE;TRUE;FALSE;FALSE;FALSE;TRUE;TRUE;"At2O7"
86;"Rn";"Radon";86;18;6;"Noble gas";"-";"Gas";"0";1;164;1;0;FALSE;FALSE;FALSE;TRUE;FALSE;FALSE;TRUE;FALSE;FALSE;FALSE;"----"
87;"Fr";"Francius";87;1;7;"Metal";"Alkaline";"Liquid";"1";1;165;1;1;TRUE;FALSE;FALSE;FALSE;FALSE;TRUE;FALSE;FALSE;FALSE;TRUE;"Fr2O1"
88;"Ra";"Radio";88;2;7;"Metal";"Alkaline earths";"Solid";"2";1;166;1;2;TRUE;FALSE;FALSE;FALSE;TRUE;FALSE;FALSE;FALSE;FALSE;TRUE;"Ra1O1"
89;"Ac";"Actinium";89;3;7;"Metal";"Actinides";"Solid";"3";1;167;1;3;TRUE;FALSE;FALSE;FALSE;TRUE;FALSE;FALSE;FALSE;FALSE;TRUE;"Ac2O3"
90;"Th";"Thorium";90;3;7;"Metal";"Actinides";"Solid";"4";1;168;1;4;TRUE;FALSE;FALSE;FALSE;TRUE;FALSE;FALSE;FALSE;FALSE;TRUE;"Th1O2"
91;"Pa";"Protactinium";91;3;7;"Metal";"Actinides";"Solid";"4,5";2;169;1;4;TRUE;FALSE;FALSE;FALSE;TRUE;FALSE;FALSE;FALSE;FALSE;TRUE;"Pa1O2"
91;"Pa";"Protactinium";91;3;7;"Metal";"Actinides";"Solid";"4,5";2;170;2;5;TRUE;FALSE;FALSE;FALSE;TRUE;FALSE;FALSE;FALSE;FALSE;TRUE;"Pa2O5"
92;"U";"Uranium";92;3;7;"Metal";"Actinides";"Solid";"3,4,5,6";4;171;1;3;TRUE;FALSE;FALSE;FALSE;TRUE;FALSE;FALSE;FALSE;FALSE;TRUE;"U2O3"
92;"U";"Uranium";92;3;7;"Metal";"Actinides";"Solid";"3,4,5,6";4;172;2;4;TRUE;FALSE;FALSE;FALSE;TRUE;FALSE;FALSE;FALSE;FALSE;TRUE;"U1O2"
92;"U";"Uranium";92;3;7;"Metal";"Actinides";"Solid";"3,4,5,6";4;173;3;5;TRUE;FALSE;FALSE;FALSE;TRUE;FALSE;FALSE;FALSE;FALSE;TRUE;"U2O5"
92;"U";"Uranium";92;3;7;"Metal";"Actinides";"Solid";"3,4,5,6";4;174;4;6;TRUE;FALSE;FALSE;FALSE;TRUE;FALSE;FALSE;FALSE;FALSE;TRUE;"U1O3"
93;"Np";"Neptunium";93;3;7;"Metal";"Actinides";"???";"3,4,5,6";4;175;1;3;TRUE;FALSE;FALSE;FALSE;FALSE;FALSE;FALSE;TRUE;FALSE;TRUE;"Np2O3"
93;"Np";"Neptunium";93;3;7;"Metal";"Actinides";"???";"3,4,5,6";4;176;2;4;TRUE;FALSE;FALSE;FALSE;FALSE;FALSE;FALSE;TRUE;FALSE;TRUE;"Np1O2"
93;"Np";"Neptunium";93;3;7;"Metal";"Actinides";"???";"3,4,5,6";4;177;3;5;TRUE;FALSE;FALSE;FALSE;FALSE;FALSE;FALSE;TRUE;FALSE;TRUE;"Np2O5"
93;"Np";"Neptunium";93;3;7;"Metal";"Actinides";"???";"3,4,5,6";4;178;4;6;TRUE;FALSE;FALSE;FALSE;FALSE;FALSE;FALSE;TRUE;FALSE;TRUE;"Np1O3"
94;"Pu";"Plutonium";94;3;7;"Metal";"Actinides";"???";"3,4,5,6";4;179;1;3;TRUE;FALSE;FALSE;FALSE;FALSE;FALSE;FALSE;TRUE;FALSE;TRUE;"Pu2O3"
94;"Pu";"Plutonium";94;3;7;"Metal";"Actinides";"???";"3,4,5,6";4;180;2;4;TRUE;FALSE;FALSE;FALSE;FALSE;FALSE;FALSE;TRUE;FALSE;TRUE;"Pu1O2"
94;"Pu";"Plutonium";94;3;7;"Metal";"Actinides";"???";"3,4,5,6";4;181;3;5;TRUE;FALSE;FALSE;FALSE;FALSE;FALSE;FALSE;TRUE;FALSE;TRUE;"Pu2O5"
94;"Pu";"Plutonium";94;3;7;"Metal";"Actinides";"???";"3,4,5,6";4;182;4;6;TRUE;FALSE;FALSE;FALSE;FALSE;FALSE;FALSE;TRUE;FALSE;TRUE;"Pu1O3"
95;"Am";"Americium";95;3;7;"Metal";"Actinides";"???";"3,4,5,6";4;183;1;3;TRUE;FALSE;FALSE;FALSE;FALSE;FALSE;FALSE;TRUE;FALSE;TRUE;"Am2O3"
95;"Am";"Americium";95;3;7;"Metal";"Actinides";"???";"3,4,5,6";4;184;2;4;TRUE;FALSE;FALSE;FALSE;FALSE;FALSE;FALSE;TRUE;FALSE;TRUE;"Am1O2"
95;"Am";"Americium";95;3;7;"Metal";"Actinides";"???";"3,4,5,6";4;185;3;5;TRUE;FALSE;FALSE;FALSE;FALSE;FALSE;FALSE;TRUE;FALSE;TRUE;"Am2O5"
95;"Am";"Americium";95;3;7;"Metal";"Actinides";"???";"3,4,5,6";4;186;4;6;TRUE;FALSE;FALSE;FALSE;FALSE;FALSE;FALSE;TRUE;FALSE;TRUE;"Am1O3"
96;"Cm";"Curium";96;3;7;"Metal";"Actinides";"???";"3";1;187;1;3;TRUE;FALSE;FALSE;FALSE;FALSE;FALSE;FALSE;TRUE;FALSE;TRUE;"Cm2O3"
97;"Bk";"Berkelium";97;3;7;"Metal";"Actinides";"???";"3,4";2;188;1;3;TRUE;FALSE;FALSE;FALSE;FALSE;FALSE;FALSE;TRUE;FALSE;TRUE;"Bk2O3"
97;"Bk";"Berkelium";97;3;7;"Metal";"Actinides";"???";"3,4";2;189;2;4;TRUE;FALSE;FALSE;FALSE;FALSE;FALSE;FALSE;TRUE;FALSE;TRUE;"Bk1O2"
98;"Cf";"Californium";98;3;7;"Metal";"Actinides";"???";"3";1;190;1;3;TRUE;FALSE;FALSE;FALSE;FALSE;FALSE;FALSE;TRUE;FALSE;TRUE;"Cf2O3"
99;"Es";"Einsteinium";99;3;7;"Metal";"Actinides";"???";"4";1;191;1;4;TRUE;FALSE;FALSE;FALSE;FALSE;FALSE;FALSE;TRUE;FALSE;TRUE;"Es1O2"
100;"Fm";"Fermium";100;3;7;"Metal";"Actinides";"???";"4";1;192;1;4;TRUE;FALSE;FALSE;FALSE;FALSE;FALSE;FALSE;TRUE;FALSE;TRUE;"Fm1O2"
101;"Md";"Mendelevium";101;3;7;"Metal";"Actinides";"???";"3,4";2;193;1;3;TRUE;FALSE;FALSE;FALSE;FALSE;FALSE;FALSE;TRUE;FALSE;TRUE;"Md2O3"
101;"Md";"Mendelevium";101;3;7;"Metal";"Actinides";"???";"3,4";2;194;2;4;TRUE;FALSE;FALSE;FALSE;FALSE;FALSE;FALSE;TRUE;FALSE;TRUE;"Md1O2"
102;"No";"Nobelio";102;3;7;"Metal";"Actinides";"???";"3,4";2;195;1;3;TRUE;FALSE;FALSE;FALSE;FALSE;FALSE;FALSE;TRUE;FALSE;TRUE;"No2O3"
102;"No";"Nobelio";102;3;7;"Metal";"Actinides";"???";"3,4";2;196;2;4;TRUE;FALSE;FALSE;FALSE;FALSE;FALSE;FALSE;TRUE;FALSE;TRUE;"No1O2"
103;"Lr";"Laurencio";103;3;7;"Metal";"Actinides";"???";"3,4";2;197;1;3;TRUE;FALSE;FALSE;FALSE;FALSE;FALSE;FALSE;TRUE;FALSE;TRUE;"Lr2O3"
103;"Lr";"Laurencio";103;3;7;"Metal";"Actinides";"???";"3,4";2;198;2;4;TRUE;FALSE;FALSE;FALSE;FALSE;FALSE;FALSE;TRUE;FALSE;TRUE;"Lr1O2"
104;"Rf";"Rutherfordio";104;3;7;"Metal";"Actinides";"???";"4";1;199;1;4;TRUE;FALSE;FALSE;FALSE;FALSE;FALSE;FALSE;TRUE;FALSE;TRUE;"Rf1O2"
105;"Db";"Dubnium";105;3;7;"Metal";"Actinides";"???";"4";1;200;1;4;TRUE;FALSE;FALSE;FALSE;FALSE;FALSE;FALSE;TRUE;FALSE;TRUE;"Db1O2"
106;"Sg";"Seaborgio";106;3;7;"Metal";"Actinides";"???";"4";1;201;1;4;TRUE;FALSE;FALSE;FALSE;FALSE;FALSE;FALSE;TRUE;FALSE;TRUE;"Sg1O2"
107;"Bh";"Bohrio";107;3;7;"Metal";"Actinides";"???";"3,4,5";3;202;1;3;TRUE;FALSE;FALSE;FALSE;FALSE;FALSE;FALSE;TRUE;FALSE;TRUE;"Bh2O3"
107;"Bh";"Bohrio";107;3;7;"Metal";"Actinides";"???";"3,4,5";3;203;2;4;TRUE;FALSE;FALSE;FALSE;FALSE;FALSE;FALSE;TRUE;FALSE;TRUE;"Bh1O2"
107;"Bh";"Bohrio";107;3;7;"Metal";"Actinides";"???";"3,4,5";3;204;3;5;TRUE;FALSE;FALSE;FALSE;FALSE;FALSE;FALSE;TRUE;FALSE;TRUE;"Bh2O5"
108;"Hs";"Hassio";108;3;7;"Metal";"Actinides";"???";"2,4,6,7";4;205;1;2;TRUE;FALSE;FALSE;FALSE;FALSE;FALSE;FALSE;TRUE;FALSE;TRUE;"Hs1O1"
108;"Hs";"Hassio";108;3;7;"Metal";"Actinides";"???";"2,4,6,7";4;206;2;4;TRUE;FALSE;FALSE;FALSE;FALSE;FALSE;FALSE;TRUE;FALSE;TRUE;"Hs1O2"
108;"Hs";"Hassio";108;3;7;"Metal";"Actinides";"???";"2,4,6,7";4;207;3;6;TRUE;FALSE;FALSE;FALSE;FALSE;FALSE;FALSE;TRUE;FALSE;TRUE;"Hs1O3"
108;"Hs";"Hassio";108;3;7;"Metal";"Actinides";"???";"2,4,6,7";4;208;4;7;TRUE;FALSE;FALSE;FALSE;FALSE;FALSE;FALSE;TRUE;FALSE;TRUE;"Hs2O7"
109;"Mt";"Meitnerius";109;3;7;"Metal";"Actinides";"???";"2,3,4,6";4;209;1;2;TRUE;FALSE;FALSE;FALSE;FALSE;FALSE;FALSE;TRUE;FALSE;TRUE;"Mt1O1"
109;"Mt";"Meitnerius";109;3;7;"Metal";"Actinides";"???";"2,3,4,6";4;210;2;3;TRUE;FALSE;FALSE;FALSE;FALSE;FALSE;FALSE;TRUE;FALSE;TRUE;"Mt2O3"
109;"Mt";"Meitnerius";109;3;7;"Metal";"Actinides";"???";"2,3,4,6";4;211;3;4;TRUE;FALSE;FALSE;FALSE;FALSE;FALSE;FALSE;TRUE;FALSE;TRUE;"Mt1O2"
109;"Mt";"Meitnerius";109;3;7;"Metal";"Actinides";"???";"2,3,4,6";4;212;4;6;TRUE;FALSE;FALSE;FALSE;FALSE;FALSE;FALSE;TRUE;FALSE;TRUE;"Mt1O3"
110;"Ds";"Darmstadtium";110;3;7;"Metal";"Actinides";"???";"2,4";2;213;1;2;TRUE;FALSE;FALSE;FALSE;FALSE;FALSE;FALSE;TRUE;FALSE;TRUE;"Ds1O1"
110;"Ds";"Darmstadtium";110;3;7;"Metal";"Actinides";"???";"2,4";2;214;2;4;TRUE;FALSE;FALSE;FALSE;FALSE;FALSE;FALSE;TRUE;FALSE;TRUE;"Ds1O2"
111;"Rg";"Roentgenio";111;3;7;"Metal";"Actinides";"???";"2,3";2;215;1;2;TRUE;FALSE;FALSE;FALSE;FALSE;FALSE;FALSE;TRUE;FALSE;TRUE;"Rg1O1"
111;"Rg";"Roentgenio";111;3;7;"Metal";"Actinides";"???";"2,3";2;216;2;3;TRUE;FALSE;FALSE;FALSE;FALSE;FALSE;FALSE;TRUE;FALSE;TRUE;"Rg2O3"
112;"Cn";"Copernicus";112;3;7;"Metal";"Actinides";"???";"1,2";2;217;1;1;TRUE;FALSE;FALSE;FALSE;FALSE;FALSE;FALSE;TRUE;FALSE;TRUE;"Cn2O1"
112;"Cn";"Copernicus";112;3;7;"Metal";"Actinides";"???";"1,2";2;218;2;2;TRUE;FALSE;FALSE;FALSE;FALSE;FALSE;FALSE;TRUE;FALSE;TRUE;"Cn1O1"
113;"Nh";"Nihonium";113;3;7;"Metal";"Actinides";"???";"3";1;219;1;3;TRUE;FALSE;FALSE;FALSE;FALSE;FALSE;FALSE;TRUE;FALSE;TRUE;"Nh2O3"
114;"Fl";"Flerovio";114;3;7;"Metal";"Actinides";"???";"2,4,6";3;220;1;2;TRUE;FALSE;FALSE;FALSE;FALSE;FALSE;FALSE;TRUE;FALSE;TRUE;"Fl1O1"
114;"Fl";"Flerovio";114;3;7;"Metal";"Actinides";"???";"2,4,6";3;221;2;4;TRUE;FALSE;FALSE;FALSE;FALSE;FALSE;FALSE;TRUE;FALSE;TRUE;"Fl1O2"
114;"Fl";"Flerovio";114;3;7;"Metal";"Actinides";"???";"2,4,6";3;222;3;6;TRUE;FALSE;FALSE;FALSE;FALSE;FALSE;FALSE;TRUE;FALSE;TRUE;"Fl1O3"
115;"Mc";"Moscovio";115;3;7;"Metal";"Actinides";"???";"1,4,5";3;223;1;1;TRUE;FALSE;FALSE;FALSE;FALSE;FALSE;FALSE;TRUE;FALSE;TRUE;"Mc2O1"
115;"Mc";"Moscovio";115;3;7;"Metal";"Actinides";"???";"1,4,5";3;224;2;4;TRUE;FALSE;FALSE;FALSE;FALSE;FALSE;FALSE;TRUE;FALSE;TRUE;"Mc1O2"
115;"Mc";"Moscovio";115;3;7;"Metal";"Actinides";"???";"1,4,5";3;225;3;5;TRUE;FALSE;FALSE;FALSE;FALSE;FALSE;FALSE;TRUE;FALSE;TRUE;"Mc2O5"
116;"Lv";"Livermorio";116;3;7;"Metal";"Actinides";"???";"3,4,5";3;226;1;3;TRUE;FALSE;FALSE;FALSE;FALSE;FALSE;FALSE;TRUE;FALSE;TRUE;"Lv2O3"
116;"Lv";"Livermorio";116;3;7;"Metal";"Actinides";"???";"3,4,5";3;227;2;4;TRUE;FALSE;FALSE;FALSE;FALSE;FALSE;FALSE;TRUE;FALSE;TRUE;"Lv1O2"
116;"Lv";"Livermorio";116;3;7;"Metal";"Actinides";"???";"3,4,5";3;228;3;5;TRUE;FALSE;FALSE;FALSE;FALSE;FALSE;FALSE;TRUE;FALSE;TRUE;"Lv2O5"
117;"Ts";"Tenesino";117;3;7;"Metal";"Actinides";"???";"1,2,3";3;229;1;1;TRUE;FALSE;FALSE;FALSE;FALSE;FALSE;FALSE;TRUE;FALSE;TRUE;"Ts2O1"
117;"Ts";"Tenesino";117;3;7;"Metal";"Actinides";"???";"1,2,3";3;230;2;2;TRUE;FALSE;FALSE;FALSE;FALSE;FALSE;FALSE;TRUE;FALSE;TRUE;"Ts1O1"
117;"Ts";"Tenesino";117;3;7;"Metal";"Actinides";"???";"1,2,3";3;231;3;3;TRUE;FALSE;FALSE;FALSE;FALSE;FALSE;FALSE;TRUE;FALSE;TRUE;"Ts2O3"
118;"Og";"Oganeson";118;3;7;"Metal";"Actinides";"???";"4,7";2;232;1;4;TRUE;FALSE;FALSE;FALSE;FALSE;FALSE;FALSE;TRUE;FALSE;TRUE;"Og1O2"
118;"Og";"Oganeson";118;3;7;"Metal";"Actinides";"???";"4,7";2;233;2;7;TRUE;FALSE;FALSE;FALSE;FALSE;FALSE;FALSE;TRUE;FALSE;TRUE;"Og2O7"
