Order;Symbol;Name;OxydeName_Part01_Classic;OxydeName_Part02_Classic;OxydeName_Part03_Classic;Name_Classic_Oxyde;AtomicNumber;Group;Period;Type;Subtype;State;Valence;AmountOfValences;OrderGeneralValences;OrderValenceOnElement;SelectedValence;RomanValence;OxydeName_Part01_IUPAC;Name_IUPAC_Oxyde
1;H;Hidrógeno;Óxido ;;de Hidrógeno;Óxido de Hidrógeno;1;1;1;No Metal;Otros no metales;Gas;1;1;1;1;1;I;Óxido de ;Óxido de Hidrógeno (I)
2;He;Helio;----;----;----;----;2;18;1;Gas Noble;-;Gas;0;1;2;1;0;----;----;----
3;Li;Litio;Óxido ;;de Litio;Óxido de Litio;3;1;2;Metal;Alcalino;Sólido;1;1;3;1;1;I;Óxido de ;Óxido de Litio (I)
4;Be;Berilio;Óxido ;;de Berilio;Óxido de Berilio;4;2;2;Metal;Tierras alcalinas;Sólido;2;1;4;1;2;II;Óxido de ;Óxido de Berilio (II)
5;B;Boro;Óxido ;;de Boro;Óxido de Boro;5;13;2;Metaloide;-;Sólido;3;1;5;1;3;III;Óxido de ;Óxido de Boro (III)
6;C;Carbón;Óxido ;;Carbonoso;Óxido Carbonoso;6;14;2;No Metal;Otros no metales;Sólido;2,4;2;6;1;2;II;Óxido de ;Óxido de Carbón (II)
7;C;Carbón;Óxido ;;Carbónico;Óxido Carbónico;6;14;2;No Metal;Otros no metales;Sólido;2,4;2;7;2;4;IV;Óxido de ;Óxido de Carbón (IV)
8;N;Nitrógeno;Óxido ;Hipo;Nitrogenoso;Óxido HipoNitrogenoso;7;15;2;No Metal;Otros no metales;Gas;2,3,4,5;4;8;1;2;II;Óxido de ;Óxido de Nitrógeno (II)
9;N;Nitrógeno;Óxido ;;Nitrogenoso;Óxido Nitrogenoso;7;15;2;No Metal;Otros no metales;Gas;2,3,4,5;4;9;2;3;III;Óxido de ;Óxido de Nitrógeno (III)
10;N;Nitrógeno;Óxido ;;Nítrico;Óxido Nítrico;7;15;2;No Metal;Otros no metales;Gas;2,3,4,5;4;10;3;4;IV;Óxido de ;Óxido de Nitrógeno (IV)
11;N;Nitrógeno;Óxido ;Per;Nítrico;Óxido PerNítrico;7;15;2;No Metal;Otros no metales;Gas;2,3,4,5;4;11;4;5;V;Óxido de ;Óxido de Nitrógeno (V)
12;O;Oxígeno;----;----;----;----;8;16;2;No Metal;Otros no metales;Gas;2;1;12;1;2;II;Óxido de ;Óxido de Oxígeno (II)
13;F;Flúor;Óxido ;;de Flúor;Óxido de Flúor;9;17;2;No Metal;Halógenos;Gas;1;1;13;1;1;I;Óxido de ;Óxido de Flúor (I)
14;Ne;Neón;----;----;----;----;10;18;2;Gas Noble;-;Gas;0;1;14;1;0;----;----;----
15;Na;Sodio;Óxido ;;de Sodio;Óxido de Sodio;11;1;3;Metal;Alcalino;Sólido;1;1;15;1;1;I;Óxido de ;Óxido de Sodio (I)
16;Mg;Magnesio;Óxido ;;de Magnesio;Óxido de Magnesio;12;2;3;Metal;Tierras alcalinas;Sólido;2;1;16;1;2;II;Óxido de ;Óxido de Magnesio (II)
17;Al;Aluminio;Óxido ;;de Aluminio;Óxido de Aluminio;13;13;3;Metal;Metales del Bloque p;Sólido;3;1;17;1;3;III;Óxido de ;Óxido de Aluminio (III)
18;Si;Silicio;Óxido ;;de Silicio;Óxido de Silicio;14;14;3;Metaloide;-;Sólido;4;1;18;1;4;IV;Óxido de ;Óxido de Silicio (IV)
19;P;Fósforo;Óxido ;Hipo;Fosforoso;Óxido HipoFosforoso;15;15;3;No Metal;Otros no metales;Sólido;3,4,5;3;19;1;3;III;Óxido de ;Óxido de Fósforo (III)
20;P;Fósforo;Óxido ;;Fosforoso;Óxido Fosforoso;15;15;3;No Metal;Otros no metales;Sólido;3,4,5;3;20;2;4;IV;Óxido de ;Óxido de Fósforo (IV)
21;P;Fósforo;Óxido ;;Fosfórico;Óxido Fosfórico;15;15;3;No Metal;Otros no metales;Sólido;3,4,5;3;21;3;5;V;Óxido de ;Óxido de Fósforo (V)
22;S;Azufre;Óxido ;Hipo;Sulfuroso;Óxido HipoSulfuroso;16;16;3;No Metal;Otros no metales;Sólido;2,4,6;3;22;1;2;II;Óxido de ;Óxido de Azufre (II)
23;S;Azufre;Óxido ;;Sulfuroso;Óxido Sulfuroso;16;16;3;No Metal;Otros no metales;Sólido;2,4,6;3;23;2;4;IV;Óxido de ;Óxido de Azufre (IV)
24;S;Azufre;Óxido ;;Sulfúrico;Óxido Sulfúrico;16;16;3;No Metal;Otros no metales;Sólido;2,4,6;3;24;3;6;VI;Óxido de ;Óxido de Azufre (VI)
25;Cl;Cloro;Óxido ;Hipo;Cloroso;Óxido HipoCloroso;17;17;3;No Metal;Halógenos;Gas;1,3,5,7;4;25;1;1;I;Óxido de ;Óxido de Cloro (I)
26;Cl;Cloro;Óxido ;;Cloroso;Óxido Cloroso;17;17;3;No Metal;Halógenos;Gas;1,3,5,7;4;26;2;3;III;Óxido de ;Óxido de Cloro (III)
27;Cl;Cloro;Óxido ;;Clórico;Óxido Clórico;17;17;3;No Metal;Halógenos;Gas;1,3,5,7;4;27;3;5;V;Óxido de ;Óxido de Cloro (V)
28;Cl;Cloro;Óxido ;Per;Clórico;Óxido PerClórico;17;17;3;No Metal;Halógenos;Gas;1,3,5,7;4;28;4;7;VII;Óxido de ;Óxido de Cloro (VII)
29;Ar;Argón;----;----;----;----;18;18;3;Gas Noble;-;Gas;0;1;29;1;0;----;----;----
30;K;Potasio;Óxido ;;de Potasio;Óxido de Potasio;19;1;4;Metal;Alcalino;Sólido;1;1;30;1;1;I;Óxido de ;Óxido de Potasio (I)
31;Ca;Calcio;Óxido ;;de Calcio;Óxido de Calcio;20;2;4;Metal;Tierras alcalinas;Sólido;2;1;31;1;2;II;Óxido de ;Óxido de Calcio (II)
32;Sc;Escandio;Óxido ;;de Escandio;Óxido de Escandio;21;3;4;Metal;Metales de transición;Sólido;3;1;32;1;3;III;Óxido de ;Óxido de Escandio (III)
33;Ti;Titanio;Óxido ;;Titanoso;Óxido Titanoso;22;4;4;Metal;Metales de transición;Sólido;3,4;2;33;1;3;III;Óxido de ;Óxido de Titanio (III)
34;Ti;Titanio;Óxido ;;Titánico;Óxido Titánico;22;4;4;Metal;Metales de transición;Sólido;3,4;2;34;2;4;IV;Óxido de ;Óxido de Titanio (IV)
35;V;Vanadio;Óxido ;Hipo;Vanadoso;Óxido HipoVanadoso;23;5;4;Metal;Metales de transición;Sólido;2,3,4,5;4;35;1;2;II;Óxido de ;Óxido de Vanadio (II)
36;V;Vanadio;Óxido ;;Vanadoso;Óxido Vanadoso;23;5;4;Metal;Metales de transición;Sólido;2,3,4,5;4;36;2;3;III;Óxido de ;Óxido de Vanadio (III)
37;V;Vanadio;Óxido ;;Vanádico;Óxido Vanádico;23;5;4;Metal;Metales de transición;Sólido;2,3,4,5;4;37;3;4;IV;Óxido de ;Óxido de Vanadio (IV)
38;V;Vanadio;Óxido ;Per;Vanádico;Óxido PerVanádico;23;5;4;Metal;Metales de transición;Sólido;2,3,4,5;4;38;4;5;V;Óxido de ;Óxido de Vanadio (V)
39;Cr;Cromo;Óxido ;Hipo;Cromoso;Óxido HipoCromoso;24;6;4;Metal;Metales de transición;Sólido;2,3,6;3;39;1;2;II;Óxido de ;Óxido de Cromo (II)
40;Cr;Cromo;Óxido ;;Cromoso;Óxido Cromoso;24;6;4;Metal;Metales de transición;Sólido;2,3,6;3;40;2;3;III;Óxido de ;Óxido de Cromo (III)
41;Cr;Cromo;Óxido ;;Crómico;Óxido Crómico;24;6;4;Metal;Metales de transición;Sólido;2,3,6;3;41;3;6;VI;Óxido de ;Óxido de Cromo (VI)
42;Mn;Manganeso;Óxido ;Hipo;Manganoso;Óxido HipoManganoso;25;7;4;Metal;Metales de transición;Sólido;2,3,4,6,7;5;42;1;2;II;Óxido de ;Óxido de Manganeso (II)
43;Mn;Manganeso;Óxido ;;Manganoso;Óxido Manganoso;25;7;4;Metal;Metales de transición;Sólido;2,3,4,6,7;5;43;2;3;III;Óxido de ;Óxido de Manganeso (III)
44;Mn;Manganeso;Óxido ;;Mangánico;Óxido Mangánico;25;7;4;Metal;Metales de transición;Sólido;2,3,4,6,7;5;44;3;4;IV;Óxido de ;Óxido de Manganeso (IV)
45;Mn;Manganeso;Óxido ;Per;Mangánico;Óxido PerMangánico;25;7;4;Metal;Metales de transición;Sólido;2,3,4,6,7;5;45;4;6;VI;Óxido de ;Óxido de Manganeso (VI)
46;Mn;Manganeso;Óxido ;Super;Mangánico;Óxido SuperMangánico;25;7;4;Metal;Metales de transición;Sólido;2,3,4,6,7;5;46;5;7;VII;Óxido de ;Óxido de Manganeso (VII)
47;Fe;Hierro;Óxido ;;Ferroso;Óxido Ferroso;26;8;4;Metal;Metales de transición;Sólido;2,3;2;47;1;2;II;Óxido de ;Óxido de Hierro (II)
48;Fe;Hierro;Óxido ;;Férrico;Óxido Férrico;26;8;4;Metal;Metales de transición;Sólido;2,3;2;48;2;3;III;Óxido de ;Óxido de Hierro (III)
49;Co;Cobalto;Óxido ;;Cobaltoso;Óxido Cobaltoso;27;9;4;Metal;Metales de transición;Sólido;2,3;2;49;1;2;II;Óxido de ;Óxido de Cobalto (II)
50;Co;Cobalto;Óxido ;;Cobáltico;Óxido Cobáltico;27;9;4;Metal;Metales de transición;Sólido;2,3;2;50;2;3;III;Óxido de ;Óxido de Cobalto (III)
51;Ni;Níquel;Óxido ;;Niqueloso;Óxido Niqueloso;28;10;4;Metal;Metales de transición;Sólido;2,3;2;51;1;2;II;Óxido de ;Óxido de Níquel (II)
52;Ni;Níquel;Óxido ;;Niquélico;Óxido Niquélico;28;10;4;Metal;Metales de transición;Sólido;2,3;2;52;2;3;III;Óxido de ;Óxido de Níquel (III)
53;Cu;Cobre;Óxido ;;Cuproso;Óxido Cuproso;29;11;4;Metal;Metales de transición;Sólido;1,2;2;53;1;1;I;Óxido de ;Óxido de Cobre (I)
54;Cu;Cobre;Óxido ;;Cúprico;Óxido Cúprico;29;11;4;Metal;Metales de transición;Sólido;1,2;2;54;2;2;II;Óxido de ;Óxido de Cobre (II)
55;Zn;Zinc;Óxido ;;de Zinc;Óxido de Zinc;30;12;4;Metal;Metales de transición;Sólido;2;1;55;1;2;II;Óxido de ;Óxido de Zinc (II)
56;Ga;Galio;Óxido ;;de Galio;Óxido de Galio;31;13;4;Metal;Metales del Bloque p;Líquido;3;1;56;1;3;III;Óxido de ;Óxido de Galio (III)
57;Ge;Germanio;Óxido ;;de Germanio;Óxido de Germanio;32;14;4;Metaloide;-;Sólido;4;1;57;1;4;IV;Óxido de ;Óxido de Germanio (IV)
58;As;Arsénico;Óxido ;;Arsenoso;Óxido Arsenoso;33;15;4;Metaloide;-;Sólido;3,5;2;58;1;3;III;Óxido de ;Óxido de Arsénico (III)
59;As;Arsénico;Óxido ;;Arsénico;Óxido Arsénico;33;15;4;Metaloide;-;Sólido;3,5;2;59;2;5;V;Óxido de ;Óxido de Arsénico (V)
60;Se;Selenio;Óxido ;;Selenoso;Óxido Selenoso;34;16;4;No Metal;Otros no metales;Sólido;4,6;2;60;1;4;IV;Óxido de ;Óxido de Selenio (IV)
61;Se;Selenio;Óxido ;;Selénico;Óxido Selénico;34;16;4;No Metal;Otros no metales;Sólido;4,6;2;61;2;6;VI;Óxido de ;Óxido de Selenio (VI)
62;Br;Bromo;Óxido ;;Brosomo;Óxido Brosomo;35;17;4;No Metal;Halógenos;Líquido;1,5;2;62;1;1;I;Óxido de ;Óxido de Bromo (I)
63;Br;Bromo;Óxido ;;Brómico;Óxido Brómico;35;17;4;No Metal;Halógenos;Líquido;1,5;2;63;2;5;V;Óxido de ;Óxido de Bromo (V)
64;Kr;Criptón;----;----;----;----;36;18;4;Gas Noble;-;Gas;0;1;64;1;0;----;----;----
65;Rb;Rubidio;Óxido ;;de Rubidio;Óxido de Rubidio;37;1;5;Metal;Alcalino;Sólido;1;1;65;1;1;I;Óxido de ;Óxido de Rubidio (I)
66;Sr;Estroncio;Óxido ;;de Estroncio;Óxido de Estroncio;38;2;5;Metal;Tierras alcalinas;Sólido;2;1;66;1;2;II;Óxido de ;Óxido de Estroncio (II)
67;Y;Yodo;Óxido ;;de Yodo;Óxido de Yodo;39;3;5;Metal;Metales de transición;Sólido;3;1;67;1;3;III;Óxido de ;Óxido de Yodo (III)
68;Zr;Circonio;Óxido ;;de Circonio;Óxido de Circonio;40;4;5;Metal;Metales de transición;Sólido;4;1;68;1;4;IV;Óxido de ;Óxido de Circonio (IV)
69;Nb;Niobio;Óxido ;;Nioboso;Óxido Nioboso;41;5;5;Metal;Metales de transición;Sólido;3,5;2;69;1;3;III;Óxido de ;Óxido de Niobio (III)
70;Nb;Niobio;Óxido ;;Niúbico;Óxido Niúbico;41;5;5;Metal;Metales de transición;Sólido;3,5;2;70;2;5;V;Óxido de ;Óxido de Niobio (V)
71;Mo;Molibdeno;Óxido ;Hipo;Molibdoso;Óxido HipoMolibdoso;42;6;5;Metal;Metales de transición;Sólido;2,3,4,5,6;5;71;1;2;II;Óxido de ;Óxido de Molibdeno (II)
72;Mo;Molibdeno;Óxido ;;Molibdoso;Óxido Molibdoso;42;6;5;Metal;Metales de transición;Sólido;2,3,4,5,6;5;72;2;3;III;Óxido de ;Óxido de Molibdeno (III)
73;Mo;Molibdeno;Óxido ;;Molibdénico;Óxido Molibdénico;42;6;5;Metal;Metales de transición;Sólido;2,3,4,5,6;5;73;3;4;IV;Óxido de ;Óxido de Molibdeno (IV)
74;Mo;Molibdeno;Óxido ;Per;Molibdénico;Óxido PerMolibdénico;42;6;5;Metal;Metales de transición;Sólido;2,3,4,5,6;5;74;4;5;V;Óxido de ;Óxido de Molibdeno (V)
75;Mo;Molibdeno;Óxido ;Super;Molibdénico;Óxido SuperMolibdénico;42;6;5;Metal;Metales de transición;Sólido;2,3,4,5,6;5;75;5;6;VI;Óxido de ;Óxido de Molibdeno (VI)
76;Tc;Tecnecio;Óxido ;;de Tecnecio;Óxido de Tecnecio;43;7;5;Metal;Metales de transición;Sólido;7;1;76;1;7;VII;Óxido de ;Óxido de Tecnecio (VII)
77;Ru;Rutenio;Óxido ;Hipo;Rutenoso;Óxido HipoRutenoso;44;8;5;Metal;Metales de transición;Sólido;2,3,4,6,8;5;77;1;2;II;Óxido de ;Óxido de Rutenio (II)
78;Ru;Rutenio;Óxido ;;Rutenoso;Óxido Rutenoso;44;8;5;Metal;Metales de transición;Sólido;2,3,4,6,8;5;78;2;3;III;Óxido de ;Óxido de Rutenio (III)
79;Ru;Rutenio;Óxido ;;Rutenoso;Óxido Rutenoso;44;8;5;Metal;Metales de transición;Sólido;2,3,4,6,8;5;79;3;4;IV;Óxido de ;Óxido de Rutenio (IV)
80;Ru;Rutenio;Óxido ;Per;Rutenoso;Óxido PerRutenoso;44;8;5;Metal;Metales de transición;Sólido;2,3,4,6,8;5;80;4;6;VI;Óxido de ;Óxido de Rutenio (VI)
81;Ru;Rutenio;Óxido ;Super;Rutenoso;Óxido SuperRutenoso;44;8;5;Metal;Metales de transición;Sólido;2,3,4,6,8;5;81;5;8;VIII;Óxido de ;Óxido de Rutenio (VIII)
82;Rh;Rodio;Óxido ;Hipo;Rodoso;Óxido HipoRodoso;45;9;5;Metal;Metales de transición;Sólido;2,3,4;3;82;1;2;II;Óxido de ;Óxido de Rodio (II)
83;Rh;Rodio;Óxido ;;Rodoso;Óxido Rodoso;45;9;5;Metal;Metales de transición;Sólido;2,3,4;3;83;2;3;III;Óxido de ;Óxido de Rodio (III)
84;Rh;Rodio;Óxido ;;Ródico;Óxido Ródico;45;9;5;Metal;Metales de transición;Sólido;2,3,4;3;84;3;4;IV;Óxido de ;Óxido de Rodio (IV)
85;Pd;Paladio;Óxido ;;Paladoso;Óxido Paladoso;46;10;5;Metal;Metales de transición;Sólido;2,4;2;85;1;2;II;Óxido de ;Óxido de Paladio (II)
86;Pd;Paladio;Óxido ;;Paládico;Óxido Paládico;46;10;5;Metal;Metales de transición;Sólido;2,4;2;86;2;4;IV;Óxido de ;Óxido de Paladio (IV)
87;Ag;Plata;Óxido ;;de Plata;Óxido de Plata;47;11;5;Metal;Metales de transición;Sólido;1;1;87;1;1;I;Óxido de ;Óxido de Plata (I)
88;Cd;Cadmio;Óxido ;;de Cadmio;Óxido de Cadmio;48;12;5;Metal;Metales de transición;Sólido;2;1;88;1;2;II;Óxido de ;Óxido de Cadmio (II)
89;In;Indio;Óxido ;;de Indio;Óxido de Indio;49;13;5;Metal;Metales del Bloque p;Sólido;3;1;89;1;3;III;Óxido de ;Óxido de Indio (III)
90;Sn;Estaño;Óxido ;;Estañoso;Óxido Estañoso;50;14;5;Metal;Metales del Bloque p;Sólido;2,4;2;90;1;2;II;Óxido de ;Óxido de Estaño (II)
91;Sn;Estaño;Óxido ;;Estáñico;Óxido Estáñico;50;14;5;Metal;Metales del Bloque p;Sólido;2,4;2;91;2;4;IV;Óxido de ;Óxido de Estaño (IV)
92;Sb;Antimonio;Óxido ;;Antimonoso;Óxido Antimonoso;51;15;5;Metaloide;-;Sólido;3,5;2;92;1;3;III;Óxido de ;Óxido de Antimonio (III)
93;Sb;Antimonio;Óxido ;;Antimónico;Óxido Antimónico;51;15;5;Metaloide;-;Sólido;3,5;2;93;2;5;V;Óxido de ;Óxido de Antimonio (V)
94;Te;Telurio;Óxido ;Hipo;Teluroso;Óxido HipoTeluroso;52;16;5;Metaloide;-;Sólido;2,4,6;3;94;1;2;II;Óxido de ;Óxido de Telurio (II)
95;Te;Telurio;Óxido ;;Teluroso;Óxido Teluroso;52;16;5;Metaloide;-;Sólido;2,4,6;3;95;2;4;IV;Óxido de ;Óxido de Telurio (IV)
96;Te;Telurio;Óxido ;;Telúrico;Óxido Telúrico;52;16;5;Metaloide;-;Sólido;2,4,6;3;96;3;6;VI;Óxido de ;Óxido de Telurio (VI)
97;I;Yodo;Óxido ;Hipo;Yodoso;Óxido HipoYodoso;53;17;5;No Metal;Halógenos;Sólido;1,5,7;3;97;1;1;I;Óxido de ;Óxido de Yodo (I)
98;I;Yodo;Óxido ;;Yodoso;Óxido Yodoso;53;17;5;No Metal;Halógenos;Sólido;1,5,7;3;98;2;5;V;Óxido de ;Óxido de Yodo (V)
99;I;Yodo;Óxido ;;Yódico;Óxido Yódico;53;17;5;No Metal;Halógenos;Sólido;1,5,7;3;99;3;7;VII;Óxido de ;Óxido de Yodo (VII)
100;Xe;Xenón;----;----;----;----;54;18;5;Gas Noble;-;Gas;0;1;100;1;0;----;----;----
101;Cs;Cesio;Óxido ;;de Cesio;Óxido de Cesio;55;1;6;Metal;Alcalino;Líquido;1;1;101;1;1;I;Óxido de ;Óxido de Cesio (I)
102;Ba;Bario;Óxido ;;de Bario;Óxido de Bario;56;2;6;Metal;Tierras alcalinas;Sólido;2;1;102;1;2;II;Óxido de ;Óxido de Bario (II)
103;La;Lantano;Óxido ;;de Lantano;Óxido de Lantano;57;3;6;Metal;Lantánidos;Sólido;3;1;103;1;3;III;Óxido de ;Óxido de Lantano (III)
104;Ce;Cerio;Óxido ;;Ceroso;Óxido Ceroso;58;3;6;Metal;Lantánidos;Sólido;3,4;2;104;1;3;III;Óxido de ;Óxido de Cerio (III)
105;Ce;Cerio;Óxido ;;Cérico;Óxido Cérico;58;3;6;Metal;Lantánidos;Sólido;3,4;2;105;2;4;IV;Óxido de ;Óxido de Cerio (IV)
106;Pr;Praseodimio;Óxido ;;Praseodimoso;Óxido Praseodimoso;59;3;6;Metal;Lantánidos;Sólido;3,4;2;106;1;3;III;Óxido de ;Óxido de Praseodimio (III)
107;Pr;Praseodimio;Óxido ;;Praseodímico;Óxido Praseodímico;59;3;6;Metal;Lantánidos;Sólido;3,4;2;107;2;4;IV;Óxido de ;Óxido de Praseodimio (IV)
108;Nd;Neodimio;Óxido ;;de Neodimio;Óxido de Neodimio;60;3;6;Metal;Lantánidos;Sólido;3;1;108;1;3;III;Óxido de ;Óxido de Neodimio (III)
109;Pm;Promesa;Óxido ;;de Promesa;Óxido de Promesa;61;3;6;Metal;Lantánidos;Sólido;3;1;109;1;3;III;Óxido de ;Óxido de Promesa (III)
110;Sm;Samario;Óxido ;;Samaroso;Óxido Samaroso;62;3;6;Metal;Lantánidos;Sólido;2,3;2;110;1;2;II;Óxido de ;Óxido de Samario (II)
111;Sm;Samario;Óxido ;;Samárico;Óxido Samárico;62;3;6;Metal;Lantánidos;Sólido;2,3;2;111;2;3;III;Óxido de ;Óxido de Samario (III)
112;Eu;Europio;Óxido ;;Europoso;Óxido Europoso;63;3;6;Metal;Lantánidos;Sólido;2,3;2;112;1;2;II;Óxido de ;Óxido de Europio (II)
113;Eu;Europio;Óxido ;;Európico;Óxido Európico;63;3;6;Metal;Lantánidos;Sólido;2,3;2;113;2;3;III;Óxido de ;Óxido de Europio (III)
114;Gd;Gadolinio;Óxido ;;de Gadolinio;Óxido de Gadolinio;64;3;6;Metal;Lantánidos;Sólido;3;1;114;1;3;III;Óxido de ;Óxido de Gadolinio (III)
115;Tb;Terbio;Óxido ;;Terboso;Óxido Terboso;65;3;6;Metal;Lantánidos;Sólido;3,4;2;115;1;3;III;Óxido de ;Óxido de Terbio (III)
116;Tb;Terbio;Óxido ;;Térbico;Óxido Térbico;65;3;6;Metal;Lantánidos;Sólido;3,4;2;116;2;4;IV;Óxido de ;Óxido de Terbio (IV)
117;Dy;Disprosio;Óxido ;;de Disprosio;Óxido de Disprosio;66;3;6;Metal;Lantánidos;Sólido;3;1;117;1;3;III;Óxido de ;Óxido de Disprosio (III)
118;Ho;Holmio;Óxido ;;de Holmio;Óxido de Holmio;67;3;6;Metal;Lantánidos;Sólido;3;1;118;1;3;III;Óxido de ;Óxido de Holmio (III)
119;Er;Erbio;Óxido ;;de Erbio;Óxido de Erbio;68;3;6;Metal;Lantánidos;Sólido;3;1;119;1;3;III;Óxido de ;Óxido de Erbio (III)
120;Tm;Tulio;Óxido ;;Tuloso;Óxido Tuloso;69;3;6;Metal;Lantánidos;Sólido;3,2;2;120;2;3;III;Óxido de ;Óxido de Tulio (III)
121;Tm;Tulio;Óxido ;;Túlico;Óxido Túlico;69;3;6;Metal;Lantánidos;Sólido;3,2;2;121;1;2;II;Óxido de ;Óxido de Tulio (II)
122;Yb;Iterbio;Óxido ;;Iterboso;Óxido Iterboso;70;3;6;Metal;Lantánidos;Sólido;2,3;2;122;1;2;II;Óxido de ;Óxido de Iterbio (II)
123;Yb;Iterbio;Óxido ;;Itérbico;Óxido Itérbico;70;3;6;Metal;Lantánidos;Sólido;2,3;2;123;2;3;III;Óxido de ;Óxido de Iterbio (III)
124;Lu;Lutecio;Óxido ;;de Lutecio;Óxido de Lutecio;71;3;6;Metal;Lantánidos;Sólido;3;1;124;1;3;III;Óxido de ;Óxido de Lutecio (III)
125;Hf;Hafnio;Óxido ;;de Hafnio;Óxido de Hafnio;72;4;6;Metal;Lantánidos;Sólido;4;1;125;1;4;IV;Óxido de ;Óxido de Hafnio (IV)
126;Ta;Tantalio;Óxido ;;de Tantalio;Óxido de Tantalio;73;5;6;Metal;Lantánidos;Sólido;5;1;126;1;5;V;Óxido de ;Óxido de Tantalio (V)
127;W;Tungsteno;Óxido ;Hipo;Tungstoso;Óxido HipoTungstoso;74;6;6;Metal;Lantánidos;Sólido;2,3,4,5,6;5;127;1;2;II;Óxido de ;Óxido de Tungsteno (II)
128;W;Tungsteno;Óxido ;;Tungstoso;Óxido Tungstoso;74;6;6;Metal;Lantánidos;Sólido;2,3,4,5,6;5;128;2;3;III;Óxido de ;Óxido de Tungsteno (III)
129;W;Tungsteno;Óxido ;;Tungsténico;Óxido Tungsténico;74;6;6;Metal;Lantánidos;Sólido;2,3,4,5,6;5;129;3;4;IV;Óxido de ;Óxido de Tungsteno (IV)
130;W;Tungsteno;Óxido ;Per;Tungsténico;Óxido PerTungsténico;74;6;6;Metal;Lantánidos;Sólido;2,3,4,5,6;5;130;4;5;V;Óxido de ;Óxido de Tungsteno (V)
131;W;Tungsteno;Óxido ;Super;Tungsténico;Óxido SuperTungsténico;74;6;6;Metal;Lantánidos;Sólido;2,3,4,5,6;5;131;5;6;VI;Óxido de ;Óxido de Tungsteno (VI)
132;Re;Renio;Óxido ;Hipo;Renoso;Óxido HipoRenoso;75;7;6;Metal;Lantánidos;Sólido;1,2,4,6,7;5;132;1;1;I;Óxido de ;Óxido de Renio (I)
133;Re;Renio;Óxido ;;Renoso;Óxido Renoso;75;7;6;Metal;Lantánidos;Sólido;1,2,4,6,7;5;133;2;2;II;Óxido de ;Óxido de Renio (II)
134;Re;Renio;Óxido ;;Renico;Óxido Renico;75;7;6;Metal;Lantánidos;Sólido;1,2,4,6,7;5;134;3;4;IV;Óxido de ;Óxido de Renio (IV)
135;Re;Renio;Óxido ;Per;Renico;Óxido PerRenico;75;7;6;Metal;Lantánidos;Sólido;1,2,4,6,7;5;135;4;6;VI;Óxido de ;Óxido de Renio (VI)
136;Re;Renio;Óxido ;Super;Renico;Óxido SuperRenico;75;7;6;Metal;Lantánidos;Sólido;1,2,4,6,7;5;136;5;7;VII;Óxido de ;Óxido de Renio (VII)
137;Os;Osmio;Óxido ;Hipo;Osmoso;Óxido HipoOsmoso;76;8;6;Metal;Lantánidos;Sólido;2,3,4,6,8;5;137;1;2;II;Óxido de ;Óxido de Osmio (II)
138;Os;Osmio;Óxido ;;Osmoso;Óxido Osmoso;76;8;6;Metal;Lantánidos;Sólido;2,3,4,6,8;5;138;2;3;III;Óxido de ;Óxido de Osmio (III)
139;Os;Osmio;Óxido ;;Ósmico;Óxido Ósmico;76;8;6;Metal;Lantánidos;Sólido;2,3,4,6,8;5;139;3;4;IV;Óxido de ;Óxido de Osmio (IV)
140;Os;Osmio;Óxido ;Per;Ósmico;Óxido PerÓsmico;76;8;6;Metal;Lantánidos;Sólido;2,3,4,6,8;5;140;4;6;VI;Óxido de ;Óxido de Osmio (VI)
141;Os;Osmio;Óxido ;Super;Ósmico;Óxido SuperÓsmico;76;8;6;Metal;Lantánidos;Sólido;2,3,4,6,8;5;141;5;8;VIII;Óxido de ;Óxido de Osmio (VIII)
142;Ir;Iridio;Óxido ;Hipo;Iridoso;Óxido HipoIridoso;77;9;6;Metal;Lantánidos;Sólido;2,3,4,6;4;142;1;2;II;Óxido de ;Óxido de Iridio (II)
143;Ir;Iridio;Óxido ;;Iridoso;Óxido Iridoso;77;9;6;Metal;Lantánidos;Sólido;2,3,4,6;4;143;2;3;III;Óxido de ;Óxido de Iridio (III)
144;Ir;Iridio;Óxido ;;Irídico;Óxido Irídico;77;9;6;Metal;Lantánidos;Sólido;2,3,4,6;4;144;3;4;IV;Óxido de ;Óxido de Iridio (IV)
145;Ir;Iridio;Óxido ;Per;Irídico;Óxido PerIrídico;77;9;6;Metal;Lantánidos;Sólido;2,3,4,6;4;145;4;6;VI;Óxido de ;Óxido de Iridio (VI)
146;Pt;Platino;Óxido ;;Platinoso;Óxido Platinoso;78;10;6;Metal;Lantánidos;Sólido;2,4;2;146;1;2;II;Óxido de ;Óxido de Platino (II)
147;Pt;Platino;Óxido ;;Platínico;Óxido Platínico;78;10;6;Metal;Lantánidos;Sólido;2,4;2;147;2;4;IV;Óxido de ;Óxido de Platino (IV)
148;Au;Oro;Óxido ;;Auroso;Óxido Auroso;79;11;6;Metal;Lantánidos;Sólido;1,3;2;148;1;1;I;Óxido de ;Óxido de Oro (I)
149;Au;Oro;Óxido ;;Áurico;Óxido Áurico;79;11;6;Metal;Lantánidos;Sólido;1,3;2;149;2;3;III;Óxido de ;Óxido de Oro (III)
150;Hg;Mercurio;Óxido ;;Mercuroso;Óxido Mercuroso;80;12;6;Metal;Lantánidos;Líquido;1,2;2;150;1;1;I;Óxido de ;Óxido de Mercurio (I)
151;Hg;Mercurio;Óxido ;;Mercúrico;Óxido Mercúrico;80;12;6;Metal;Lantánidos;Líquido;1,2;2;151;2;2;II;Óxido de ;Óxido de Mercurio (II)
152;Tl;Talio;Óxido ;;Taloso;Óxido Taloso;81;13;6;Metal;Lantánidos;Sólido;1,3;2;152;1;1;I;Óxido de ;Óxido de Talio (I)
153;Tl;Talio;Óxido ;;Tálico;Óxido Tálico;81;13;6;Metal;Lantánidos;Sólido;1,3;2;153;2;3;III;Óxido de ;Óxido de Talio (III)
154;Pb;Plomo;Óxido ;;Plomboso;Óxido Plomboso;82;14;6;Metal;Lantánidos;Sólido;2,4;2;154;1;2;II;Óxido de ;Óxido de Plomo (II)
155;Pb;Plomo;Óxido ;;Plúmbico;Óxido Plúmbico;82;14;6;Metal;Lantánidos;Sólido;2,4;2;155;2;4;IV;Óxido de ;Óxido de Plomo (IV)
156;Bi;Bismuto;Óxido ;;Bismutoso;Óxido Bismutoso;83;15;6;Metal;Lantánidos;Sólido;3,5;2;156;1;3;III;Óxido de ;Óxido de Bismuto (III)
157;Bi;Bismuto;Óxido ;;Bismútico;Óxido Bismútico;83;15;6;Metal;Lantánidos;Sólido;3,5;2;157;2;5;V;Óxido de ;Óxido de Bismuto (V)
158;Po;Polonio;Óxido ;;Polonoso;Óxido Polonoso;84;16;6;Metaloide;-;Sólido;2,4;2;158;1;2;II;Óxido de ;Óxido de Polonio (II)
159;Po;Polonio;Óxido ;;Polónico;Óxido Polónico;84;16;6;Metaloide;-;Sólido;2,4;2;159;2;4;IV;Óxido de ;Óxido de Polonio (IV)
160;At;Aestado;Óxido ;Hipo;Aestoso;Óxido HipoAestoso;85;17;6;No Metal;Halógenos;Sólido;1,3,5,7;4;160;1;1;I;Óxido de ;Óxido de Aestado (I)
161;At;Aestado;Óxido ;;Aestoso;Óxido Aestoso;85;17;6;No Metal;Halógenos;Sólido;1,3,5,7;4;161;2;3;III;Óxido de ;Óxido de Aestado (III)
162;At;Aestado;Óxido ;;Aestédico;Óxido Aestédico;85;17;6;No Metal;Halógenos;Sólido;1,3,5,7;4;162;3;5;V;Óxido de ;Óxido de Aestado (V)
163;At;Aestado;Óxido ;Per;Aestédico;Óxido PerAestédico;85;17;6;No Metal;Halógenos;Sólido;1,3,5,7;4;163;4;7;VII;Óxido de ;Óxido de Aestado (VII)
164;Rn;Radón;----;----;----;----;86;18;6;Gas Noble;-;Gas;0;1;164;1;0;----;----;----
165;Fr;Francisco;Óxido ;;de Francisco;Óxido de Francisco;87;1;7;Metal;Alcalino;Líquido;1;1;165;1;1;I;Óxido de ;Óxido de Francisco (I)
166;Ra;Radio;Óxido ;;de Radio;Óxido de Radio;88;2;7;Metal;Tierras alcalinas;Sólido;2;1;166;1;2;II;Óxido de ;Óxido de Radio (II)
167;Ac;Actinio;Óxido ;;de Actinio;Óxido de Actinio;89;3;7;Metal;Actínidos;Sólido;3;1;167;1;3;III;Óxido de ;Óxido de Actinio (III)
168;Th;Torio;Óxido ;;de Torio;Óxido de Torio;90;3;7;Metal;Actínidos;Sólido;4;1;168;1;4;IV;Óxido de ;Óxido de Torio (IV)
169;Pa;Protactinio;Óxido ;;Protactinoso;Óxido Protactinoso;91;3;7;Metal;Actínidos;Sólido;4,5;2;169;1;4;IV;Óxido de ;Óxido de Protactinio (IV)
170;Pa;Protactinio;Óxido ;;Protactínico;Óxido Protactínico;91;3;7;Metal;Actínidos;Sólido;4,5;2;170;2;5;V;Óxido de ;Óxido de Protactinio (V)
171;U;Uranio;Óxido ;Hipo;Uranoso;Óxido HipoUranoso;92;3;7;Metal;Actínidos;Sólido;3,4,5,6;4;171;1;3;III;Óxido de ;Óxido de Uranio (III)
172;U;Uranio;Óxido ;;Uranoso;Óxido Uranoso;92;3;7;Metal;Actínidos;Sólido;3,4,5,6;4;172;2;4;IV;Óxido de ;Óxido de Uranio (IV)
173;U;Uranio;Óxido ;;Uránico;Óxido Uránico;92;3;7;Metal;Actínidos;Sólido;3,4,5,6;4;173;3;5;V;Óxido de ;Óxido de Uranio (V)
174;U;Uranio;Óxido ;Per;Uránico;Óxido PerUránico;92;3;7;Metal;Actínidos;Sólido;3,4,5,6;4;174;4;6;VI;Óxido de ;Óxido de Uranio (VI)
175;Np;Neptunio;Óxido ;Hipo;Neptunoso;Óxido HipoNeptunoso;93;3;7;Metal;Actínidos;???;3,4,5,6;4;175;1;3;III;Óxido de ;Óxido de Neptunio (III)
176;Np;Neptunio;Óxido ;;Neptunoso;Óxido Neptunoso;93;3;7;Metal;Actínidos;???;3,4,5,6;4;176;2;4;IV;Óxido de ;Óxido de Neptunio (IV)
177;Np;Neptunio;Óxido ;;Neptúnico;Óxido Neptúnico;93;3;7;Metal;Actínidos;???;3,4,5,6;4;177;3;5;V;Óxido de ;Óxido de Neptunio (V)
178;Np;Neptunio;Óxido ;Per;Neptúnico;Óxido PerNeptúnico;93;3;7;Metal;Actínidos;???;3,4,5,6;4;178;4;6;VI;Óxido de ;Óxido de Neptunio (VI)
179;Pu;Plutonio;Óxido ;Hipo;Plutonoso;Óxido HipoPlutonoso;94;3;7;Metal;Actínidos;???;3,4,5,6;4;179;1;3;III;Óxido de ;Óxido de Plutonio (III)
180;Pu;Plutonio;Óxido ;;Plutonoso;Óxido Plutonoso;94;3;7;Metal;Actínidos;???;3,4,5,6;4;180;2;4;IV;Óxido de ;Óxido de Plutonio (IV)
181;Pu;Plutonio;Óxido ;;Plutónico;Óxido Plutónico;94;3;7;Metal;Actínidos;???;3,4,5,6;4;181;3;5;V;Óxido de ;Óxido de Plutonio (V)
182;Pu;Plutonio;Óxido ;Per;Plutónico;Óxido PerPlutónico;94;3;7;Metal;Actínidos;???;3,4,5,6;4;182;4;6;VI;Óxido de ;Óxido de Plutonio (VI)
183;Am;Americio;Óxido ;Hipo;Americoso;Óxido HipoAmericoso;95;3;7;Metal;Actínidos;???;3,4,5,6;4;183;1;3;III;Óxido de ;Óxido de Americio (III)
184;Am;Americio;Óxido ;;Americoso;Óxido Americoso;95;3;7;Metal;Actínidos;???;3,4,5,6;4;184;2;4;IV;Óxido de ;Óxido de Americio (IV)
185;Am;Americio;Óxido ;;Américo;Óxido Américo;95;3;7;Metal;Actínidos;???;3,4,5,6;4;185;3;5;V;Óxido de ;Óxido de Americio (V)
186;Am;Americio;Óxido ;Per;Américo;Óxido PerAmérico;95;3;7;Metal;Actínidos;???;3,4,5,6;4;186;4;6;VI;Óxido de ;Óxido de Americio (VI)
187;Cm;Curio;Óxido ;;de Curio;Óxido de Curio;96;3;7;Metal;Actínidos;???;3;1;187;1;3;III;Óxido de ;Óxido de Curio (III)
188;Bk;Berkelio;Óxido ;;Berkeloso;Óxido Berkeloso;97;3;7;Metal;Actínidos;???;3,4;2;188;1;3;III;Óxido de ;Óxido de Berkelio (III)
189;Bk;Berkelio;Óxido ;;Berkélico;Óxido Berkélico;97;3;7;Metal;Actínidos;???;3,4;2;189;2;4;IV;Óxido de ;Óxido de Berkelio (IV)
190;Cf;Californio;Óxido ;;de Californio;Óxido de Californio;98;3;7;Metal;Actínidos;???;3;1;190;1;3;III;Óxido de ;Óxido de Californio (III)
191;Es;Einstenio;Óxido ;;de Einstenio;Óxido de Einstenio;99;3;7;Metal;Actínidos;???;4;1;191;1;4;IV;Óxido de ;Óxido de Einstenio (IV)
192;Fm;Fermio;Óxido ;;de Fermio;Óxido de Fermio;100;3;7;Metal;Actínidos;???;4;1;192;1;4;IV;Óxido de ;Óxido de Fermio (IV)
193;Md;Mendelevio;Óxido ;;Mendelevoso;Óxido Mendelevoso;101;3;7;Metal;Actínidos;???;3,4;2;193;1;3;III;Óxido de ;Óxido de Mendelevio (III)
194;Md;Mendelevio;Óxido ;;Mendelévico;Óxido Mendelévico;101;3;7;Metal;Actínidos;???;3,4;2;194;2;4;IV;Óxido de ;Óxido de Mendelevio (IV)
195;No;Nobel;Óxido ;;Nobeloso;Óxido Nobeloso;102;3;7;Metal;Actínidos;???;3,4;2;195;1;3;III;Óxido de ;Óxido de Nobel (III)
196;No;Nobel;Óxido ;;Nobélico;Óxido Nobélico;102;3;7;Metal;Actínidos;???;3,4;2;196;2;4;IV;Óxido de ;Óxido de Nobel (IV)
197;Lr;Laurencio;Óxido ;;Lauroso;Óxido Lauroso;103;3;7;Metal;Actínidos;???;3,4;2;197;1;3;III;Óxido de ;Óxido de Laurencio (III)
198;Lr;Laurencio;Óxido ;;Láurico;Óxido Láurico;103;3;7;Metal;Actínidos;???;3,4;2;198;2;4;IV;Óxido de ;Óxido de Laurencio (IV)
199;Rf;Rutherfordio;Óxido ;;de Rutherfordio;Óxido de Rutherfordio;104;3;7;Metal;Actínidos;???;4;1;199;1;4;IV;Óxido de ;Óxido de Rutherfordio (IV)
200;Db;Dubnio;Óxido ;;de Dubnio;Óxido de Dubnio;105;3;7;Metal;Actínidos;???;4;1;200;1;4;IV;Óxido de ;Óxido de Dubnio (IV)
201;Sg;Seaborgio;Óxido ;;de Seaborgio;Óxido de Seaborgio;106;3;7;Metal;Actínidos;???;4;1;201;1;4;IV;Óxido de ;Óxido de Seaborgio (IV)
202;Bh;Bohrio;Óxido ;Hipo;Bohroso;Óxido HipoBohroso;107;3;7;Metal;Actínidos;???;3,4,5;3;202;1;3;III;Óxido de ;Óxido de Bohrio (III)
203;Bh;Bohrio;Óxido ;;Bohroso;Óxido Bohroso;107;3;7;Metal;Actínidos;???;3,4,5;3;203;2;4;IV;Óxido de ;Óxido de Bohrio (IV)
204;Bh;Bohrio;Óxido ;;Bohrioico;Óxido Bohrioico;107;3;7;Metal;Actínidos;???;3,4,5;3;204;3;5;V;Óxido de ;Óxido de Bohrio (V)
205;Hs;Hassio;Óxido ;Hipo;Hassoso;Óxido HipoHassoso;108;3;7;Metal;Actínidos;???;2,4,6,7;4;205;1;2;II;Óxido de ;Óxido de Hassio (II)
206;Hs;Hassio;Óxido ;;Hassoso;Óxido Hassoso;108;3;7;Metal;Actínidos;???;2,4,6,7;4;206;2;4;IV;Óxido de ;Óxido de Hassio (IV)
207;Hs;Hassio;Óxido ;;Hassico;Óxido Hassico;108;3;7;Metal;Actínidos;???;2,4,6,7;4;207;3;6;VI;Óxido de ;Óxido de Hassio (VI)
208;Hs;Hassio;Óxido ;Per;Hassico;Óxido PerHassico;108;3;7;Metal;Actínidos;???;2,4,6,7;4;208;4;7;VII;Óxido de ;Óxido de Hassio (VII)
209;Mt;Meitnerio;Óxido ;Hipo;Meitneroso;Óxido HipoMeitneroso;109;3;7;Metal;Actínidos;???;2,3,4,6;4;209;1;2;II;Óxido de ;Óxido de Meitnerio (II)
210;Mt;Meitnerio;Óxido ;;Meitneroso;Óxido Meitneroso;109;3;7;Metal;Actínidos;???;2,3,4,6;4;210;2;3;III;Óxido de ;Óxido de Meitnerio (III)
211;Mt;Meitnerio;Óxido ;;Meitnérico;Óxido Meitnérico;109;3;7;Metal;Actínidos;???;2,3,4,6;4;211;3;4;IV;Óxido de ;Óxido de Meitnerio (IV)
212;Mt;Meitnerio;Óxido ;Per;Meitnérico;Óxido PerMeitnérico;109;3;7;Metal;Actínidos;???;2,3,4,6;4;212;4;6;VI;Óxido de ;Óxido de Meitnerio (VI)
213;Ds;Darmstadtio;Óxido ;;Darmstadtoso;Óxido Darmstadtoso;110;3;7;Metal;Actínidos;???;2,4;2;213;1;2;II;Óxido de ;Óxido de Darmstadtio (II)
214;Ds;Darmstadtio;Óxido ;;Darmstadtico;Óxido Darmstadtico;110;3;7;Metal;Actínidos;???;2,4;2;214;2;4;IV;Óxido de ;Óxido de Darmstadtio (IV)
215;Rg;Roentgenio;Óxido ;;Roentgenoso;Óxido Roentgenoso;111;3;7;Metal;Actínidos;???;2,3;2;215;1;2;II;Óxido de ;Óxido de Roentgenio (II)
216;Rg;Roentgenio;Óxido ;;Roentgénico;Óxido Roentgénico;111;3;7;Metal;Actínidos;???;2,3;2;216;2;3;III;Óxido de ;Óxido de Roentgenio (III)
217;Cn;Copérnico;Óxido ;;Copernicoso;Óxido Copernicoso;112;3;7;Metal;Actínidos;???;1,2;2;217;1;1;I;Óxido de ;Óxido de Copérnico (I)
218;Cn;Copérnico;Óxido ;;Copérnico;Óxido Copérnico;112;3;7;Metal;Actínidos;???;1,2;2;218;2;2;II;Óxido de ;Óxido de Copérnico (II)
219;Nh;Nihonio;Óxido ;;de Nihonio;Óxido de Nihonio;113;3;7;Metal;Actínidos;???;3;1;219;1;3;III;Óxido de ;Óxido de Nihonio (III)
220;Fl;Flerovio;Óxido ;Hipo;Flerovoso;Óxido HipoFlerovoso;114;3;7;Metal;Actínidos;???;2,4,6;3;220;1;2;II;Óxido de ;Óxido de Flerovio (II)
221;Fl;Flerovio;Óxido ;;Flerovoso;Óxido Flerovoso;114;3;7;Metal;Actínidos;???;2,4,6;3;221;2;4;IV;Óxido de ;Óxido de Flerovio (IV)
222;Fl;Flerovio;Óxido ;;Fleróvico;Óxido Fleróvico;114;3;7;Metal;Actínidos;???;2,4,6;3;222;3;6;VI;Óxido de ;Óxido de Flerovio (VI)
223;Mc;Moscovio;Óxido ;Hipo;Moscovioso;Óxido HipoMoscovioso;115;3;7;Metal;Actínidos;???;1,4,5;3;223;1;1;I;Óxido de ;Óxido de Moscovio (I)
224;Mc;Moscovio;Óxido ;;Moscovioso;Óxido Moscovioso;115;3;7;Metal;Actínidos;???;1,4,5;3;224;2;4;IV;Óxido de ;Óxido de Moscovio (IV)
225;Mc;Moscovio;Óxido ;;Moscóvico;Óxido Moscóvico;115;3;7;Metal;Actínidos;???;1,4,5;3;225;3;5;V;Óxido de ;Óxido de Moscovio (V)
226;Lv;Livermorio;Óxido ;Hipo;Livermoroso;Óxido HipoLivermoroso;116;3;7;Metal;Actínidos;???;3,4,5;3;226;1;3;III;Óxido de ;Óxido de Livermorio (III)
227;Lv;Livermorio;Óxido ;;Livermoroso;Óxido Livermoroso;116;3;7;Metal;Actínidos;???;3,4,5;3;227;2;4;IV;Óxido de ;Óxido de Livermorio (IV)
228;Lv;Livermorio;Óxido ;;Livermórico;Óxido Livermórico;116;3;7;Metal;Actínidos;???;3,4,5;3;228;3;5;V;Óxido de ;Óxido de Livermorio (V)
229;Ts;Tenesino;Óxido ;Hipo;Tenesoso;Óxido HipoTenesoso;117;3;7;Metal;Actínidos;???;1,2,3;3;229;1;1;I;Óxido de ;Óxido de Tenesino (I)
230;Ts;Tenesino;Óxido ;;Tenesoso;Óxido Tenesoso;117;3;7;Metal;Actínidos;???;1,2,3;3;230;2;2;II;Óxido de ;Óxido de Tenesino (II)
231;Ts;Tenesino;Óxido ;;Tenésico;Óxido Tenésico;117;3;7;Metal;Actínidos;???;1,2,3;3;231;3;3;III;Óxido de ;Óxido de Tenesino (III)
232;Og;Oganesón;----;----;----;;118;3;7;Gas Noble;-;Gas;0;1;232;1;0;----;----;----
